"ID_REGISTRO","MUERTE_FETAL_BINARIA","eg_analitica","controles_observados","controles_esperados","adherencia_pct","categoria_adherencia"
37,0,40,9,8,112.5,"Buena"
50,0,39.2,9,8,112.5,"Buena"
58,0,40.6,10,8,125,"Buena"
67,0,39,10,8,125,"Buena"
73,0,39.4,10,8,125,"Buena"
95,0,35.6,8,6,133.333333333333,"Buena"
96,0,40,9,8,112.5,"Buena"
109,0,42,9,8,112.5,"Buena"
110,0,39.2,9,8,112.5,"Buena"
111,0,38.3,9,8,112.5,"Buena"
115,0,39.5,9,8,112.5,"Buena"
120,0,38.6,10,8,125,"Buena"
133,0,36.3,10,8,125,"Buena"
135,0,39.5,9,8,112.5,"Buena"
145,0,40.4,9,8,112.5,"Buena"
160,0,40.4,9,8,112.5,"Buena"
165,0,41,11,8,137.5,"Buena"
166,0,39.2,10,8,125,"Buena"
177,1,35.3,8,6,133.333333333333,"Buena"
188,0,37.4,9,8,112.5,"Buena"
200,0,40.5,9,8,112.5,"Buena"
203,0,39.3,9,8,112.5,"Buena"
216,0,39.5,9,8,112.5,"Buena"
221,0,38.3,9,8,112.5,"Buena"
226,0,38.3,9,8,112.5,"Buena"
230,0,37.2,9,8,112.5,"Buena"
231,0,39.2,9,8,112.5,"Buena"
237,1,38,10,8,125,"Buena"
240,0,41.1,9,8,112.5,"Buena"
242,0,37.1,10,8,125,"Buena"
253,0,39.3,11,8,137.5,"Buena"
257,0,41.4,10,8,125,"Buena"
282,0,39.6,11,8,137.5,"Buena"
290,0,40.4,11,8,137.5,"Buena"
301,0,38.2,9,8,112.5,"Buena"
302,0,39.1,10,8,125,"Buena"
306,0,40.5,9,8,112.5,"Buena"
314,0,41.2,10,8,125,"Buena"
315,0,39.4,10,8,125,"Buena"
316,0,39.5,11,8,137.5,"Buena"
319,0,39.6,10,8,125,"Buena"
330,0,37.4,10,8,125,"Buena"
343,0,40.2,11,8,137.5,"Buena"
360,0,40.2,10,8,125,"Buena"
363,0,39.3,9,8,112.5,"Buena"
376,0,37,9,8,112.5,"Buena"
378,0,38.6,11,8,137.5,"Buena"
392,0,39,10,8,125,"Buena"
393,0,35.5,8,6,133.333333333333,"Buena"
395,0,41,9,8,112.5,"Buena"
398,0,40.5,10,8,125,"Buena"
416,0,39.3,11,8,137.5,"Buena"
421,0,39,11,8,137.5,"Buena"
423,0,37.2,10,8,125,"Buena"
428,0,40.5,10,8,125,"Buena"
431,0,36.1,10,8,125,"Buena"
443,0,40,9,8,112.5,"Buena"
448,0,40,9,8,112.5,"Buena"
463,0,40.1,11,8,137.5,"Buena"
468,0,39,9,8,112.5,"Buena"
473,0,39.3,9,8,112.5,"Buena"
476,0,41.1,11,8,137.5,"Buena"
485,0,38.1,9,8,112.5,"Buena"
486,0,34,7,6,116.666666666667,"Buena"
491,0,36.5,10,8,125,"Buena"
503,0,40.5,10,8,125,"Buena"
508,0,39.4,11,8,137.5,"Buena"
511,0,39.2,10,8,125,"Buena"
513,0,40,11,8,137.5,"Buena"
519,0,38.6,9,8,112.5,"Buena"
530,0,35.6,7,6,116.666666666667,"Buena"
540,0,40.5,10,8,125,"Buena"
547,0,38.5,9,8,112.5,"Buena"
556,0,39.4,10,8,125,"Buena"
558,0,39,9,8,112.5,"Buena"
567,0,38,9,8,112.5,"Buena"
576,0,39.4,9,8,112.5,"Buena"
592,0,40,9,8,112.5,"Buena"
598,1,24,4,3,133.333333333333,"Buena"
602,0,40,10,8,125,"Buena"
613,0,39,9,8,112.5,"Buena"
614,0,39,9,8,112.5,"Buena"
654,0,41,11,8,137.5,"Buena"
656,0,35,8,6,133.333333333333,"Buena"
661,0,41,9,8,112.5,"Buena"
666,0,41,10,8,125,"Buena"
682,0,37,10,8,125,"Buena"
683,0,40,9,8,112.5,"Buena"
684,0,39,9,8,112.5,"Buena"
687,0,41,9,8,112.5,"Buena"
694,0,39,9,8,112.5,"Buena"
704,0,39,11,8,137.5,"Buena"
708,0,39,9,8,112.5,"Buena"
716,0,40,10,8,125,"Buena"
717,0,40,9,8,112.5,"Buena"
718,0,38,10,8,125,"Buena"
721,0,38,9,8,112.5,"Buena"
725,0,39,10,8,125,"Buena"
730,0,41,9,8,112.5,"Buena"
733,0,40,9,8,112.5,"Buena"
739,0,39,9,8,112.5,"Buena"
741,0,40,10,8,125,"Buena"
751,1,23,5,3,166.666666666667,"Buena"
761,0,37,9,8,112.5,"Buena"
762,0,27,4,3,133.333333333333,"Buena"
765,0,38,11,8,137.5,"Buena"
767,0,40,9,8,112.5,"Buena"
775,0,41,9,8,112.5,"Buena"
781,0,40.6,9,8,112.5,"Buena"
790,0,40,9,8,112.5,"Buena"
792,0,38,9,8,112.5,"Buena"
795,0,40,9,8,112.5,"Buena"
796,0,39,10,8,125,"Buena"
802,0,40.6,10,8,125,"Buena"
810,0,38.8,11,8,137.5,"Buena"
811,0,37.2,9,8,112.5,"Buena"
814,0,37.3,11,8,137.5,"Buena"
830,0,39.1,9,8,112.5,"Buena"
832,0,40.3,11,8,137.5,"Buena"
836,0,41.1,10,8,125,"Buena"
841,0,39.4,9,8,112.5,"Buena"
845,0,40.2,11,8,137.5,"Buena"
857,0,40.5,9,8,112.5,"Buena"
859,0,25.5,4,3,133.333333333333,"Buena"
860,0,37.4,9,8,112.5,"Buena"
861,0,40.1,9,8,112.5,"Buena"
863,0,34,7,6,116.666666666667,"Buena"
874,0,37.2,9,8,112.5,"Buena"
879,0,41.3,10,8,125,"Buena"
880,0,38.3,10,8,125,"Buena"
882,0,35.4,10,6,166.666666666667,"Buena"
884,0,35,8,6,133.333333333333,"Buena"
885,0,38,11,8,137.5,"Buena"
886,0,39,9,8,112.5,"Buena"
890,0,36,9,8,112.5,"Buena"
891,0,38,9,8,112.5,"Buena"
892,0,39,9,8,112.5,"Buena"
894,0,39,10,8,125,"Buena"
895,0,40,9,8,112.5,"Buena"
903,0,39,9,8,112.5,"Buena"
906,0,41,10,8,125,"Buena"
909,0,40,11,8,137.5,"Buena"
911,0,39,11,8,137.5,"Buena"
912,0,40,10,8,125,"Buena"
919,0,39,9,8,112.5,"Buena"
928,0,40,9,8,112.5,"Buena"
936,0,38,11,8,137.5,"Buena"
939,0,39,10,8,125,"Buena"
945,0,40,9,8,112.5,"Buena"
947,0,31,8,6,133.333333333333,"Buena"
950,0,40,11,8,137.5,"Buena"
953,0,39,9,8,112.5,"Buena"
977,0,39,10,8,125,"Buena"
978,0,38.5,9,8,112.5,"Buena"
981,0,40,9,8,112.5,"Buena"
986,0,41,10,8,125,"Buena"
996,0,38,9,8,112.5,"Buena"
1004,0,39.4,9,8,112.5,"Buena"
1010,0,40,10,8,125,"Buena"
1014,0,39,10,8,125,"Buena"
1021,0,41.2,9,8,112.5,"Buena"
1023,0,41,9,8,112.5,"Buena"
1031,0,39,10,8,125,"Buena"
1034,0,39.5,9,8,112.5,"Buena"
1035,0,39.6,10,8,125,"Buena"
1042,0,40,11,8,137.5,"Buena"
1043,0,40,9,8,112.5,"Buena"
1045,0,40,10,8,125,"Buena"
1047,0,34.6,8,6,133.333333333333,"Buena"
1049,0,39,9,8,112.5,"Buena"
1054,0,40.6,10,8,125,"Buena"
1055,0,38,9,8,112.5,"Buena"
1064,0,39,10,8,125,"Buena"
1067,0,38,10,8,125,"Buena"
1072,0,39,9,8,112.5,"Buena"
1074,0,40,11,8,137.5,"Buena"
1106,0,40.4,10,8,125,"Buena"
1110,0,41,11,8,137.5,"Buena"
1111,0,40.2,10,8,125,"Buena"
1119,0,39.2,11,8,137.5,"Buena"
1125,0,40.1,10,8,125,"Buena"
1132,0,37.4,11,8,137.5,"Buena"
1133,0,41.5,10,8,125,"Buena"
1147,0,40.6,11,8,137.5,"Buena"
1156,0,39.6,10,8,125,"Buena"
1161,0,41.1,9,8,112.5,"Buena"
1167,0,41,11,8,137.5,"Buena"
1173,0,40.1,11,8,137.5,"Buena"
1183,0,37,12,8,150,"Buena"
1184,0,38.6,11,8,137.5,"Buena"
1185,0,40.4,9,8,112.5,"Buena"
1186,0,41.2,10,8,125,"Buena"
1190,0,34.6,10,6,166.666666666667,"Buena"
1193,0,39.1,9,8,112.5,"Buena"
1202,0,40.3,10,8,125,"Buena"
1209,0,25.3,6,3,200,"Buena"
1217,0,40.1,11,8,137.5,"Buena"
1221,0,39.6,9,8,112.5,"Buena"
1225,0,38.5,9,8,112.5,"Buena"
1228,0,41,9,8,112.5,"Buena"
1232,0,41.6,9,8,112.5,"Buena"
1238,0,41.2,9,8,112.5,"Buena"
1240,0,40,10,8,125,"Buena"
1243,0,40,11,8,137.5,"Buena"
1272,0,37,9,8,112.5,"Buena"
1279,0,39,9,8,112.5,"Buena"
1283,0,40,9,8,112.5,"Buena"
1286,0,40.5,10,8,125,"Buena"
1287,0,34,7,6,116.666666666667,"Buena"
1300,0,40,9,8,112.5,"Buena"
1317,0,40.1,9,8,112.5,"Buena"
1322,0,35.5,9,6,150,"Buena"
1334,0,39.5,10,8,125,"Buena"
1335,0,42,10,8,125,"Buena"
1347,0,37.3,9,8,112.5,"Buena"
1351,0,39.4,9,8,112.5,"Buena"
1357,0,40.4,10,8,125,"Buena"
1361,1,35.6,7,6,116.666666666667,"Buena"
1367,0,38.3,10,8,125,"Buena"
1368,0,37.1,9,8,112.5,"Buena"
1372,0,39.3,11,8,137.5,"Buena"
1374,0,40,10,8,125,"Buena"
1378,0,39,10,8,125,"Buena"
1390,0,41,9,8,112.5,"Buena"
1392,0,41.3,9,8,112.5,"Buena"
1399,0,39,10,8,125,"Buena"
1406,0,39,10,8,125,"Buena"
1408,0,41,9,8,112.5,"Buena"
1409,0,39,11,8,137.5,"Buena"
1413,0,39.4,9,8,112.5,"Buena"
1416,0,38.3,9,8,112.5,"Buena"
1417,0,41.3,10,8,125,"Buena"
1430,0,40.3,9,8,112.5,"Buena"
1433,0,39.3,9,8,112.5,"Buena"
1446,0,39.5,10,8,125,"Buena"
1449,0,37.5,11,8,137.5,"Buena"
1453,0,38.3,9,8,112.5,"Buena"
1483,0,37.6,11,8,137.5,"Buena"
1490,0,37.5,9,8,112.5,"Buena"
1493,0,38.4,11,8,137.5,"Buena"
1494,0,41,10,8,125,"Buena"
1497,0,39.9,11,8,137.5,"Buena"
1500,0,37,10,8,125,"Buena"
1510,0,41,10,8,125,"Buena"
1512,0,41,10,8,125,"Buena"
1513,0,39,9,8,112.5,"Buena"
1543,0,38,9,8,112.5,"Buena"
1545,0,39,10,8,125,"Buena"
1546,0,38,11,8,137.5,"Buena"
1554,0,39.4,11,8,137.5,"Buena"
1557,0,40,11,8,137.5,"Buena"
1558,0,40,11,8,137.5,"Buena"
1562,0,37,9,8,112.5,"Buena"
1589,0,39.6,9,8,112.5,"Buena"
1591,0,40,10,8,125,"Buena"
1598,0,39.3,9,8,112.5,"Buena"
1610,0,39.2,9,8,112.5,"Buena"
1614,0,39.1,9,8,112.5,"Buena"
1621,0,38.1,10,8,125,"Buena"
1637,0,37.6,10,8,125,"Buena"
1648,0,39.1,9,8,112.5,"Buena"
1649,0,39.4,9,8,112.5,"Buena"
1653,0,37.6,10,8,125,"Buena"
1656,0,40.3,10,8,125,"Buena"
1657,0,34,7,6,116.666666666667,"Buena"
1660,0,39.4,11,8,137.5,"Buena"
1663,0,38.5,9,8,112.5,"Buena"
1665,0,42,11,8,137.5,"Buena"
1667,0,40,11,8,137.5,"Buena"
1675,0,37.4,11,8,137.5,"Buena"
1688,0,38.4,11,8,137.5,"Buena"
1689,0,40.1,9,8,112.5,"Buena"
1691,0,41.1,11,8,137.5,"Buena"
1695,0,41,10,8,125,"Buena"
1705,0,39.3,11,8,137.5,"Buena"
1708,0,40.1,11,8,137.5,"Buena"
1709,0,39.3,9,8,112.5,"Buena"
1714,0,40.2,11,8,137.5,"Buena"
1715,0,38.4,9,8,112.5,"Buena"
1716,0,41,9,8,112.5,"Buena"
1717,0,38,9,8,112.5,"Buena"
1719,0,39.4,10,8,125,"Buena"
1723,0,40.6,10,8,125,"Buena"
1728,0,37.5,9,8,112.5,"Buena"
1732,0,40,11,8,137.5,"Buena"
1733,0,40.5,10,8,125,"Buena"
1735,0,35.1,8,6,133.333333333333,"Buena"
1750,0,36,9,8,112.5,"Buena"
1753,0,38,11,8,137.5,"Buena"
1758,0,39.6,10,8,125,"Buena"
1769,0,39.4,9,8,112.5,"Buena"
1772,0,40.3,9,8,112.5,"Buena"
1773,0,36,9,8,112.5,"Buena"
1775,0,40.1,10,8,125,"Buena"
1779,0,39.6,11,8,137.5,"Buena"
1781,0,40,9,8,112.5,"Buena"
1789,0,40.3,10,8,125,"Buena"
1792,1,39,9,8,112.5,"Buena"
1796,0,40,11,8,137.5,"Buena"
1797,0,40.2,10,8,125,"Buena"
1802,0,41.3,9,8,112.5,"Buena"
1804,0,40,11,8,137.5,"Buena"
1821,0,39.1,10,8,125,"Buena"
1824,0,33.2,11,6,183.333333333333,"Buena"
1826,0,40.5,9,8,112.5,"Buena"
1831,0,38.5,10,8,125,"Buena"
1836,0,38.2,9,8,112.5,"Buena"
1838,0,40.4,10,8,125,"Buena"
1840,0,39.3,11,8,137.5,"Buena"
1841,0,38.1,11,8,137.5,"Buena"
1855,0,40,10,8,125,"Buena"
1863,0,39.1,11,8,137.5,"Buena"
1866,0,41.1,11,8,137.5,"Buena"
1870,0,40.5,10,8,125,"Buena"
1888,0,35.4,7,6,116.666666666667,"Buena"
1890,0,40.5,9,8,112.5,"Buena"
1894,0,40,11,8,137.5,"Buena"
1895,0,41,10,8,125,"Buena"
1900,0,34.2,7,6,116.666666666667,"Buena"
1903,0,39,11,8,137.5,"Buena"
1908,0,40.4,9,8,112.5,"Buena"
1911,0,39.5,10,8,125,"Buena"
1915,0,35.4,7,6,116.666666666667,"Buena"
1931,0,39,10,8,125,"Buena"
1935,0,38,10,8,125,"Buena"
1936,0,39.1,10,8,125,"Buena"
1937,0,39.4,9,8,112.5,"Buena"
1939,0,40.1,10,8,125,"Buena"
1942,0,38.6,10,8,125,"Buena"
1948,0,40,10,8,125,"Buena"
1963,0,39.2,11,8,137.5,"Buena"
1964,0,38.5,11,8,137.5,"Buena"
1966,0,41.1,9,8,112.5,"Buena"
1974,0,38.2,11,8,137.5,"Buena"
1975,0,34,11,6,183.333333333333,"Buena"
1979,0,40.4,9,8,112.5,"Buena"
1986,0,39,10,8,125,"Buena"
1987,0,39.4,10,8,125,"Buena"
1992,0,38,9,8,112.5,"Buena"
2004,0,37.2,9,8,112.5,"Buena"
2010,0,39.4,10,8,125,"Buena"
2013,0,39.1,10,8,125,"Buena"
2016,0,37,10,8,125,"Buena"
2018,0,39,9,8,112.5,"Buena"
2023,0,37.2,9,8,112.5,"Buena"
2028,0,38,10,8,125,"Buena"
2033,0,39.1,9,8,112.5,"Buena"
2034,0,38.1,10,8,125,"Buena"
2036,0,41.2,9,8,112.5,"Buena"
2037,0,39.1,9,8,112.5,"Buena"
2038,0,41.2,10,8,125,"Buena"
2041,0,38.6,11,8,137.5,"Buena"
2046,0,41,10,8,125,"Buena"
2055,0,36.2,9,8,112.5,"Buena"
2059,0,40.1,10,8,125,"Buena"
2061,0,40,9,8,112.5,"Buena"
2067,0,41.1,9,8,112.5,"Buena"
2068,0,42,11,8,137.5,"Buena"
2072,0,40.5,9,8,112.5,"Buena"
2076,0,39,11,8,137.5,"Buena"
2079,0,39,10,8,125,"Buena"
2080,0,38.2,9,8,112.5,"Buena"
2087,0,37.3,9,8,112.5,"Buena"
2089,0,38.1,9,8,112.5,"Buena"
2092,0,37.6,9,8,112.5,"Buena"
2095,0,40,10,8,125,"Buena"
2099,0,41.3,9,8,112.5,"Buena"
2106,0,39.5,9,8,112.5,"Buena"
2108,0,37.6,10,8,125,"Buena"
2111,0,38.5,10,8,125,"Buena"
2112,0,40.2,9,8,112.5,"Buena"
2113,0,38.4,10,8,125,"Buena"
2114,0,37,11,8,137.5,"Buena"
2118,0,37,9,8,112.5,"Buena"
2121,0,40,9,8,112.5,"Buena"
2123,0,41,11,8,137.5,"Buena"
2129,0,41,9,8,112.5,"Buena"
2131,0,41.5,9,8,112.5,"Buena"
2133,0,39,9,8,112.5,"Buena"
2135,1,35,7,6,116.666666666667,"Buena"
2136,0,37,10,8,125,"Buena"
2139,0,38,10,8,125,"Buena"
2140,0,38.2,9,8,112.5,"Buena"
2141,0,39.6,10,8,125,"Buena"
2144,0,39.3,9,8,112.5,"Buena"
2146,0,37.6,10,8,125,"Buena"
2159,0,39.2,9,8,112.5,"Buena"
2162,0,37.6,11,8,137.5,"Buena"
2166,0,29,9,6,150,"Buena"
2184,0,41,10,8,125,"Buena"
2200,0,39.3,9,8,112.5,"Buena"
2203,0,41.1,10,8,125,"Buena"
2210,0,40.2,9,8,112.5,"Buena"
2218,0,40,9,8,112.5,"Buena"
2222,0,39.1,9,8,112.5,"Buena"
2228,0,40.5,11,8,137.5,"Buena"
2240,0,38,11,8,137.5,"Buena"
2257,0,35.2,8,6,133.333333333333,"Buena"
2260,0,36.2,11,8,137.5,"Buena"
2268,0,39,10,8,125,"Buena"
2271,0,41,9,8,112.5,"Buena"
2273,0,38.4,10,8,125,"Buena"
2285,0,40.5,9,8,112.5,"Buena"
2290,0,40.1,9,8,112.5,"Buena"
2292,0,33.6,10,6,166.666666666667,"Buena"
2300,0,35,8,6,133.333333333333,"Buena"
2310,0,39.1,10,8,125,"Buena"
2311,0,40.2,11,8,137.5,"Buena"
2312,0,38.2,11,8,137.5,"Buena"
2313,0,39.2,9,8,112.5,"Buena"
2319,0,39.6,11,8,137.5,"Buena"
2323,0,35.5,7,6,116.666666666667,"Buena"
2329,0,39.6,11,8,137.5,"Buena"
2332,0,37,11,8,137.5,"Buena"
2337,0,39.4,9,8,112.5,"Buena"
2341,0,34,7,6,116.666666666667,"Buena"
2345,0,41.2,9,8,112.5,"Buena"
2352,0,40.5,9,8,112.5,"Buena"
2364,0,40.5,10,8,125,"Buena"
2367,0,38.6,9,8,112.5,"Buena"
2381,0,39.4,9,8,112.5,"Buena"
2382,0,38.3,9,8,112.5,"Buena"
2395,0,39,9,8,112.5,"Buena"
2398,0,38.6,10,8,125,"Buena"
2414,0,36.1,10,8,125,"Buena"
2417,0,39.1,9,8,112.5,"Buena"
2421,0,41.2,11,8,137.5,"Buena"
2431,0,35.5,11,6,183.333333333333,"Buena"
2434,0,40.4,10,8,125,"Buena"
2436,0,41,9,8,112.5,"Buena"
2439,0,38.5,9,8,112.5,"Buena"
2445,0,37.2,11,8,137.5,"Buena"
2470,0,39,9,8,112.5,"Buena"
2478,0,37.4,10,8,125,"Buena"
2508,0,39.1,10,8,125,"Buena"
2512,0,41,9,8,112.5,"Buena"
2529,0,41,9,8,112.5,"Buena"
2531,0,39,11,8,137.5,"Buena"
2533,0,41.1,9,8,112.5,"Buena"
2538,0,38,10,8,125,"Buena"
2559,0,38.4,9,8,112.5,"Buena"
2563,0,39.2,9,8,112.5,"Buena"
2572,0,37.2,10,8,125,"Buena"
2575,0,38.4,9,8,112.5,"Buena"
2576,0,41.1,9,8,112.5,"Buena"
2580,0,39.2,9,8,112.5,"Buena"
2581,0,39.2,9,8,112.5,"Buena"
2586,0,40.3,10,8,125,"Buena"
2589,0,39.5,11,8,137.5,"Buena"
2590,0,38,9,8,112.5,"Buena"
2602,0,38.1,9,8,112.5,"Buena"
2606,0,39.1,10,8,125,"Buena"
2607,0,39.2,9,8,112.5,"Buena"
2608,0,32.5,7,6,116.666666666667,"Buena"
2609,0,39.2,9,8,112.5,"Buena"
2610,0,39.4,9,8,112.5,"Buena"
2623,0,39,10,8,125,"Buena"
2625,0,37.4,11,8,137.5,"Buena"
2626,0,39.4,10,8,125,"Buena"
2629,0,39.3,11,8,137.5,"Buena"
2634,0,41,11,8,137.5,"Buena"
2637,0,40.4,9,8,112.5,"Buena"
2643,0,39.1,9,8,112.5,"Buena"
2652,0,40.1,9,8,112.5,"Buena"
2653,0,39.1,9,8,112.5,"Buena"
2657,0,35.4,7,6,116.666666666667,"Buena"
2665,0,37.1,11,8,137.5,"Buena"
2668,0,39,9,8,112.5,"Buena"
2677,0,40,9,8,112.5,"Buena"
2681,0,39.1,9,8,112.5,"Buena"
2687,0,40.1,9,8,112.5,"Buena"
2691,0,40.5,11,8,137.5,"Buena"
2692,0,38,9,8,112.5,"Buena"
2695,0,33.5,8,6,133.333333333333,"Buena"
2697,0,38.2,9,8,112.5,"Buena"
2706,0,36,10,8,125,"Buena"
2707,0,39,10,8,125,"Buena"
2709,0,37.6,10,8,125,"Buena"
2712,0,40.3,11,8,137.5,"Buena"
2741,0,37,11,8,137.5,"Buena"
2754,0,39,9,8,112.5,"Buena"
2755,0,34.2,7,6,116.666666666667,"Buena"
2777,1,38,9,8,112.5,"Buena"
2785,0,39,10,8,125,"Buena"
2795,0,41,9,8,112.5,"Buena"
2809,0,40,9,8,112.5,"Buena"
2819,0,40,9,8,112.5,"Buena"
2823,0,41,11,8,137.5,"Buena"
2828,0,36,9,8,112.5,"Buena"
2829,0,41,9,8,112.5,"Buena"
2835,0,41,9,8,112.5,"Buena"
2838,0,38,9,8,112.5,"Buena"
2843,0,37,9,8,112.5,"Buena"
2845,0,38,9,8,112.5,"Buena"
2848,0,38,10,8,125,"Buena"
2874,0,35,7,6,116.666666666667,"Buena"
2894,0,38,9,8,112.5,"Buena"
2901,0,40,9,8,112.5,"Buena"
2902,0,41,9,8,112.5,"Buena"
2906,0,39,9,8,112.5,"Buena"
2914,0,36,10,8,125,"Buena"
2931,0,38,11,8,137.5,"Buena"
2933,1,39,9,8,112.5,"Buena"
2942,0,37,10,8,125,"Buena"
2947,0,39,9,8,112.5,"Buena"
2953,0,38,9,8,112.5,"Buena"
2957,0,39,11,8,137.5,"Buena"
2971,0,38.2,9,8,112.5,"Buena"
2978,0,39.3,9,8,112.5,"Buena"
2996,0,39.1,10,8,125,"Buena"
3002,0,41.3,10,8,125,"Buena"
3005,0,37.4,11,8,137.5,"Buena"
3015,0,40.6,11,8,137.5,"Buena"
3016,0,41.1,10,8,125,"Buena"
3021,0,39.2,9,8,112.5,"Buena"
3024,0,40.2,10,8,125,"Buena"
3028,0,41,9,8,112.5,"Buena"
3035,0,41.3,11,8,137.5,"Buena"
3042,0,38,10,8,125,"Buena"
3046,0,40.6,9,8,112.5,"Buena"
3048,0,41.1,11,8,137.5,"Buena"
3059,0,38,9,8,112.5,"Buena"
3060,0,34.3,7,6,116.666666666667,"Buena"
3061,0,41.2,9,8,112.5,"Buena"
3068,0,23.2,4,3,133.333333333333,"Buena"
3069,0,40.6,10,8,125,"Buena"
3075,0,35.1,7,6,116.666666666667,"Buena"
3081,0,36.6,9,8,112.5,"Buena"
3089,0,39,11,8,137.5,"Buena"
3091,0,40,9,8,112.5,"Buena"
3094,0,39,10,8,125,"Buena"
3103,0,38,10,8,125,"Buena"
3108,0,38,9,8,112.5,"Buena"
3134,0,34,7,6,116.666666666667,"Buena"
3135,0,37,10,8,125,"Buena"
3143,0,40,9,8,112.5,"Buena"
3151,0,34,9,6,150,"Buena"
3171,0,41,9,8,112.5,"Buena"
3173,0,40,9,8,112.5,"Buena"
3204,0,39,11,8,137.5,"Buena"
3209,0,39,11,8,137.5,"Buena"
3220,1,39,11,8,137.5,"Buena"
3223,0,40,11,8,137.5,"Buena"
3231,0,38,10,8,125,"Buena"
3248,0,38,9,8,112.5,"Buena"
3252,0,38,9,8,112.5,"Buena"
3255,0,35,8,6,133.333333333333,"Buena"
3272,0,41,11,8,137.5,"Buena"
3290,0,39,9,8,112.5,"Buena"
3295,0,39,10,8,125,"Buena"
3297,0,41,10,8,125,"Buena"
3303,0,41,9,8,112.5,"Buena"
3313,0,40,10,8,125,"Buena"
3314,0,36,11,8,137.5,"Buena"
3316,0,39,11,8,137.5,"Buena"
3326,0,41,11,8,137.5,"Buena"
3336,0,37,9,8,112.5,"Buena"
3342,0,38,11,8,137.5,"Buena"
3348,0,39,9,8,112.5,"Buena"
3353,0,35,8,6,133.333333333333,"Buena"
3357,0,40,9,8,112.5,"Buena"
3367,0,40,9,8,112.5,"Buena"
3379,0,41,9,8,112.5,"Buena"
3380,0,39,9,8,112.5,"Buena"
3383,0,39,11,8,137.5,"Buena"
3395,0,39.6,9,8,112.5,"Buena"
3397,0,41,10,8,125,"Buena"
3413,0,37.6,10,8,125,"Buena"
3421,0,39.5,11,8,137.5,"Buena"
3427,0,40,10,8,125,"Buena"
3429,0,39.2,9,8,112.5,"Buena"
3431,0,40.4,10,8,125,"Buena"
3440,0,41.1,9,8,112.5,"Buena"
3441,0,41,11,8,137.5,"Buena"
3443,0,32,8,6,133.333333333333,"Buena"
3447,0,35,9,6,150,"Buena"
3448,0,40.5,11,8,137.5,"Buena"
3449,0,39.5,9,8,112.5,"Buena"
3463,0,38.5,9,8,112.5,"Buena"
3471,0,40.6,9,8,112.5,"Buena"
3472,0,39.5,9,8,112.5,"Buena"
3490,0,41.2,11,8,137.5,"Buena"
3492,0,37.4,10,8,125,"Buena"
3501,0,40.5,11,8,137.5,"Buena"
3515,0,38.3,11,8,137.5,"Buena"
3524,0,35.5,9,6,150,"Buena"
3525,0,36.5,9,8,112.5,"Buena"
3529,0,38.4,11,8,137.5,"Buena"
3534,0,41.3,9,8,112.5,"Buena"
3557,0,38.2,9,8,112.5,"Buena"
3562,0,36,10,8,125,"Buena"
3567,0,38,9,8,112.5,"Buena"
3571,0,41,9,8,112.5,"Buena"
3572,0,39.6,9,8,112.5,"Buena"
3573,0,38,10,8,125,"Buena"
3577,0,38,10,8,125,"Buena"
3578,0,39.3,9,8,112.5,"Buena"
3583,0,41,11,8,137.5,"Buena"
3584,0,38.3,10,8,125,"Buena"
3593,0,39.3,9,8,112.5,"Buena"
3595,0,40,10,8,125,"Buena"
3606,0,39.4,9,8,112.5,"Buena"
3615,0,37,10,8,125,"Buena"
3622,0,39.2,9,8,112.5,"Buena"
3634,0,38.4,9,8,112.5,"Buena"
3671,0,37.6,10,8,125,"Buena"
3673,0,40,11,8,137.5,"Buena"
3678,0,40.1,9,8,112.5,"Buena"
3681,0,39.5,10,8,125,"Buena"
3685,0,38,9,8,112.5,"Buena"
3688,0,41,9,8,112.5,"Buena"
3709,0,35,7,6,116.666666666667,"Buena"
3712,0,38.3,10,8,125,"Buena"
3720,0,35.5,7,6,116.666666666667,"Buena"
3721,0,39.6,10,8,125,"Buena"
3732,0,41,10,8,125,"Buena"
3744,0,40,11,8,137.5,"Buena"
3749,0,40,10,8,125,"Buena"
3758,0,40,9,8,112.5,"Buena"
3762,0,39,10,8,125,"Buena"
3763,0,40.6,11,8,137.5,"Buena"
3764,0,41,11,8,137.5,"Buena"
3765,0,37.4,11,8,137.5,"Buena"
3768,0,38.3,9,8,112.5,"Buena"
3772,0,41.2,11,8,137.5,"Buena"
3779,0,36.2,9,8,112.5,"Buena"
3783,0,40.5,11,8,137.5,"Buena"
3797,0,37.1,9,8,112.5,"Buena"
3815,0,39.3,10,8,125,"Buena"
3820,0,41.4,10,8,125,"Buena"
3821,0,37.5,9,8,112.5,"Buena"
3839,0,39.5,11,8,137.5,"Buena"
3841,0,40,10,8,125,"Buena"
3857,0,40.1,9,8,112.5,"Buena"
3858,0,40.5,9,8,112.5,"Buena"
3859,0,37.3,9,8,112.5,"Buena"
3867,0,37.7,9,8,112.5,"Buena"
3878,0,39.3,11,8,137.5,"Buena"
3881,0,38.5,10,8,125,"Buena"
3890,0,35.5,11,6,183.333333333333,"Buena"
3893,0,39.3,9,8,112.5,"Buena"
3900,0,38.1,9,8,112.5,"Buena"
3906,0,39.6,11,8,137.5,"Buena"
3908,0,40.5,9,8,112.5,"Buena"
3909,0,37.4,9,8,112.5,"Buena"
3910,0,37.3,9,8,112.5,"Buena"
3911,0,41,11,8,137.5,"Buena"
3915,1,26.3,4,3,133.333333333333,"Buena"
3920,0,39,11,8,137.5,"Buena"
3933,0,38.2,10,8,125,"Buena"
3936,0,38.5,9,8,112.5,"Buena"
3953,0,39.6,9,8,112.5,"Buena"
3960,0,39.4,11,8,137.5,"Buena"
3965,0,33,7,6,116.666666666667,"Buena"
3985,0,38,10,8,125,"Buena"
3986,0,39,9,8,112.5,"Buena"
4020,0,39.3,10,8,125,"Buena"
4025,0,39.5,10,8,125,"Buena"
4026,0,38.1,10,8,125,"Buena"
4029,0,38.1,10,8,125,"Buena"
4041,0,38,9,8,112.5,"Buena"
4043,0,40.1,9,8,112.5,"Buena"
4045,0,37.6,10,8,125,"Buena"
4049,0,40.1,9,8,112.5,"Buena"
4061,0,40.5,11,8,137.5,"Buena"
4066,0,38,9,8,112.5,"Buena"
4069,0,39,10,8,125,"Buena"
4076,0,33.4,7,6,116.666666666667,"Buena"
4077,0,38,9,8,112.5,"Buena"
4083,0,40.6,11,8,137.5,"Buena"
4087,0,39,9,8,112.5,"Buena"
4103,0,37.2,10,8,125,"Buena"
4104,0,39,11,8,137.5,"Buena"
4109,0,38,9,8,112.5,"Buena"
4111,0,38.2,9,8,112.5,"Buena"
4126,0,39.4,9,8,112.5,"Buena"
4134,0,40.1,9,8,112.5,"Buena"
4137,0,25,6,3,200,"Buena"
4140,0,35.4,8,6,133.333333333333,"Buena"
4146,0,38.1,9,8,112.5,"Buena"
4147,0,39.5,9,8,112.5,"Buena"
4149,0,35.6,9,6,150,"Buena"
4150,0,41.2,9,8,112.5,"Buena"
4164,0,39.6,10,8,125,"Buena"
4166,0,40.5,9,8,112.5,"Buena"
4171,0,40.2,11,8,137.5,"Buena"
4180,1,29.4,10,6,166.666666666667,"Buena"
4188,0,39,9,8,112.5,"Buena"
4200,0,39.1,11,8,137.5,"Buena"
4202,0,38.6,9,8,112.5,"Buena"
4207,1,25.4,5,3,166.666666666667,"Buena"
4211,0,38,9,8,112.5,"Buena"
4224,0,40.3,9,8,112.5,"Buena"
4227,0,39,9,8,112.5,"Buena"
4233,0,39.1,10,8,125,"Buena"
4236,0,39.1,9,8,112.5,"Buena"
4240,0,38.1,10,8,125,"Buena"
4247,0,40.3,10,8,125,"Buena"
4249,0,35.4,9,6,150,"Buena"
4264,0,39,9,8,112.5,"Buena"
4272,0,40,9,8,112.5,"Buena"
4274,0,39.4,9,8,112.5,"Buena"
4299,0,37.5,10,8,125,"Buena"
4308,0,41.1,11,8,137.5,"Buena"
4315,0,38,10,8,125,"Buena"
4318,0,40,11,8,137.5,"Buena"
4321,0,39.1,9,8,112.5,"Buena"
4325,0,36.4,11,8,137.5,"Buena"
4326,0,40.4,10,8,125,"Buena"
4333,0,40,11,8,137.5,"Buena"
4337,0,39.6,10,8,125,"Buena"
4345,0,37.3,9,8,112.5,"Buena"
4352,0,37,10,8,125,"Buena"
4353,0,41,11,8,137.5,"Buena"
4354,0,40,10,8,125,"Buena"
4356,0,38.1,9,8,112.5,"Buena"
4357,0,39.1,10,8,125,"Buena"
4360,0,36.4,9,8,112.5,"Buena"
4362,0,42,9,8,112.5,"Buena"
4364,1,40.3,9,8,112.5,"Buena"
4370,0,40,9,8,112.5,"Buena"
4383,0,38.3,9,8,112.5,"Buena"
4397,0,40.4,9,8,112.5,"Buena"
4399,0,35.1,7,6,116.666666666667,"Buena"
4402,0,40,11,8,137.5,"Buena"
4407,0,37.3,9,8,112.5,"Buena"
4423,0,39,9,8,112.5,"Buena"
4428,0,41.2,10,8,125,"Buena"
4435,0,39.4,9,8,112.5,"Buena"
4441,0,39,9,8,112.5,"Buena"
4445,1,39,9,8,112.5,"Buena"
4447,0,35,7,6,116.666666666667,"Buena"
4449,0,41,9,8,112.5,"Buena"
4450,0,40,10,8,125,"Buena"
4455,0,40,11,8,137.5,"Buena"
4459,0,40,9,8,112.5,"Buena"
4462,0,40,9,8,112.5,"Buena"
4463,0,39,11,8,137.5,"Buena"
4475,0,37,9,8,112.5,"Buena"
4476,0,40,9,8,112.5,"Buena"
4477,0,33,7,6,116.666666666667,"Buena"
4481,0,41,10,8,125,"Buena"
4505,0,41,9,8,112.5,"Buena"
4506,0,37,10,8,125,"Buena"
4513,0,38,9,8,112.5,"Buena"
4518,0,41,10,8,125,"Buena"
4519,0,35.5,8,6,133.333333333333,"Buena"
4523,0,35.4,9,6,150,"Buena"
4524,0,39.3,9,8,112.5,"Buena"
4530,0,39.5,10,8,125,"Buena"
4545,0,40.6,11,8,137.5,"Buena"
4552,0,38.6,9,8,112.5,"Buena"
4566,0,38,9,8,112.5,"Buena"
4576,0,39.4,10,8,125,"Buena"
4580,0,39.6,10,8,125,"Buena"
4581,0,38.5,11,8,137.5,"Buena"
4586,0,38.2,11,8,137.5,"Buena"
4588,0,39.5,9,8,112.5,"Buena"
4590,0,40.2,9,8,112.5,"Buena"
4618,0,41.1,9,8,112.5,"Buena"
4622,0,39,9,8,112.5,"Buena"
4628,0,38,11,8,137.5,"Buena"
4633,0,39,11,8,137.5,"Buena"
4635,0,38.2,9,8,112.5,"Buena"
4637,0,39.5,10,8,125,"Buena"
4641,0,35.6,8,6,133.333333333333,"Buena"
4643,0,41.1,11,8,137.5,"Buena"
4645,0,38.6,10,8,125,"Buena"
4646,0,37,10,8,125,"Buena"
4647,0,38.2,9,8,112.5,"Buena"
4653,0,38.6,9,8,112.5,"Buena"
4658,0,41,9,8,112.5,"Buena"
4660,0,39,11,8,137.5,"Buena"
4673,0,39,9,8,112.5,"Buena"
4682,0,39.2,9,8,112.5,"Buena"
4697,0,39.6,9,8,112.5,"Buena"
4701,0,41,10,8,125,"Buena"
4711,0,36.6,9,8,112.5,"Buena"
4720,0,40.3,9,8,112.5,"Buena"
4723,0,38.2,10,8,125,"Buena"
4736,0,41.4,10,8,125,"Buena"
4739,0,35.1,7,6,116.666666666667,"Buena"
4743,0,37.5,10,8,125,"Buena"
4744,0,40.1,10,8,125,"Buena"
4745,0,41.1,10,8,125,"Buena"
4753,0,40,11,8,137.5,"Buena"
4759,0,39.1,9,8,112.5,"Buena"
4767,0,38.5,10,8,125,"Buena"
4768,0,39.6,10,8,125,"Buena"
4770,0,38.5,9,8,112.5,"Buena"
4772,0,37.1,9,8,112.5,"Buena"
4774,0,39.1,9,8,112.5,"Buena"
4792,0,40.1,11,8,137.5,"Buena"
4795,0,39.3,9,8,112.5,"Buena"
4807,0,40.5,10,8,125,"Buena"
4815,0,38.5,9,8,112.5,"Buena"
4818,0,40.1,9,8,112.5,"Buena"
4824,0,39.3,10,8,125,"Buena"
4827,0,39.9,9,8,112.5,"Buena"
4828,0,40,10,8,125,"Buena"
4839,0,37,10,8,125,"Buena"
4840,0,39.3,9,8,112.5,"Buena"
4845,0,33.8,10,6,166.666666666667,"Buena"
4853,0,35,8,6,133.333333333333,"Buena"
4854,0,34,9,6,150,"Buena"
4862,0,40,10,8,125,"Buena"
4871,0,41,10,8,125,"Buena"
4872,0,38,10,8,125,"Buena"
4879,0,40.3,9,8,112.5,"Buena"
4885,0,41.3,10,8,125,"Buena"
4889,0,34.1,7,6,116.666666666667,"Buena"
4890,0,40.2,9,8,112.5,"Buena"
4892,0,40,9,8,112.5,"Buena"
4898,0,40,10,8,125,"Buena"
4911,0,40.1,9,8,112.5,"Buena"
4913,0,39.5,10,8,125,"Buena"
4914,0,38.5,9,8,112.5,"Buena"
4920,0,40,10,8,125,"Buena"
4929,0,40,9,8,112.5,"Buena"
4933,0,39,9,8,112.5,"Buena"
4945,0,37,10,8,125,"Buena"
4952,0,38,10,8,125,"Buena"
4958,0,41,9,8,112.5,"Buena"
4960,0,40,9,8,112.5,"Buena"
4961,0,38,9,8,112.5,"Buena"
4966,0,39,9,8,112.5,"Buena"
4967,0,39,10,8,125,"Buena"
4972,0,36,9,8,112.5,"Buena"
4992,0,36,10,8,125,"Buena"
4993,0,40,10,8,125,"Buena"
4999,0,40.3,10,8,125,"Buena"
5001,0,41.1,9,8,112.5,"Buena"
5008,0,39.1,11,8,137.5,"Buena"
5019,0,38.6,9,8,112.5,"Buena"
5030,0,39.2,9,8,112.5,"Buena"
5044,0,41,9,8,112.5,"Buena"
5062,0,33.5,7,6,116.666666666667,"Buena"
5067,0,38.1,9,8,112.5,"Buena"
5083,0,39.6,10,8,125,"Buena"
5087,0,40,11,8,137.5,"Buena"
5091,0,38.2,10,8,125,"Buena"
5099,0,35,8,6,133.333333333333,"Buena"
5101,0,38.5,11,8,137.5,"Buena"
5114,0,32.3,7,6,116.666666666667,"Buena"
5117,0,40.4,11,8,137.5,"Buena"
5122,0,40.5,11,8,137.5,"Buena"
5131,0,40.3,10,8,125,"Buena"
5134,0,39.5,10,8,125,"Buena"
5149,0,37,11,8,137.5,"Buena"
5152,0,35.2,11,6,183.333333333333,"Buena"
5176,0,40,11,8,137.5,"Buena"
5188,0,38,10,8,125,"Buena"
5193,0,38,10,8,125,"Buena"
5202,0,41.2,10,8,125,"Buena"
5232,0,39.3,11,8,137.5,"Buena"
5246,0,41.5,10,8,125,"Buena"
5249,0,40.5,11,8,137.5,"Buena"
5255,0,40,10,8,125,"Buena"
5289,0,40,9,8,112.5,"Buena"
5323,0,39,9,8,112.5,"Buena"
5337,0,39,10,8,125,"Buena"
5339,0,41,11,8,137.5,"Buena"
5349,0,40.5,9,8,112.5,"Buena"
5352,0,37,10,8,125,"Buena"
5370,0,39.4,9,8,112.5,"Buena"
5382,0,41,10,8,125,"Buena"
5394,0,32.5,8,6,133.333333333333,"Buena"
5397,0,39.7,11,8,137.5,"Buena"
5414,0,41.2,9,8,112.5,"Buena"
5420,0,33,9,6,150,"Buena"
5421,0,39.4,9,8,112.5,"Buena"
5422,0,39.2,11,8,137.5,"Buena"
5424,0,39,10,8,125,"Buena"
5425,0,39.1,9,8,112.5,"Buena"
5447,0,40.4,9,8,112.5,"Buena"
5449,0,36,9,8,112.5,"Buena"
5452,0,39.1,9,8,112.5,"Buena"
5458,0,41,10,8,125,"Buena"
5519,0,39.5,9,8,112.5,"Buena"
5521,0,38.5,10,8,125,"Buena"
5523,0,40.3,11,8,137.5,"Buena"
5526,0,39,10,8,125,"Buena"
5529,0,40.3,10,8,125,"Buena"
5532,0,35.2,8,6,133.333333333333,"Buena"
5537,0,41.3,9,8,112.5,"Buena"
5538,0,39.1,10,8,125,"Buena"
5539,0,40.2,11,8,137.5,"Buena"
5545,0,35.5,7,6,116.666666666667,"Buena"
5554,0,40,10,8,125,"Buena"
5555,0,40.4,9,8,112.5,"Buena"
5583,0,41,11,8,137.5,"Buena"
5586,0,39.1,10,8,125,"Buena"
5591,0,38,9,8,112.5,"Buena"
5596,0,38.2,10,8,125,"Buena"
5599,0,38.1,9,8,112.5,"Buena"
5602,0,39,9,8,112.5,"Buena"
5603,0,39.3,11,8,137.5,"Buena"
5605,0,39.2,11,8,137.5,"Buena"
5616,0,38.1,11,8,137.5,"Buena"
5617,1,41.5,9,8,112.5,"Buena"
5618,0,35.6,8,6,133.333333333333,"Buena"
5622,0,40.4,11,8,137.5,"Buena"
5623,0,41.3,9,8,112.5,"Buena"
5627,0,41.1,9,8,112.5,"Buena"
5636,0,39.4,9,8,112.5,"Buena"
5648,0,38.2,11,8,137.5,"Buena"
5651,0,41.1,11,8,137.5,"Buena"
5663,0,37.1,10,8,125,"Buena"
5666,0,38.1,9,8,112.5,"Buena"
5667,0,40.6,11,8,137.5,"Buena"
5669,0,40.4,9,8,112.5,"Buena"
5685,0,35.3,8,6,133.333333333333,"Buena"
5690,0,39.6,9,8,112.5,"Buena"
5695,0,40.1,10,8,125,"Buena"
5700,0,38,9,8,112.5,"Buena"
5704,0,40,9,8,112.5,"Buena"
5720,0,40.2,11,8,137.5,"Buena"
5728,0,38.5,11,8,137.5,"Buena"
5729,0,41,11,8,137.5,"Buena"
5731,0,39,10,8,125,"Buena"
5742,0,35.4,7,6,116.666666666667,"Buena"
5744,0,38,11,8,137.5,"Buena"
5755,0,39,9,8,112.5,"Buena"
5756,0,41.2,9,8,112.5,"Buena"
5771,0,37,9,8,112.5,"Buena"
5779,0,40.2,9,8,112.5,"Buena"
5781,0,39,9,8,112.5,"Buena"
5789,0,40.4,9,8,112.5,"Buena"
5793,0,40.3,9,8,112.5,"Buena"
5807,0,38.4,10,8,125,"Buena"
5808,0,40.5,11,8,137.5,"Buena"
5815,0,40,9,8,112.5,"Buena"
5816,0,38,9,8,112.5,"Buena"
5826,0,40,10,8,125,"Buena"
5827,0,40,9,8,112.5,"Buena"
5828,0,38,11,8,137.5,"Buena"
5835,0,40,9,8,112.5,"Buena"
5839,0,40,9,8,112.5,"Buena"
5841,0,39.2,10,8,125,"Buena"
5844,0,38.5,10,8,125,"Buena"
5852,0,41,9,8,112.5,"Buena"
5864,0,40.5,9,8,112.5,"Buena"
5866,0,40.1,9,8,112.5,"Buena"
5870,0,39.3,11,8,137.5,"Buena"
5873,0,39,9,8,112.5,"Buena"
5874,0,31.6,8,6,133.333333333333,"Buena"
5882,0,38,9,8,112.5,"Buena"
5885,0,40,11,8,137.5,"Buena"
5886,0,41.1,10,8,125,"Buena"
5895,0,40,9,8,112.5,"Buena"
5899,0,39.4,10,8,125,"Buena"
5900,0,39,10,8,125,"Buena"
5922,0,38.4,9,8,112.5,"Buena"
5936,0,40.6,10,8,125,"Buena"
5940,0,38.2,9,8,112.5,"Buena"
5946,0,39.3,9,8,112.5,"Buena"
5947,0,38,9,8,112.5,"Buena"
5950,0,40.3,9,8,112.5,"Buena"
5972,0,39.2,10,8,125,"Buena"
5974,0,39.6,9,8,112.5,"Buena"
5987,0,41.3,10,8,125,"Buena"
6032,0,40,9,8,112.5,"Buena"
6033,0,40.5,10,8,125,"Buena"
6050,0,32.2,7,6,116.666666666667,"Buena"
6051,0,40.4,10,8,125,"Buena"
6065,0,37.7,9,8,112.5,"Buena"
6066,0,39.6,9,8,112.5,"Buena"
6072,0,38,9,8,112.5,"Buena"
6075,0,39,9,8,112.5,"Buena"
6082,0,39.4,9,8,112.5,"Buena"
6097,0,36.6,9,8,112.5,"Buena"
6101,0,40.4,9,8,112.5,"Buena"
6105,0,37.6,10,8,125,"Buena"
6108,0,39.5,9,8,112.5,"Buena"
6112,0,38,10,8,125,"Buena"
6138,0,40.2,10,8,125,"Buena"
6141,0,40,9,8,112.5,"Buena"
6150,0,40.5,9,8,112.5,"Buena"
6151,0,40,9,8,112.5,"Buena"
6153,0,40,10,8,125,"Buena"
6155,0,38.5,10,8,125,"Buena"
6163,0,37.3,10,8,125,"Buena"
6169,0,36,9,8,112.5,"Buena"
6171,0,39.6,9,8,112.5,"Buena"
6181,0,39.1,10,8,125,"Buena"
6183,0,39,9,8,112.5,"Buena"
6188,0,40,9,8,112.5,"Buena"
6217,0,39.1,10,8,125,"Buena"
6230,0,41,10,8,125,"Buena"
6238,0,38.6,9,8,112.5,"Buena"
6241,0,37.2,10,8,125,"Buena"
6243,0,35.6,7,6,116.666666666667,"Buena"
6256,0,40,10,8,125,"Buena"
6264,0,39,10,8,125,"Buena"
6270,0,41.2,9,8,112.5,"Buena"
6278,0,39.2,9,8,112.5,"Buena"
6289,0,40,11,8,137.5,"Buena"
6312,0,38.4,10,8,125,"Buena"
6321,0,38.1,9,8,112.5,"Buena"
6325,0,39.6,11,8,137.5,"Buena"
6326,0,40.3,9,8,112.5,"Buena"
6329,0,39.2,9,8,112.5,"Buena"
6348,0,34.6,7,6,116.666666666667,"Buena"
6356,0,41,10,8,125,"Buena"
6371,0,41,10,8,125,"Buena"
6373,0,40.3,10,8,125,"Buena"
6375,0,38,11,8,137.5,"Buena"
6376,0,39,10,8,125,"Buena"
6381,0,40.2,9,8,112.5,"Buena"
6408,0,40,9,8,112.5,"Buena"
6412,0,37.1,11,8,137.5,"Buena"
6419,0,41,10,8,125,"Buena"
6422,0,39.6,9,8,112.5,"Buena"
6433,0,38.2,9,8,112.5,"Buena"
6441,0,40,9,8,112.5,"Buena"
6446,0,39,9,8,112.5,"Buena"
6463,0,37.4,11,8,137.5,"Buena"
6465,0,40.1,10,8,125,"Buena"
6467,0,39,11,8,137.5,"Buena"
6478,0,39,9,8,112.5,"Buena"
6488,0,40,11,8,137.5,"Buena"
6492,0,39,10,8,125,"Buena"
6494,0,41.5,9,8,112.5,"Buena"
6502,0,40.4,10,8,125,"Buena"
6509,0,40.4,9,8,112.5,"Buena"
6520,0,39,10,8,125,"Buena"
6521,0,39.5,10,8,125,"Buena"
6546,0,40.4,9,8,112.5,"Buena"
6553,0,40,9,8,112.5,"Buena"
6560,0,39,9,8,112.5,"Buena"
6571,0,40.2,9,8,112.5,"Buena"
6572,0,36.5,9,8,112.5,"Buena"
6585,0,37,10,8,125,"Buena"
6587,0,39,9,8,112.5,"Buena"
6591,0,39.6,10,8,125,"Buena"
6592,0,41.1,10,8,125,"Buena"
6593,0,40.3,10,8,125,"Buena"
6598,0,40.2,10,8,125,"Buena"
6607,0,37.1,10,8,125,"Buena"
6618,0,39.5,10,8,125,"Buena"
6620,0,40.5,11,8,137.5,"Buena"
6627,0,37.2,11,8,137.5,"Buena"
6628,0,38.5,9,8,112.5,"Buena"
6638,0,39,9,8,112.5,"Buena"
6642,0,39.6,10,8,125,"Buena"
6646,0,39,9,8,112.5,"Buena"
6647,0,39.5,10,8,125,"Buena"
6650,0,39.6,9,8,112.5,"Buena"
6653,0,38.1,9,8,112.5,"Buena"
6656,0,40,9,8,112.5,"Buena"
6677,0,39.4,9,8,112.5,"Buena"
6683,0,39.5,10,8,125,"Buena"
6684,0,39.1,10,8,125,"Buena"
6692,0,35.3,8,6,133.333333333333,"Buena"
6695,0,40,10,8,125,"Buena"
6697,0,39,11,8,137.5,"Buena"
6700,0,37.5,11,8,137.5,"Buena"
6702,0,41,10,8,125,"Buena"
6706,0,38.1,11,8,137.5,"Buena"
6709,0,40.1,11,8,137.5,"Buena"
6722,0,40.2,9,8,112.5,"Buena"
6729,0,39.5,10,8,125,"Buena"
6731,0,40.1,9,8,112.5,"Buena"
6734,0,39,11,8,137.5,"Buena"
6735,1,41,9,8,112.5,"Buena"
6736,0,39.4,9,8,112.5,"Buena"
6738,0,40.1,9,8,112.5,"Buena"
6740,0,40,10,8,125,"Buena"
6747,0,37.1,11,8,137.5,"Buena"
6758,0,38.2,10,8,125,"Buena"
6764,0,38.2,10,8,125,"Buena"
6765,0,38.6,9,8,112.5,"Buena"
6796,0,41,11,8,137.5,"Buena"
6806,0,40.1,9,8,112.5,"Buena"
6811,0,38,9,8,112.5,"Buena"
6823,0,40.3,11,8,137.5,"Buena"
6843,0,40.4,10,8,125,"Buena"
6847,0,38.2,11,8,137.5,"Buena"
6866,0,39.3,10,8,125,"Buena"
6869,0,36.4,11,8,137.5,"Buena"
6875,0,40.4,9,8,112.5,"Buena"
6880,0,41.3,10,8,125,"Buena"
6884,0,40.1,9,8,112.5,"Buena"
6905,0,39.5,9,8,112.5,"Buena"
6917,0,34.4,8,6,133.333333333333,"Buena"
6923,0,41.3,10,8,125,"Buena"
6941,0,39.3,9,8,112.5,"Buena"
6947,0,40.2,11,8,137.5,"Buena"
6976,0,41,9,8,112.5,"Buena"
6985,0,39.3,10,8,125,"Buena"
6987,0,39.6,11,8,137.5,"Buena"
6989,0,38.4,11,8,137.5,"Buena"
6999,0,39.4,10,8,125,"Buena"
7011,0,37.2,11,8,137.5,"Buena"
7013,0,36.6,11,8,137.5,"Buena"
7025,0,39.5,10,8,125,"Buena"
7026,0,39.6,9,8,112.5,"Buena"
7029,0,40.3,10,8,125,"Buena"
7030,0,38.4,9,8,112.5,"Buena"
7031,0,40,10,8,125,"Buena"
7045,0,39.1,10,8,125,"Buena"
7046,0,40,10,8,125,"Buena"
7052,0,39.2,9,8,112.5,"Buena"
7054,0,38.3,9,8,112.5,"Buena"
7064,0,41,10,8,125,"Buena"
7070,0,40.2,11,8,137.5,"Buena"
7083,0,39,11,8,137.5,"Buena"
7094,0,38.3,9,8,112.5,"Buena"
7097,0,38.3,9,8,112.5,"Buena"
7098,0,38,9,8,112.5,"Buena"
7106,0,39.4,11,8,137.5,"Buena"
7107,0,38.1,9,8,112.5,"Buena"
7108,0,41.1,10,8,125,"Buena"
7112,1,35,7,6,116.666666666667,"Buena"
7118,0,39,9,8,112.5,"Buena"
7119,0,40.2,10,8,125,"Buena"
7121,0,40,10,8,125,"Buena"
7123,0,38.4,9,8,112.5,"Buena"
7127,0,39.1,11,8,137.5,"Buena"
7133,0,38.2,10,8,125,"Buena"
7135,0,40.2,9,8,112.5,"Buena"
7148,0,40.1,10,8,125,"Buena"
7149,0,40,10,8,125,"Buena"
7156,0,39.2,9,8,112.5,"Buena"
7158,0,38.1,9,8,112.5,"Buena"
7162,0,40.2,10,8,125,"Buena"
7166,0,37.2,11,8,137.5,"Buena"
7174,0,40,10,8,125,"Buena"
7184,0,39.1,10,8,125,"Buena"
7222,0,41.4,10,8,125,"Buena"
7236,0,42,10,8,125,"Buena"
7245,0,35.9,10,6,166.666666666667,"Buena"
7247,0,35,11,6,183.333333333333,"Buena"
7255,0,38.4,11,8,137.5,"Buena"
7260,0,34.4,7,6,116.666666666667,"Buena"
7270,0,40.4,11,8,137.5,"Buena"
7293,0,34.3,9,6,150,"Buena"
7300,0,40.1,10,8,125,"Buena"
7301,0,40,9,8,112.5,"Buena"
7320,0,39.2,9,8,112.5,"Buena"
7326,0,40,9,8,112.5,"Buena"
7337,0,40.5,11,8,137.5,"Buena"
7341,0,41,9,8,112.5,"Buena"
7344,0,38.1,9,8,112.5,"Buena"
7358,0,37.2,10,8,125,"Buena"
7363,0,38.5,9,8,112.5,"Buena"
7369,0,38.4,10,8,125,"Buena"
7382,0,39.6,10,8,125,"Buena"
7383,0,41,9,8,112.5,"Buena"
7389,0,39,10,8,125,"Buena"
7391,0,38,11,8,137.5,"Buena"
7395,0,38.5,10,8,125,"Buena"
7406,1,21.6,5,3,166.666666666667,"Buena"
7407,0,31,8,6,133.333333333333,"Buena"
7414,0,40,9,8,112.5,"Buena"
7424,0,34,8,6,133.333333333333,"Buena"
7435,0,39.5,9,8,112.5,"Buena"
7443,0,39.4,10,8,125,"Buena"
7444,0,39.4,9,8,112.5,"Buena"
7450,0,38.2,9,8,112.5,"Buena"
7454,0,40.2,9,8,112.5,"Buena"
7471,0,33.2,10,6,166.666666666667,"Buena"
7476,0,34,8,6,133.333333333333,"Buena"
7477,0,40.4,10,8,125,"Buena"
7480,0,38,10,8,125,"Buena"
7482,0,40,10,8,125,"Buena"
7484,0,40.3,10,8,125,"Buena"
7487,0,39,9,8,112.5,"Buena"
7505,0,38.5,10,8,125,"Buena"
7506,0,40.4,10,8,125,"Buena"
7518,0,39.1,9,8,112.5,"Buena"
7520,0,38.4,9,8,112.5,"Buena"
7521,0,40.5,11,8,137.5,"Buena"
7525,0,40.6,10,8,125,"Buena"
7540,0,40.5,9,8,112.5,"Buena"
7550,0,40.2,10,8,125,"Buena"
7565,0,40.4,10,8,125,"Buena"
7568,0,41,9,8,112.5,"Buena"
7578,0,38,9,8,112.5,"Buena"
7602,0,40.2,11,8,137.5,"Buena"
7613,0,39.3,9,8,112.5,"Buena"
7615,0,41,9,8,112.5,"Buena"
7633,0,35.1,9,6,150,"Buena"
7635,0,41,9,8,112.5,"Buena"
7636,1,42,10,8,125,"Buena"
7638,0,38,9,8,112.5,"Buena"
7644,0,39,10,8,125,"Buena"
7647,0,37.2,9,8,112.5,"Buena"
7660,0,40.6,9,8,112.5,"Buena"
7661,0,40.4,9,8,112.5,"Buena"
7666,0,39.8,9,8,112.5,"Buena"
7668,0,36.4,10,8,125,"Buena"
7669,0,37.6,11,8,137.5,"Buena"
7673,0,39.3,10,8,125,"Buena"
7679,0,40.3,10,8,125,"Buena"
7682,0,39,10,8,125,"Buena"
7684,0,41.5,9,8,112.5,"Buena"
7700,0,40.2,10,8,125,"Buena"
7704,0,40.2,10,8,125,"Buena"
7711,0,39.5,9,8,112.5,"Buena"
7725,0,40.2,9,8,112.5,"Buena"
7729,0,36.2,9,8,112.5,"Buena"
7730,0,37.4,9,8,112.5,"Buena"
7739,0,39.3,9,8,112.5,"Buena"
7741,0,37.4,10,8,125,"Buena"
7749,1,33,9,6,150,"Buena"
7760,0,39,9,8,112.5,"Buena"
7766,0,40.5,10,8,125,"Buena"
7772,0,36.2,11,8,137.5,"Buena"
7786,1,38,9,8,112.5,"Buena"
7792,0,39.5,11,8,137.5,"Buena"
7813,0,39.5,11,8,137.5,"Buena"
7815,0,40,10,8,125,"Buena"
7833,0,40.2,10,8,125,"Buena"
7837,0,39.5,10,8,125,"Buena"
7862,0,37.1,11,8,137.5,"Buena"
7868,1,39,9,8,112.5,"Buena"
7870,0,39.1,10,8,125,"Buena"
7871,0,35.6,8,6,133.333333333333,"Buena"
7876,0,37,11,8,137.5,"Buena"
7888,0,37,11,8,137.5,"Buena"
7890,0,39,10,8,125,"Buena"
7918,0,38.6,10,8,125,"Buena"
7920,0,34.2,7,6,116.666666666667,"Buena"
7921,0,40.1,11,8,137.5,"Buena"
7924,1,25,6,3,200,"Buena"
7925,0,39,9,8,112.5,"Buena"
7928,0,36.6,11,8,137.5,"Buena"
7933,0,39.2,10,8,125,"Buena"
7936,0,37.2,10,8,125,"Buena"
7938,0,39.4,10,8,125,"Buena"
7950,0,37,9,8,112.5,"Buena"
7978,0,39.5,9,8,112.5,"Buena"
7980,0,40,9,8,112.5,"Buena"
7982,0,40.4,10,8,125,"Buena"
7996,0,39.1,9,8,112.5,"Buena"
7999,0,40,10,8,125,"Buena"
8005,0,40.5,10,8,125,"Buena"
8010,0,41.1,9,8,112.5,"Buena"
8014,0,40.2,10,8,125,"Buena"
8017,0,40.4,10,8,125,"Buena"
8024,0,40,10,8,125,"Buena"
8037,0,40,10,8,125,"Buena"
8040,0,39,10,8,125,"Buena"
8048,0,39.6,9,8,112.5,"Buena"
8049,0,40.1,10,8,125,"Buena"
8050,0,40.1,10,8,125,"Buena"
8061,0,38.3,9,8,112.5,"Buena"
8066,0,40.2,10,8,125,"Buena"
8071,0,39.4,10,8,125,"Buena"
8074,0,39,9,8,112.5,"Buena"
8078,0,41.4,9,8,112.5,"Buena"
8088,1,22,4,3,133.333333333333,"Buena"
8095,0,37.4,10,8,125,"Buena"
8098,0,40,11,8,137.5,"Buena"
8102,0,41,10,8,125,"Buena"
8108,0,36.3,9,8,112.5,"Buena"
8111,0,40,10,8,125,"Buena"
8125,0,41.3,9,8,112.5,"Buena"
8126,0,38.3,9,8,112.5,"Buena"
8128,0,36.6,10,8,125,"Buena"
8147,0,39,10,8,125,"Buena"
8149,0,39.6,9,8,112.5,"Buena"
8155,0,39.1,9,8,112.5,"Buena"
8161,0,38,9,8,112.5,"Buena"
8162,0,39,9,8,112.5,"Buena"
8164,0,39.2,9,8,112.5,"Buena"
8166,0,38,9,8,112.5,"Buena"
8167,0,39.2,9,8,112.5,"Buena"
8168,0,38,9,8,112.5,"Buena"
8183,0,37.2,10,8,125,"Buena"
8202,0,38.3,9,8,112.5,"Buena"
8207,0,41,9,8,112.5,"Buena"
8220,0,39,9,8,112.5,"Buena"
8222,0,37.4,11,8,137.5,"Buena"
8223,0,37.5,11,8,137.5,"Buena"
8225,0,38.1,9,8,112.5,"Buena"
8237,0,38,10,8,125,"Buena"
8240,0,38.5,10,8,125,"Buena"
8258,0,38.2,10,8,125,"Buena"
8263,0,39.3,9,8,112.5,"Buena"
8264,0,38.5,10,8,125,"Buena"
8268,0,40.6,9,8,112.5,"Buena"
8269,0,40.3,9,8,112.5,"Buena"
8270,0,39.5,11,8,137.5,"Buena"
8278,0,41,9,8,112.5,"Buena"
8280,0,40.4,10,8,125,"Buena"
8287,0,37.3,11,8,137.5,"Buena"
8303,0,41.1,11,8,137.5,"Buena"
8314,0,38.3,10,8,125,"Buena"
8331,0,39,9,8,112.5,"Buena"
8344,0,38.1,9,8,112.5,"Buena"
8348,0,37.3,9,8,112.5,"Buena"
8352,0,41.1,11,8,137.5,"Buena"
8366,0,34.5,7,6,116.666666666667,"Buena"
8378,0,40.6,9,8,112.5,"Buena"
8383,0,39,11,8,137.5,"Buena"
8406,0,40.3,9,8,112.5,"Buena"
8426,0,40.4,10,8,125,"Buena"
8431,0,39.5,10,8,125,"Buena"
8434,0,38.1,11,8,137.5,"Buena"
8436,0,37.5,9,8,112.5,"Buena"
8447,0,40.2,11,8,137.5,"Buena"
8451,0,40,10,8,125,"Buena"
8459,1,40.1,9,8,112.5,"Buena"
8469,0,39.2,9,8,112.5,"Buena"
8477,0,39,9,8,112.5,"Buena"
8481,0,38.6,9,8,112.5,"Buena"
8508,0,40.5,11,8,137.5,"Buena"
8525,0,40.2,9,8,112.5,"Buena"
8542,0,40.3,9,8,112.5,"Buena"
8545,0,39.6,9,8,112.5,"Buena"
8558,0,39.1,9,8,112.5,"Buena"
8560,0,40.2,11,8,137.5,"Buena"
8561,0,38,11,8,137.5,"Buena"
8569,0,36.2,10,8,125,"Buena"
8574,0,39.1,9,8,112.5,"Buena"
8601,0,40.1,10,8,125,"Buena"
8609,0,38.5,9,8,112.5,"Buena"
8613,0,37.3,9,8,112.5,"Buena"
8617,0,38,9,8,112.5,"Buena"
8621,0,41,10,8,125,"Buena"
8622,0,34.6,8,6,133.333333333333,"Buena"
8625,0,37,9,8,112.5,"Buena"
8626,0,39.4,9,8,112.5,"Buena"
8649,0,41.6,9,8,112.5,"Buena"
8656,0,39.6,10,8,125,"Buena"
8658,0,40,9,8,112.5,"Buena"
8659,0,40.4,11,8,137.5,"Buena"
8660,0,41.1,11,8,137.5,"Buena"
8666,0,39.6,10,8,125,"Buena"
8673,0,37.6,10,8,125,"Buena"
8678,0,39.2,11,8,137.5,"Buena"
8697,0,40.4,11,8,137.5,"Buena"
8705,0,39.6,9,8,112.5,"Buena"
8706,0,40.1,9,8,112.5,"Buena"
8711,0,42,11,8,137.5,"Buena"
8712,0,41.1,9,8,112.5,"Buena"
8716,0,37.4,10,8,125,"Buena"
8724,0,40.1,10,8,125,"Buena"
8738,0,40.3,9,8,112.5,"Buena"
8741,0,38,10,8,125,"Buena"
8746,0,41.4,9,8,112.5,"Buena"
8764,0,36.6,10,8,125,"Buena"
8772,0,39.3,10,8,125,"Buena"
8776,0,41.3,11,8,137.5,"Buena"
8779,0,40.1,10,8,125,"Buena"
8787,0,38.6,10,8,125,"Buena"
8789,0,35.6,7,6,116.666666666667,"Buena"
8793,0,39,11,8,137.5,"Buena"
8800,0,38.1,9,8,112.5,"Buena"
8810,0,39.4,9,8,112.5,"Buena"
8811,0,39.2,9,8,112.5,"Buena"
8813,0,39.3,10,8,125,"Buena"
8816,0,40.1,10,8,125,"Buena"
8821,0,40.1,9,8,112.5,"Buena"
8827,0,39.1,9,8,112.5,"Buena"
8829,0,38.5,9,8,112.5,"Buena"
8831,0,35.1,8,6,133.333333333333,"Buena"
8834,0,41,9,8,112.5,"Buena"
8841,0,38.5,9,8,112.5,"Buena"
8856,0,39.5,9,8,112.5,"Buena"
8863,0,38,9,8,112.5,"Buena"
8869,0,40,10,8,125,"Buena"
8878,0,39,10,8,125,"Buena"
8881,0,39.4,9,8,112.5,"Buena"
8889,0,39.3,9,8,112.5,"Buena"
8901,0,40.3,9,8,112.5,"Buena"
8905,1,35.5,7,6,116.666666666667,"Buena"
8909,0,38.1,10,8,125,"Buena"
8914,0,40,10,8,125,"Buena"
8916,0,38.3,10,8,125,"Buena"
8919,0,38.1,9,8,112.5,"Buena"
8923,0,39,11,8,137.5,"Buena"
8925,0,40,10,8,125,"Buena"
8940,0,38.2,10,8,125,"Buena"
8943,0,37.5,9,8,112.5,"Buena"
8959,0,36.1,10,8,125,"Buena"
8969,0,40.5,10,8,125,"Buena"
8978,0,41,9,8,112.5,"Buena"
8982,0,40,10,8,125,"Buena"
8991,0,40.2,10,8,125,"Buena"
8994,0,40,10,8,125,"Buena"
9001,0,38.4,10,8,125,"Buena"
9004,0,38.5,9,8,112.5,"Buena"
9006,0,41.2,11,8,137.5,"Buena"
9016,0,39.4,9,8,112.5,"Buena"
9021,0,39,9,8,112.5,"Buena"
9041,0,40,9,8,112.5,"Buena"
9042,0,40.5,10,8,125,"Buena"
9057,0,39,9,8,112.5,"Buena"
9060,0,38.1,10,8,125,"Buena"
9073,0,34,7,6,116.666666666667,"Buena"
9080,0,38,9,8,112.5,"Buena"
9091,0,38,10,8,125,"Buena"
9109,0,38.5,9,8,112.5,"Buena"
9119,0,36,9,8,112.5,"Buena"
9123,0,41.1,10,8,125,"Buena"
9151,0,40.2,9,8,112.5,"Buena"
9165,0,34,8,6,133.333333333333,"Buena"
9176,0,34,7,6,116.666666666667,"Buena"
9190,1,32,10,6,166.666666666667,"Buena"
9195,0,38.2,9,8,112.5,"Buena"
9232,0,39,10,8,125,"Buena"
9256,0,37,9,8,112.5,"Buena"
9260,0,39,10,8,125,"Buena"
9279,0,40,10,8,125,"Buena"
9309,0,40.3,9,8,112.5,"Buena"
9313,0,38,10,8,125,"Buena"
9314,0,36.3,9,8,112.5,"Buena"
9327,0,35,7,6,116.666666666667,"Buena"
9366,0,38.5,9,8,112.5,"Buena"
9371,0,37.6,10,8,125,"Buena"
9375,0,38.1,10,8,125,"Buena"
9407,0,39.5,9,8,112.5,"Buena"
9426,0,38.2,9,8,112.5,"Buena"
9455,0,40.1,9,8,112.5,"Buena"
9478,0,40.1,9,8,112.5,"Buena"
9509,0,40,9,8,112.5,"Buena"
9585,0,41.1,9,8,112.5,"Buena"
9626,0,38.4,9,8,112.5,"Buena"
9639,0,41.6,9,8,112.5,"Buena"
9691,0,39,9,8,112.5,"Buena"
9728,0,41,9,8,112.5,"Buena"
9743,1,37,9,8,112.5,"Buena"
9765,0,40,10,8,125,"Buena"
9781,0,41,9,8,112.5,"Buena"
9792,0,40,9,8,112.5,"Buena"
9794,0,40,9,8,112.5,"Buena"
9795,0,39,9,8,112.5,"Buena"
9811,0,39,9,8,112.5,"Buena"
9820,0,39.5,10,8,125,"Buena"
9831,0,37,11,8,137.5,"Buena"
9841,0,40.4,9,8,112.5,"Buena"
9861,0,39,10,8,125,"Buena"
9867,0,39.2,10,8,125,"Buena"
9881,0,40,10,8,125,"Buena"
9885,0,41,10,8,125,"Buena"
9889,0,39.3,10,8,125,"Buena"
9907,1,38.3,9,8,112.5,"Buena"
9964,0,35.4,10,6,166.666666666667,"Buena"
9999,0,39,10,8,125,"Buena"
10007,0,35.1,8,6,133.333333333333,"Buena"
10025,0,39.2,10,8,125,"Buena"
10043,0,33,8,6,133.333333333333,"Buena"
10045,0,41.1,10,8,125,"Buena"
10050,0,39,10,8,125,"Buena"
10060,0,40,9,8,112.5,"Buena"
10064,0,36.3,11,8,137.5,"Buena"
10099,0,38,9,8,112.5,"Buena"
10123,0,39.5,9,8,112.5,"Buena"
10158,0,35,7,6,116.666666666667,"Buena"
10198,0,34,7,6,116.666666666667,"Buena"
10203,0,38,9,8,112.5,"Buena"
10215,0,39,9,8,112.5,"Buena"
10230,0,40,9,8,112.5,"Buena"
10232,0,40.5,9,8,112.5,"Buena"
10240,0,40.1,9,8,112.5,"Buena"
10257,0,38.5,9,8,112.5,"Buena"
10267,0,40,9,8,112.5,"Buena"
10276,0,40.4,11,8,137.5,"Buena"
10283,0,39.1,9,8,112.5,"Buena"
10296,0,38,9,8,112.5,"Buena"
10299,0,40,10,8,125,"Buena"
10309,0,40.3,9,8,112.5,"Buena"
10358,0,40,9,8,112.5,"Buena"
10365,0,35.6,7,6,116.666666666667,"Buena"
10385,0,39.5,10,8,125,"Buena"
10390,0,38,9,8,112.5,"Buena"
10397,0,37.4,9,8,112.5,"Buena"
10398,0,40.4,11,8,137.5,"Buena"
10418,0,38.3,11,8,137.5,"Buena"
10437,0,37.5,9,8,112.5,"Buena"
10443,0,35,11,6,183.333333333333,"Buena"
10446,0,39.1,11,8,137.5,"Buena"
10463,0,40,9,8,112.5,"Buena"
10465,0,38.4,9,8,112.5,"Buena"
10473,0,39,9,8,112.5,"Buena"
10485,0,38.3,10,8,125,"Buena"
10510,0,41,11,8,137.5,"Buena"
10515,0,39.4,11,8,137.5,"Buena"
10532,0,40,10,8,125,"Buena"
10541,0,40,11,8,137.5,"Buena"
10543,0,41,9,8,112.5,"Buena"
10562,0,39.6,9,8,112.5,"Buena"
10585,0,39.5,11,8,137.5,"Buena"
10604,0,40.1,10,8,125,"Buena"
10616,0,40.3,10,8,125,"Buena"
10618,0,39,9,8,112.5,"Buena"
10621,0,40.3,9,8,112.5,"Buena"
10624,0,39.5,9,8,112.5,"Buena"
10629,0,40.1,10,8,125,"Buena"
10636,0,40.1,11,8,137.5,"Buena"
10638,0,41,10,8,125,"Buena"
10649,0,38.5,11,8,137.5,"Buena"
10650,0,38,9,8,112.5,"Buena"
10663,0,40.1,10,8,125,"Buena"
10671,0,40,9,8,112.5,"Buena"
10677,0,36.6,9,8,112.5,"Buena"
10682,0,40.2,9,8,112.5,"Buena"
10684,0,40.1,9,8,112.5,"Buena"
10708,0,38.1,10,8,125,"Buena"
10744,0,32.1,8,6,133.333333333333,"Buena"
10745,0,35.3,8,6,133.333333333333,"Buena"
10793,0,39.4,10,8,125,"Buena"
10795,0,39.2,9,8,112.5,"Buena"
10798,0,37.1,10,8,125,"Buena"
10805,1,39,11,8,137.5,"Buena"
10813,0,36.6,10,8,125,"Buena"
10840,0,38,11,8,137.5,"Buena"
10856,0,39.1,10,8,125,"Buena"
10889,0,37.1,11,8,137.5,"Buena"
10935,0,39.1,9,8,112.5,"Buena"
10964,0,38.1,10,8,125,"Buena"
10965,0,38.6,9,8,112.5,"Buena"
11017,0,39.5,10,8,125,"Buena"
11030,0,39.1,10,8,125,"Buena"
11070,0,40.5,9,8,112.5,"Buena"
11090,1,24.6,4,3,133.333333333333,"Buena"
11095,0,33.5,8,6,133.333333333333,"Buena"
11102,0,36.6,9,8,112.5,"Buena"
11106,0,36.4,10,8,125,"Buena"
11110,0,35.2,9,6,150,"Buena"
11115,0,35.1,8,6,133.333333333333,"Buena"
11116,0,35.4,7,6,116.666666666667,"Buena"
11117,0,34,7,6,116.666666666667,"Buena"
11132,0,38,9,8,112.5,"Buena"
11135,0,38.5,11,8,137.5,"Buena"
11137,0,39,10,8,125,"Buena"
11145,0,39,9,8,112.5,"Buena"
11156,0,40,9,8,112.5,"Buena"
11157,0,38.3,9,8,112.5,"Buena"
11173,0,40.5,9,8,112.5,"Buena"
11194,0,39.3,11,8,137.5,"Buena"
11202,0,40.3,10,8,125,"Buena"
11203,0,40.3,10,8,125,"Buena"
11213,0,40,10,8,125,"Buena"
11227,0,40.1,11,8,137.5,"Buena"
11236,0,37.5,10,8,125,"Buena"
11252,0,39.3,9,8,112.5,"Buena"
11256,0,40.2,11,8,137.5,"Buena"
11266,0,40.5,11,8,137.5,"Buena"
11267,0,40.1,9,8,112.5,"Buena"
11274,0,39,9,8,112.5,"Buena"
11277,0,40.3,9,8,112.5,"Buena"
11294,0,41,9,8,112.5,"Buena"
11299,0,40,10,8,125,"Buena"
11306,0,38.4,10,8,125,"Buena"
11315,0,37.6,11,8,137.5,"Buena"
11317,0,37,10,8,125,"Buena"
11320,0,38,9,8,112.5,"Buena"
11324,0,39,11,8,137.5,"Buena"
11336,0,40.6,11,8,137.5,"Buena"
11340,0,38.6,10,8,125,"Buena"
11342,0,38.5,9,8,112.5,"Buena"
11348,0,40.2,9,8,112.5,"Buena"
11363,0,40,10,8,125,"Buena"
11364,0,40.2,9,8,112.5,"Buena"
11365,0,38.5,11,8,137.5,"Buena"
11366,0,34.2,10,6,166.666666666667,"Buena"
11385,0,39.4,9,8,112.5,"Buena"
11397,0,36.3,9,8,112.5,"Buena"
11417,1,30.6,7,6,116.666666666667,"Buena"
11422,0,39.6,9,8,112.5,"Buena"
11424,0,37.4,11,8,137.5,"Buena"
11453,0,42,9,8,112.5,"Buena"
11457,0,39.6,9,8,112.5,"Buena"
11465,1,27.1,6,3,200,"Buena"
11469,0,40.2,10,8,125,"Buena"
11474,0,39.2,10,8,125,"Buena"
11476,0,39.2,9,8,112.5,"Buena"
11483,0,36.5,11,8,137.5,"Buena"
11487,0,39.3,10,8,125,"Buena"
11497,0,39.3,9,8,112.5,"Buena"
11499,0,40,11,8,137.5,"Buena"
11508,0,40.1,10,8,125,"Buena"
11522,0,38,11,8,137.5,"Buena"
11534,0,40,9,8,112.5,"Buena"
11536,0,40.4,10,8,125,"Buena"
11541,0,41,10,8,125,"Buena"
11558,0,38.2,9,8,112.5,"Buena"
11559,0,40.5,11,8,137.5,"Buena"
11579,0,39.5,9,8,112.5,"Buena"
11585,0,39.1,10,8,125,"Buena"
11645,0,41,11,8,137.5,"Buena"
11648,0,39.3,9,8,112.5,"Buena"
11653,0,35.4,8,6,133.333333333333,"Buena"
11657,1,40,9,8,112.5,"Buena"
11670,0,38,9,8,112.5,"Buena"
11677,0,38,9,8,112.5,"Buena"
11680,0,39.2,10,8,125,"Buena"
11696,0,39.5,11,8,137.5,"Buena"
11710,0,37.1,10,8,125,"Buena"
11712,0,40,10,8,125,"Buena"
11713,0,41,11,8,137.5,"Buena"
11724,0,39.5,9,8,112.5,"Buena"
11745,0,38.5,10,8,125,"Buena"
11749,0,38.5,10,8,125,"Buena"
11759,0,38.2,9,8,112.5,"Buena"
11768,0,37.3,10,8,125,"Buena"
11770,0,39,11,8,137.5,"Buena"
11773,0,37.5,9,8,112.5,"Buena"
11780,0,39.4,10,8,125,"Buena"
11785,0,40.3,11,8,137.5,"Buena"
11788,0,39,9,8,112.5,"Buena"
11802,0,41,10,8,125,"Buena"
11811,0,39.6,11,8,137.5,"Buena"
11815,0,34.3,8,6,133.333333333333,"Buena"
11826,1,40.2,9,8,112.5,"Buena"
11839,0,38.4,11,8,137.5,"Buena"
11844,0,41.1,11,8,137.5,"Buena"
11847,0,35.1,7,6,116.666666666667,"Buena"
11848,0,40.1,10,8,125,"Buena"
11870,0,39.6,9,8,112.5,"Buena"
11875,0,36.5,11,8,137.5,"Buena"
11885,0,40,11,8,137.5,"Buena"
11888,0,38.6,11,8,137.5,"Buena"
11905,0,40.6,10,8,125,"Buena"
11923,0,37.3,10,8,125,"Buena"
11941,0,41.6,10,8,125,"Buena"
11961,0,39.4,10,8,125,"Buena"
11966,0,36.6,11,8,137.5,"Buena"
11984,0,39.3,10,8,125,"Buena"
11994,0,38.6,9,8,112.5,"Buena"
11997,0,37.4,9,8,112.5,"Buena"
12005,0,41,9,8,112.5,"Buena"
12010,0,38.4,9,8,112.5,"Buena"
12013,0,39.3,10,8,125,"Buena"
12041,0,39,9,8,112.5,"Buena"
12049,0,37.6,9,8,112.5,"Buena"
12052,0,40.3,9,8,112.5,"Buena"
12054,0,39.3,9,8,112.5,"Buena"
12055,0,39,9,8,112.5,"Buena"
12071,0,38.5,9,8,112.5,"Buena"
12084,0,39.3,11,8,137.5,"Buena"
12085,0,32,10,6,166.666666666667,"Buena"
12091,0,38,9,8,112.5,"Buena"
12092,0,38,9,8,112.5,"Buena"
12098,0,40.2,9,8,112.5,"Buena"
12108,0,39.2,9,8,112.5,"Buena"
12115,0,38.1,10,8,125,"Buena"
12123,0,38.8,10,8,125,"Buena"
12150,0,39.4,9,8,112.5,"Buena"
12156,0,38,11,8,137.5,"Buena"
12157,0,40.3,9,8,112.5,"Buena"
12163,0,41.1,9,8,112.5,"Buena"
12167,0,39.4,9,8,112.5,"Buena"
12169,0,35,7,6,116.666666666667,"Buena"
12173,0,38.2,9,8,112.5,"Buena"
12177,0,38.1,9,8,112.5,"Buena"
12184,0,31,8,6,133.333333333333,"Buena"
12216,0,37.2,10,8,125,"Buena"
12217,0,38.6,9,8,112.5,"Buena"
12218,0,40.4,9,8,112.5,"Buena"
12239,0,39,10,8,125,"Buena"
12242,0,38.6,11,8,137.5,"Buena"
12246,0,41.4,9,8,112.5,"Buena"
12247,0,41.4,11,8,137.5,"Buena"
12255,0,40,11,8,137.5,"Buena"
12256,0,39.6,11,8,137.5,"Buena"
12265,0,39.5,10,8,125,"Buena"
12272,0,39.4,10,8,125,"Buena"
12279,0,38,11,8,137.5,"Buena"
12285,0,40.1,9,8,112.5,"Buena"
12290,0,39.6,10,8,125,"Buena"
12292,0,34,7,6,116.666666666667,"Buena"
12295,0,41.1,9,8,112.5,"Buena"
12306,0,41,9,8,112.5,"Buena"
12307,0,35.4,9,6,150,"Buena"
12317,0,39,9,8,112.5,"Buena"
12318,0,38.5,9,8,112.5,"Buena"
12326,0,41.2,11,8,137.5,"Buena"
12332,0,33.6,10,6,166.666666666667,"Buena"
12334,0,40.3,10,8,125,"Buena"
12335,0,39.4,10,8,125,"Buena"
12340,0,39.5,9,8,112.5,"Buena"
12341,0,40.2,11,8,137.5,"Buena"
12343,0,40.5,10,8,125,"Buena"
12369,0,38.5,9,8,112.5,"Buena"
12376,0,40.2,10,8,125,"Buena"
12381,0,36,11,8,137.5,"Buena"
12383,0,40,9,8,112.5,"Buena"
12386,0,39.6,9,8,112.5,"Buena"
12398,0,39,11,8,137.5,"Buena"
12402,0,39.2,10,8,125,"Buena"
12403,0,40.2,10,8,125,"Buena"
12412,0,40.1,10,8,125,"Buena"
12414,0,39.5,11,8,137.5,"Buena"
12424,0,38.4,9,8,112.5,"Buena"
12439,0,40,10,8,125,"Buena"
12449,0,40.1,10,8,125,"Buena"
12450,0,39,10,8,125,"Buena"
12454,0,39,10,8,125,"Buena"
12460,0,39.4,10,8,125,"Buena"
12462,0,33.5,8,6,133.333333333333,"Buena"
12469,0,40.5,9,8,112.5,"Buena"
12476,0,37.3,9,8,112.5,"Buena"
12485,0,39.1,9,8,112.5,"Buena"
12488,0,38.6,9,8,112.5,"Buena"
12493,0,38,9,8,112.5,"Buena"
12497,0,38.3,10,8,125,"Buena"
12502,0,39.5,9,8,112.5,"Buena"
12505,0,40,9,8,112.5,"Buena"
12509,0,37.6,11,8,137.5,"Buena"
12510,0,39.4,10,8,125,"Buena"
12517,0,36,9,8,112.5,"Buena"
12525,0,39,9,8,112.5,"Buena"
12567,0,40.2,9,8,112.5,"Buena"
12568,0,39,9,8,112.5,"Buena"
12581,0,38.1,11,8,137.5,"Buena"
12586,0,38.6,9,8,112.5,"Buena"
12592,0,40,10,8,125,"Buena"
12618,0,40.3,10,8,125,"Buena"
12628,0,39,9,8,112.5,"Buena"
12629,0,41,11,8,137.5,"Buena"
12637,0,38.4,11,8,137.5,"Buena"
12646,0,41.2,9,8,112.5,"Buena"
12649,0,39,9,8,112.5,"Buena"
12652,0,40,11,8,137.5,"Buena"
12658,0,39,9,8,112.5,"Buena"
12663,0,40,9,8,112.5,"Buena"
12666,0,38.3,9,8,112.5,"Buena"
12667,0,41.1,9,8,112.5,"Buena"
12671,0,39.3,9,8,112.5,"Buena"
12674,0,39.4,9,8,112.5,"Buena"
12676,0,40.4,10,8,125,"Buena"
12690,0,39.3,9,8,112.5,"Buena"
12718,0,39.6,9,8,112.5,"Buena"
12724,0,36,10,8,125,"Buena"
12731,0,41.3,9,8,112.5,"Buena"
12735,0,39.3,9,8,112.5,"Buena"
12738,0,40.3,11,8,137.5,"Buena"
12740,0,40.1,10,8,125,"Buena"
12741,0,36.5,10,8,125,"Buena"
12742,0,39.4,9,8,112.5,"Buena"
12744,0,39.3,10,8,125,"Buena"
12747,0,39.1,9,8,112.5,"Buena"
12748,0,39,9,8,112.5,"Buena"
12750,0,39.1,9,8,112.5,"Buena"
12751,0,40.6,9,8,112.5,"Buena"
12753,0,35.3,7,6,116.666666666667,"Buena"
12764,0,41.4,10,8,125,"Buena"
12771,0,39,9,8,112.5,"Buena"
12775,0,39,9,8,112.5,"Buena"
12782,0,37.4,9,8,112.5,"Buena"
12787,0,41.2,11,8,137.5,"Buena"
12788,0,37.1,10,8,125,"Buena"
12789,0,39.4,10,8,125,"Buena"
12794,0,39.4,9,8,112.5,"Buena"
12795,0,41,9,8,112.5,"Buena"
12796,0,41,10,8,125,"Buena"
12799,0,37.1,9,8,112.5,"Buena"
12801,0,38,9,8,112.5,"Buena"
12808,0,39.3,9,8,112.5,"Buena"
12813,0,36.3,9,8,112.5,"Buena"
12818,0,38.2,11,8,137.5,"Buena"
12825,0,40.6,10,8,125,"Buena"
12826,0,37.4,9,8,112.5,"Buena"
12829,0,39.3,10,8,125,"Buena"
12840,0,37.3,9,8,112.5,"Buena"
12847,0,39,10,8,125,"Buena"
12853,0,34.4,7,6,116.666666666667,"Buena"
12859,0,40.4,10,8,125,"Buena"
12860,0,40,9,8,112.5,"Buena"
12861,0,38.5,9,8,112.5,"Buena"
12864,0,40.4,9,8,112.5,"Buena"
12882,0,41.6,9,8,112.5,"Buena"
12883,0,38.3,10,8,125,"Buena"
12884,0,38.1,11,8,137.5,"Buena"
12891,0,41,9,8,112.5,"Buena"
12896,0,39.4,9,8,112.5,"Buena"
12900,0,40.1,11,8,137.5,"Buena"
12905,0,39.4,9,8,112.5,"Buena"
12910,0,39.4,10,8,125,"Buena"
12922,0,39.3,11,8,137.5,"Buena"
12925,0,38,10,8,125,"Buena"
12929,0,39.4,11,8,137.5,"Buena"
12944,0,41.2,9,8,112.5,"Buena"
12956,0,39.3,9,8,112.5,"Buena"
12958,1,39.6,9,8,112.5,"Buena"
12962,0,39.4,9,8,112.5,"Buena"
12966,0,35.2,7,6,116.666666666667,"Buena"
12974,0,39.6,9,8,112.5,"Buena"
12976,0,38.1,11,8,137.5,"Buena"
12981,0,39.4,10,8,125,"Buena"
12983,0,39.3,10,8,125,"Buena"
12984,0,39.1,10,8,125,"Buena"
12985,0,38.2,9,8,112.5,"Buena"
12993,0,39,10,8,125,"Buena"
13018,0,38.2,10,8,125,"Buena"
13020,0,41.1,10,8,125,"Buena"
13021,0,40.6,9,8,112.5,"Buena"
13030,0,40,9,8,112.5,"Buena"
13061,0,39.6,9,8,112.5,"Buena"
13075,0,41.6,10,8,125,"Buena"
13078,0,36.4,10,8,125,"Buena"
13079,0,37.1,9,8,112.5,"Buena"
13080,0,38.1,9,8,112.5,"Buena"
13091,0,34.1,7,6,116.666666666667,"Buena"
13094,0,39.6,10,8,125,"Buena"
13103,0,39,10,8,125,"Buena"
13106,0,39.6,9,8,112.5,"Buena"
13115,0,38,11,8,137.5,"Buena"
13123,0,40,9,8,112.5,"Buena"
13126,0,39.2,10,8,125,"Buena"
13127,0,39.5,10,8,125,"Buena"
13140,0,39.2,9,8,112.5,"Buena"
13144,0,38.2,10,8,125,"Buena"
13146,0,39.4,9,8,112.5,"Buena"
13147,0,39.2,9,8,112.5,"Buena"
13149,0,37.5,10,8,125,"Buena"
13151,0,37.4,9,8,112.5,"Buena"
13161,0,37.1,10,8,125,"Buena"
13163,0,40.1,9,8,112.5,"Buena"
13164,0,40.5,10,8,125,"Buena"
13165,0,39.4,9,8,112.5,"Buena"
13181,0,35.6,8,6,133.333333333333,"Buena"
13188,0,41.1,9,8,112.5,"Buena"
13202,0,40.1,10,8,125,"Buena"
13208,0,38.5,10,8,125,"Buena"
13212,0,35.1,7,6,116.666666666667,"Buena"
13213,0,37.5,10,8,125,"Buena"
13214,0,39.5,9,8,112.5,"Buena"
13216,0,41.1,9,8,112.5,"Buena"
13238,0,34.6,7,6,116.666666666667,"Buena"
13249,0,40.3,11,8,137.5,"Buena"
13258,0,39.1,9,8,112.5,"Buena"
13261,0,38.6,9,8,112.5,"Buena"
13262,0,41.2,10,8,125,"Buena"
13265,0,39,10,8,125,"Buena"
13266,0,38.2,10,8,125,"Buena"
13274,0,39.6,9,8,112.5,"Buena"
13280,0,40.2,9,8,112.5,"Buena"
13293,0,39.2,9,8,112.5,"Buena"
13296,0,37,11,8,137.5,"Buena"
13297,0,38.5,9,8,112.5,"Buena"
13298,0,38.5,10,8,125,"Buena"
13299,0,40.5,9,8,112.5,"Buena"
13303,0,33.4,7,6,116.666666666667,"Buena"
13308,0,41,11,8,137.5,"Buena"
13328,0,35.3,10,6,166.666666666667,"Buena"
13330,0,37.4,9,8,112.5,"Buena"
13333,0,37.6,9,8,112.5,"Buena"
13340,0,36,9,8,112.5,"Buena"
13343,0,40.4,9,8,112.5,"Buena"
13356,0,40,10,8,125,"Buena"
13361,0,34.1,11,6,183.333333333333,"Buena"
13367,0,38.4,9,8,112.5,"Buena"
13372,0,39.2,10,8,125,"Buena"
13376,0,39.3,9,8,112.5,"Buena"
13377,0,39.3,10,8,125,"Buena"
13380,0,38.3,9,8,112.5,"Buena"
13382,0,37.1,11,8,137.5,"Buena"
13384,0,39.1,9,8,112.5,"Buena"
13386,0,39,11,8,137.5,"Buena"
13388,0,41,10,8,125,"Buena"
13390,0,38,9,8,112.5,"Buena"
13391,0,38.4,10,8,125,"Buena"
13394,0,37.4,9,8,112.5,"Buena"
13399,0,31.3,8,6,133.333333333333,"Buena"
13400,0,40,9,8,112.5,"Buena"
13410,0,38.6,10,8,125,"Buena"
13411,0,39.6,10,8,125,"Buena"
13419,0,39.6,10,8,125,"Buena"
13421,0,39.5,9,8,112.5,"Buena"
13427,0,41.1,11,8,137.5,"Buena"
13428,0,40.2,10,8,125,"Buena"
13430,0,40.3,9,8,112.5,"Buena"
13435,0,36,10,8,125,"Buena"
13438,0,40.1,11,8,137.5,"Buena"
13443,0,41.3,11,8,137.5,"Buena"
13449,0,40.5,10,8,125,"Buena"
13454,0,41,10,8,125,"Buena"
13455,0,40,9,8,112.5,"Buena"
13458,0,36.5,9,8,112.5,"Buena"
13461,0,39.4,11,8,137.5,"Buena"
13465,0,39.2,9,8,112.5,"Buena"
13466,0,38.3,9,8,112.5,"Buena"
13467,0,39.2,11,8,137.5,"Buena"
13469,0,41.1,11,8,137.5,"Buena"
13471,0,34.5,8,6,133.333333333333,"Buena"
13472,0,38.5,11,8,137.5,"Buena"
13474,0,38.3,9,8,112.5,"Buena"
13483,0,37.5,10,8,125,"Buena"
13485,0,40,9,8,112.5,"Buena"
13488,0,37.6,10,8,125,"Buena"
13498,0,39.1,9,8,112.5,"Buena"
13508,0,34,7,6,116.666666666667,"Buena"
13509,0,36.2,10,8,125,"Buena"
13511,0,41,11,8,137.5,"Buena"
13512,0,39.2,11,8,137.5,"Buena"
13517,0,37.5,9,8,112.5,"Buena"
13524,0,38.5,10,8,125,"Buena"
13552,0,35,8,6,133.333333333333,"Buena"
13555,0,38,11,8,137.5,"Buena"
13557,0,37.5,10,8,125,"Buena"
13560,0,42,9,8,112.5,"Buena"
13565,0,41,10,8,125,"Buena"
13566,0,40.2,10,8,125,"Buena"
13572,0,32.4,7,6,116.666666666667,"Buena"
13583,0,37.6,9,8,112.5,"Buena"
13590,0,38.4,9,8,112.5,"Buena"
13592,0,40.1,11,8,137.5,"Buena"
13593,0,41.4,10,8,125,"Buena"
13602,0,40.1,9,8,112.5,"Buena"
13605,0,39.5,9,8,112.5,"Buena"
13606,0,40.4,11,8,137.5,"Buena"
13610,0,40,10,8,125,"Buena"
13611,0,41.2,9,8,112.5,"Buena"
13617,0,40.2,10,8,125,"Buena"
13623,0,38.2,11,8,137.5,"Buena"
13628,0,40.5,9,8,112.5,"Buena"
13635,0,39,11,8,137.5,"Buena"
13637,0,39.5,9,8,112.5,"Buena"
13638,0,40,11,8,137.5,"Buena"
13639,0,39.5,10,8,125,"Buena"
13643,0,38.1,9,8,112.5,"Buena"
13651,0,37,9,8,112.5,"Buena"
13671,0,40,9,8,112.5,"Buena"
13678,0,41,9,8,112.5,"Buena"
13683,0,40.4,9,8,112.5,"Buena"
13689,0,39.5,9,8,112.5,"Buena"
13692,0,39,11,8,137.5,"Buena"
13698,0,39.3,9,8,112.5,"Buena"
13702,0,36.6,9,8,112.5,"Buena"
13704,0,39.6,10,8,125,"Buena"
13705,0,34,7,6,116.666666666667,"Buena"
13708,0,38.6,9,8,112.5,"Buena"
13713,0,39,10,8,125,"Buena"
13716,0,39.4,10,8,125,"Buena"
13718,0,38.2,10,8,125,"Buena"
13719,0,38.4,9,8,112.5,"Buena"
13725,0,39.5,10,8,125,"Buena"
13732,0,35.2,9,6,150,"Buena"
13738,0,39.6,11,8,137.5,"Buena"
13742,0,39.6,9,8,112.5,"Buena"
13748,0,39.3,11,8,137.5,"Buena"
13750,0,40.2,9,8,112.5,"Buena"
13755,0,40.3,10,8,125,"Buena"
13762,0,40.1,11,8,137.5,"Buena"
13770,0,27.6,5,3,166.666666666667,"Buena"
13789,0,40,10,8,125,"Buena"
13797,0,40.1,9,8,112.5,"Buena"
13804,0,37.6,10,8,125,"Buena"
13812,0,39.6,9,8,112.5,"Buena"
13820,0,35.1,7,6,116.666666666667,"Buena"
13822,0,40.3,9,8,112.5,"Buena"
13835,0,40.4,9,8,112.5,"Buena"
13836,0,40,9,8,112.5,"Buena"
13839,0,38,11,8,137.5,"Buena"
13841,0,37.3,10,8,125,"Buena"
13842,0,37.3,9,8,112.5,"Buena"
13844,0,39,11,8,137.5,"Buena"
13847,0,40.4,11,8,137.5,"Buena"
13858,0,38.3,9,8,112.5,"Buena"
13859,0,39.5,10,8,125,"Buena"
13883,0,38.6,9,8,112.5,"Buena"
13890,0,40.4,9,8,112.5,"Buena"
13891,0,39.2,9,8,112.5,"Buena"
13897,0,39,9,8,112.5,"Buena"
13904,0,35.6,8,6,133.333333333333,"Buena"
13910,0,40,10,8,125,"Buena"
13934,0,41,9,8,112.5,"Buena"
13937,0,40.4,11,8,137.5,"Buena"
13938,1,25.2,4,3,133.333333333333,"Buena"
13939,0,38.4,10,8,125,"Buena"
13943,0,39.4,11,8,137.5,"Buena"
13944,0,39.9,9,8,112.5,"Buena"
13946,0,39,9,8,112.5,"Buena"
13956,0,41,9,8,112.5,"Buena"
13960,0,35.5,7,6,116.666666666667,"Buena"
13972,0,40.4,10,8,125,"Buena"
13975,0,39,10,8,125,"Buena"
13977,0,40.1,11,8,137.5,"Buena"
13999,0,39.5,9,8,112.5,"Buena"
14002,0,39.2,9,8,112.5,"Buena"
14003,0,41.3,9,8,112.5,"Buena"
14006,0,37,9,8,112.5,"Buena"
14008,0,39.5,10,8,125,"Buena"
14033,0,40.4,9,8,112.5,"Buena"
14036,0,41,10,8,125,"Buena"
14062,0,38.5,10,8,125,"Buena"
14078,0,38.5,9,8,112.5,"Buena"
14079,0,40,9,8,112.5,"Buena"
14083,0,39.2,10,8,125,"Buena"
14086,0,40.3,11,8,137.5,"Buena"
14093,0,40.3,10,8,125,"Buena"
14094,0,39.5,9,8,112.5,"Buena"
14100,0,39.4,9,8,112.5,"Buena"
14101,0,39,11,8,137.5,"Buena"
14110,0,40.6,11,8,137.5,"Buena"
14113,0,38.4,10,8,125,"Buena"
14117,0,40.5,10,8,125,"Buena"
14119,0,38.6,9,8,112.5,"Buena"
14120,0,40.1,12,8,150,"Buena"
14132,0,40.4,9,8,112.5,"Buena"
14142,0,39.1,9,8,112.5,"Buena"
14150,0,38.4,9,8,112.5,"Buena"
14153,0,41.3,11,8,137.5,"Buena"
14156,0,38.4,9,8,112.5,"Buena"
14160,0,40.6,9,8,112.5,"Buena"
14164,0,39.2,10,8,125,"Buena"
14167,0,39.2,10,8,125,"Buena"
14168,0,32.2,7,6,116.666666666667,"Buena"
14176,0,38,9,8,112.5,"Buena"
14193,0,38,9,8,112.5,"Buena"
14201,0,32.2,7,6,116.666666666667,"Buena"
14203,0,37.5,10,8,125,"Buena"
14217,0,39,10,8,125,"Buena"
14223,0,38.1,10,8,125,"Buena"
14240,0,40.4,9,8,112.5,"Buena"
14243,0,40.1,10,8,125,"Buena"
14247,0,32.6,7,6,116.666666666667,"Buena"
14251,0,41.2,9,8,112.5,"Buena"
14257,0,41.6,9,8,112.5,"Buena"
14260,0,41.1,10,8,125,"Buena"
14261,0,37.5,9,8,112.5,"Buena"
14263,0,40.5,11,8,137.5,"Buena"
14268,0,39.6,10,8,125,"Buena"
14271,0,40,11,8,137.5,"Buena"
14274,0,38.5,11,8,137.5,"Buena"
14280,0,41.3,9,8,112.5,"Buena"
14284,0,40,11,8,137.5,"Buena"
14288,0,40.5,11,8,137.5,"Buena"
14305,0,41.1,10,8,125,"Buena"
14307,1,25.5,4,3,133.333333333333,"Buena"
14309,0,38.3,10,8,125,"Buena"
14319,0,38.5,9,8,112.5,"Buena"
14321,0,38.1,9,8,112.5,"Buena"
14322,0,38,9,8,112.5,"Buena"
14328,0,37.5,9,8,112.5,"Buena"
14334,0,38.3,10,8,125,"Buena"
14340,0,38,10,8,125,"Buena"
14350,0,40.1,10,8,125,"Buena"
14367,0,39.1,9,8,112.5,"Buena"
14368,0,35,7,6,116.666666666667,"Buena"
14381,0,42,9,8,112.5,"Buena"
14393,0,40.1,10,8,125,"Buena"
14394,0,35,7,6,116.666666666667,"Buena"
14399,0,34.6,7,6,116.666666666667,"Buena"
14400,0,40,10,8,125,"Buena"
14407,0,41,11,8,137.5,"Buena"
14410,0,37.1,9,8,112.5,"Buena"
14412,0,39.6,9,8,112.5,"Buena"
14417,0,39.6,10,8,125,"Buena"
14419,0,39.4,10,8,125,"Buena"
14424,0,38.3,11,8,137.5,"Buena"
14427,0,35.3,7,6,116.666666666667,"Buena"
14430,0,41.1,10,8,125,"Buena"
14433,0,39.4,9,8,112.5,"Buena"
14436,0,38.5,10,8,125,"Buena"
14450,0,38.4,10,8,125,"Buena"
14452,0,39,10,8,125,"Buena"
14454,0,40,10,8,125,"Buena"
14459,0,34.6,10,6,166.666666666667,"Buena"
14466,0,36,10,8,125,"Buena"
14469,0,37.5,10,8,125,"Buena"
14472,0,38.5,9,8,112.5,"Buena"
14473,0,38.2,10,8,125,"Buena"
14475,0,35.5,8,6,133.333333333333,"Buena"
14479,0,41.3,11,8,137.5,"Buena"
14487,0,39.2,11,8,137.5,"Buena"
14495,0,35,7,6,116.666666666667,"Buena"
14498,0,40,10,8,125,"Buena"
14522,0,39.4,9,8,112.5,"Buena"
14530,0,41.2,9,8,112.5,"Buena"
14533,0,36.5,10,8,125,"Buena"
14539,0,39.2,9,8,112.5,"Buena"
14540,0,41,10,8,125,"Buena"
14546,0,39.6,11,8,137.5,"Buena"
14555,0,40.3,10,8,125,"Buena"
14558,0,39.1,10,8,125,"Buena"
14569,0,40,10,8,125,"Buena"
14575,0,40.3,9,8,112.5,"Buena"
14597,0,41,10,8,125,"Buena"
14598,0,38.5,9,8,112.5,"Buena"
14600,0,35.6,8,6,133.333333333333,"Buena"
14602,0,39,10,8,125,"Buena"
14607,0,38.2,9,8,112.5,"Buena"
14608,0,35.6,8,6,133.333333333333,"Buena"
14621,0,38.4,11,8,137.5,"Buena"
14622,0,34,8,6,133.333333333333,"Buena"
14625,0,36.3,10,8,125,"Buena"
14633,0,41.2,10,8,125,"Buena"
14641,0,39.2,10,8,125,"Buena"
14651,0,36.6,11,8,137.5,"Buena"
14653,0,37.5,11,8,137.5,"Buena"
14654,0,40.4,11,8,137.5,"Buena"
14657,0,39.1,10,8,125,"Buena"
14662,0,39,11,8,137.5,"Buena"
14665,0,39,9,8,112.5,"Buena"
14667,0,40,9,8,112.5,"Buena"
14674,0,41.1,10,8,125,"Buena"
14680,0,38,10,8,125,"Buena"
14687,0,39,11,8,137.5,"Buena"
14707,0,39.1,9,8,112.5,"Buena"
14708,0,40,10,8,125,"Buena"
14710,0,39.5,9,8,112.5,"Buena"
14717,0,40,9,8,112.5,"Buena"
14718,0,38.3,10,8,125,"Buena"
14722,0,37.6,9,8,112.5,"Buena"
14724,0,40.4,11,8,137.5,"Buena"
14729,0,40.2,10,8,125,"Buena"
14731,0,40.6,11,8,137.5,"Buena"
14735,0,40,9,8,112.5,"Buena"
14742,0,36.3,10,8,125,"Buena"
14757,0,38,10,8,125,"Buena"
14762,0,39.6,9,8,112.5,"Buena"
14764,0,40.3,9,8,112.5,"Buena"
14767,0,38.3,10,8,125,"Buena"
14768,0,40.6,9,8,112.5,"Buena"
14771,0,40.2,11,8,137.5,"Buena"
14776,0,40.2,10,8,125,"Buena"
14777,0,39,11,8,137.5,"Buena"
14784,0,40.3,11,8,137.5,"Buena"
14794,0,40,9,8,112.5,"Buena"
14804,0,37,9,8,112.5,"Buena"
14806,0,38.3,11,8,137.5,"Buena"
14824,0,40.3,9,8,112.5,"Buena"
14838,0,38.4,10,8,125,"Buena"
14848,0,37.5,11,8,137.5,"Buena"
14854,0,41.6,11,8,137.5,"Buena"
14864,0,37,9,8,112.5,"Buena"
14875,0,41.1,9,8,112.5,"Buena"
14885,0,41.2,9,8,112.5,"Buena"
14889,0,39.2,10,8,125,"Buena"
14893,0,36.2,11,8,137.5,"Buena"
14895,0,22,10,3,333.333333333333,"Buena"
14899,0,37.5,10,8,125,"Buena"
14902,0,38.2,10,8,125,"Buena"
14903,0,41,10,8,125,"Buena"
14912,0,39.6,11,8,137.5,"Buena"
14913,0,39.6,11,8,137.5,"Buena"
14914,0,38.3,10,8,125,"Buena"
14923,0,40,11,8,137.5,"Buena"
14929,0,37.2,10,8,125,"Buena"
14931,0,40.03,9,8,112.5,"Buena"
14946,0,37.5,11,8,137.5,"Buena"
14952,0,41,9,8,112.5,"Buena"
14970,0,40,9,8,112.5,"Buena"
14974,0,34.3,7,6,116.666666666667,"Buena"
14985,0,38.1,9,8,112.5,"Buena"
14993,0,41.3,9,8,112.5,"Buena"
14997,0,35.3,7,6,116.666666666667,"Buena"
14998,0,38.3,11,8,137.5,"Buena"
15001,0,38.2,9,8,112.5,"Buena"
15029,0,39,9,8,112.5,"Buena"
15032,0,39,11,8,137.5,"Buena"
15033,0,37,9,8,112.5,"Buena"
15039,0,37.5,9,8,112.5,"Buena"
15048,0,40,10,8,125,"Buena"
15052,0,39.2,9,8,112.5,"Buena"
15053,0,40.1,9,8,112.5,"Buena"
15060,0,38,10,8,125,"Buena"
15061,0,39.4,10,8,125,"Buena"
15065,0,38,11,8,137.5,"Buena"
15076,0,34.3,7,6,116.666666666667,"Buena"
15079,0,39,11,8,137.5,"Buena"
15091,0,40,10,8,125,"Buena"
15092,0,39.2,9,8,112.5,"Buena"
15097,0,39,10,8,125,"Buena"
15099,0,37.4,9,8,112.5,"Buena"
15101,0,40.2,9,8,112.5,"Buena"
15108,0,37.4,10,8,125,"Buena"
15111,0,41.1,11,8,137.5,"Buena"
15114,0,40,9,8,112.5,"Buena"
15116,0,39,10,8,125,"Buena"
15121,0,41,10,8,125,"Buena"
15132,0,40.4,10,8,125,"Buena"
15133,0,38.6,9,8,112.5,"Buena"
15143,0,41.2,9,8,112.5,"Buena"
15157,0,40,10,8,125,"Buena"
15161,0,37,9,8,112.5,"Buena"
15162,0,39.3,9,8,112.5,"Buena"
15163,0,37,9,8,112.5,"Buena"
15165,0,39,10,8,125,"Buena"
15166,0,39.5,10,8,125,"Buena"
15175,0,40.1,9,8,112.5,"Buena"
15177,0,39,10,8,125,"Buena"
15188,0,38.9,10,8,125,"Buena"
15190,0,39,9,8,112.5,"Buena"
15200,0,40.3,11,8,137.5,"Buena"
15215,0,38.5,9,8,112.5,"Buena"
15216,0,41,9,8,112.5,"Buena"
15221,0,40.3,10,8,125,"Buena"
15231,0,36.6,11,8,137.5,"Buena"
15232,0,38.1,9,8,112.5,"Buena"
15234,0,41.3,9,8,112.5,"Buena"
15237,0,40.4,9,8,112.5,"Buena"
15238,0,37.4,11,8,137.5,"Buena"
15243,0,37.6,9,8,112.5,"Buena"
15246,0,39,9,8,112.5,"Buena"
15259,0,40,9,8,112.5,"Buena"
15277,0,41.3,11,8,137.5,"Buena"
15280,0,40.4,11,8,137.5,"Buena"
15288,0,38.1,9,8,112.5,"Buena"
15291,0,39.1,11,8,137.5,"Buena"
15293,0,37.6,10,8,125,"Buena"
15305,0,38.5,9,8,112.5,"Buena"
15310,0,41.3,10,8,125,"Buena"
15318,0,40,10,8,125,"Buena"
15323,0,39.4,10,8,125,"Buena"
15330,0,38.4,9,8,112.5,"Buena"
15333,0,40,9,8,112.5,"Buena"
15334,0,40.4,9,8,112.5,"Buena"
15366,0,39.3,10,8,125,"Buena"
15370,1,37,11,8,137.5,"Buena"
15371,0,41.2,10,8,125,"Buena"
15381,0,39,9,8,112.5,"Buena"
15383,0,39.2,9,8,112.5,"Buena"
15384,0,37.5,10,8,125,"Buena"
15397,0,39.5,9,8,112.5,"Buena"
15400,0,38,10,8,125,"Buena"
15420,0,39,11,8,137.5,"Buena"
15433,0,38,9,8,112.5,"Buena"
15436,0,39,9,8,112.5,"Buena"
15437,0,36,11,8,137.5,"Buena"
15440,0,38,9,8,112.5,"Buena"
15441,0,41,10,8,125,"Buena"
15454,0,39,9,8,112.5,"Buena"
15455,0,34,7,6,116.666666666667,"Buena"
15464,0,39,11,8,137.5,"Buena"
15467,0,38,11,8,137.5,"Buena"
15469,0,35,7,6,116.666666666667,"Buena"
15481,0,41,11,8,137.5,"Buena"
15482,0,40,9,8,112.5,"Buena"
15489,0,37,11,8,137.5,"Buena"
15492,0,37,10,8,125,"Buena"
15500,0,40,11,8,137.5,"Buena"
15513,0,38,10,8,125,"Buena"
15514,0,38,9,8,112.5,"Buena"
15532,0,39,10,8,125,"Buena"
15540,0,35,7,6,116.666666666667,"Buena"
15548,0,41,10,8,125,"Buena"
15569,0,37,10,8,125,"Buena"
15588,0,39,10,8,125,"Buena"
15602,0,41,9,8,112.5,"Buena"
15624,0,40,11,8,137.5,"Buena"
15625,0,39,11,8,137.5,"Buena"
15639,1,33.3,7,6,116.666666666667,"Buena"
15646,0,40,9,8,112.5,"Buena"
15647,0,39,10,8,125,"Buena"
15658,0,37,9,8,112.5,"Buena"
15664,0,39.2,10,8,125,"Buena"
15673,0,39,9,8,112.5,"Buena"
15675,0,37,9,8,112.5,"Buena"
15694,0,40.1,10,8,125,"Buena"
15698,0,38.5,9,8,112.5,"Buena"
15700,0,36.2,9,8,112.5,"Buena"
15707,0,35.5,11,6,183.333333333333,"Buena"
15710,0,39.2,9,8,112.5,"Buena"
15713,0,39.2,11,8,137.5,"Buena"
15724,0,41,10,8,125,"Buena"
15731,0,38.5,9,8,112.5,"Buena"
15734,0,40.3,10,8,125,"Buena"
15736,0,39.2,9,8,112.5,"Buena"
15742,0,39.6,9,8,112.5,"Buena"
15746,0,39.6,10,8,125,"Buena"
15752,0,39.1,9,8,112.5,"Buena"
15754,0,40.4,9,8,112.5,"Buena"
15761,0,35.5,9,6,150,"Buena"
15765,0,40.4,11,8,137.5,"Buena"
15808,0,40,9,8,112.5,"Buena"
15810,0,41.3,9,8,112.5,"Buena"
15811,0,41,11,8,137.5,"Buena"
15812,0,36,9,8,112.5,"Buena"
15814,0,39.1,9,8,112.5,"Buena"
15816,0,36.2,10,8,125,"Buena"
15832,0,38.3,11,8,137.5,"Buena"
15837,0,41.2,9,8,112.5,"Buena"
15848,0,39,10,8,125,"Buena"
15849,0,34.5,8,6,133.333333333333,"Buena"
15855,0,34.6,7,6,116.666666666667,"Buena"
15858,0,39.5,9,8,112.5,"Buena"
15868,0,40,11,8,137.5,"Buena"
15871,0,41.1,10,8,125,"Buena"
15885,0,38.5,11,8,137.5,"Buena"
15891,0,39.2,9,8,112.5,"Buena"
15895,0,39.4,9,8,112.5,"Buena"
15908,0,37.5,10,8,125,"Buena"
15909,0,40,11,8,137.5,"Buena"
15911,0,35.3,7,6,116.666666666667,"Buena"
15925,0,39,10,8,125,"Buena"
15926,0,39.4,10,8,125,"Buena"
15929,0,39.3,11,8,137.5,"Buena"
15946,0,38.5,11,8,137.5,"Buena"
15952,0,39.6,9,8,112.5,"Buena"
15955,0,40,11,8,137.5,"Buena"
15956,0,33.2,8,6,133.333333333333,"Buena"
15960,0,41.1,11,8,137.5,"Buena"
15962,0,41.1,10,8,125,"Buena"
15963,0,39,10,8,125,"Buena"
15966,0,37.6,9,8,112.5,"Buena"
15970,0,40.2,10,8,125,"Buena"
15977,0,39.2,9,8,112.5,"Buena"
15978,0,40.1,10,8,125,"Buena"
15980,0,41.1,11,8,137.5,"Buena"
15981,0,40.6,10,8,125,"Buena"
15988,0,40.6,10,8,125,"Buena"
15995,1,24.4,4,3,133.333333333333,"Buena"
15998,0,41.3,11,8,137.5,"Buena"
16003,0,39,9,8,112.5,"Buena"
16004,0,33,7,6,116.666666666667,"Buena"
16011,0,35.3,8,6,133.333333333333,"Buena"
16013,0,39,11,8,137.5,"Buena"
16015,0,40.5,10,8,125,"Buena"
16017,0,37,10,8,125,"Buena"
16027,0,41.2,9,8,112.5,"Buena"
16031,0,38.1,10,8,125,"Buena"
16034,0,40.1,9,8,112.5,"Buena"
16037,0,40,9,8,112.5,"Buena"
16042,0,38,9,8,112.5,"Buena"
16044,0,39.6,11,8,137.5,"Buena"
16046,0,40,11,8,137.5,"Buena"
16051,0,41,9,8,112.5,"Buena"
16057,0,40.4,9,8,112.5,"Buena"
16058,0,41.1,9,8,112.5,"Buena"
16065,0,39.3,9,8,112.5,"Buena"
16087,0,40.4,9,8,112.5,"Buena"
16090,0,41.1,9,8,112.5,"Buena"
16094,0,37.2,9,8,112.5,"Buena"
16103,0,39.5,9,8,112.5,"Buena"
16105,0,39.6,9,8,112.5,"Buena"
16109,1,40,9,8,112.5,"Buena"
16111,0,37.3,9,8,112.5,"Buena"
16112,0,37.5,9,8,112.5,"Buena"
16116,0,40.2,9,8,112.5,"Buena"
16123,0,41.3,10,8,125,"Buena"
16136,0,40,9,8,112.5,"Buena"
16137,0,38,11,8,137.5,"Buena"
16148,0,32.6,9,6,150,"Buena"
16157,0,40.4,10,8,125,"Buena"
16167,0,40.5,9,8,112.5,"Buena"
16173,0,40.6,10,8,125,"Buena"
16175,0,38,10,8,125,"Buena"
16180,0,40.2,10,8,125,"Buena"
16185,0,34.4,8,6,133.333333333333,"Buena"
16193,0,38,11,8,137.5,"Buena"
16199,0,41,10,8,125,"Buena"
16202,0,40,10,8,125,"Buena"
16210,0,38.4,9,8,112.5,"Buena"
16213,0,38.6,10,8,125,"Buena"
16215,0,37.1,10,8,125,"Buena"
16222,0,36,11,8,137.5,"Buena"
16225,0,40,11,8,137.5,"Buena"
16232,0,38.6,10,8,125,"Buena"
16236,0,38.5,10,8,125,"Buena"
16239,0,40.5,11,8,137.5,"Buena"
16248,0,39.1,10,8,125,"Buena"
16250,0,36,11,8,137.5,"Buena"
16252,0,35,10,6,166.666666666667,"Buena"
16268,0,40.4,9,8,112.5,"Buena"
16272,0,40,9,8,112.5,"Buena"
16278,0,26,4,3,133.333333333333,"Buena"
16283,0,39.3,9,8,112.5,"Buena"
16301,0,40.2,11,8,137.5,"Buena"
16308,0,40,9,8,112.5,"Buena"
16309,0,39.6,9,8,112.5,"Buena"
16312,0,40.6,11,8,137.5,"Buena"
16331,0,37.2,9,8,112.5,"Buena"
16341,0,39.6,10,8,125,"Buena"
16342,0,38.1,11,8,137.5,"Buena"
16345,0,37.6,10,8,125,"Buena"
16350,0,40,11,8,137.5,"Buena"
16354,0,34.2,8,6,133.333333333333,"Buena"
16360,0,41,10,8,125,"Buena"
16367,0,39,9,8,112.5,"Buena"
16371,0,39.2,10,8,125,"Buena"
16376,0,39,9,8,112.5,"Buena"
16378,0,39,10,8,125,"Buena"
16383,0,35.5,8,6,133.333333333333,"Buena"
16386,0,40,10,8,125,"Buena"
16387,1,39,9,8,112.5,"Buena"
16417,0,39.3,10,8,125,"Buena"
16419,0,39,10,8,125,"Buena"
16420,0,39.6,11,8,137.5,"Buena"
16423,0,32,8,6,133.333333333333,"Buena"
16432,0,39,9,8,112.5,"Buena"
16435,0,34.5,7,6,116.666666666667,"Buena"
16440,0,39,9,8,112.5,"Buena"
16450,0,39.6,10,8,125,"Buena"
16451,0,40.2,10,8,125,"Buena"
16460,0,39.3,10,8,125,"Buena"
16469,0,38.3,11,8,137.5,"Buena"
16474,0,39.5,9,8,112.5,"Buena"
16483,0,39.4,9,8,112.5,"Buena"
16487,0,37.3,10,8,125,"Buena"
16488,0,39.4,10,8,125,"Buena"
16492,0,38,11,8,137.5,"Buena"
16499,0,40.2,9,8,112.5,"Buena"
16512,1,34,7,6,116.666666666667,"Buena"
16540,0,37.5,10,8,125,"Buena"
16549,0,40.4,11,8,137.5,"Buena"
16559,0,39,10,8,125,"Buena"
16570,0,39.4,9,8,112.5,"Buena"
16571,0,34.6,7,6,116.666666666667,"Buena"
16592,0,39.6,11,8,137.5,"Buena"
16603,0,38.4,9,8,112.5,"Buena"
16606,0,39.6,9,8,112.5,"Buena"
16609,0,41,11,8,137.5,"Buena"
16616,0,40.3,9,8,112.5,"Buena"
16622,0,39.5,9,8,112.5,"Buena"
16631,0,39.4,9,8,112.5,"Buena"
16632,0,38.2,11,8,137.5,"Buena"
16635,0,39.6,10,8,125,"Buena"
16654,0,39.6,10,8,125,"Buena"
16655,0,37.6,10,8,125,"Buena"
16659,0,38.5,9,8,112.5,"Buena"
16662,0,37.5,10,8,125,"Buena"
16675,0,39.6,10,8,125,"Buena"
16677,0,38.5,9,8,112.5,"Buena"
16678,0,38.6,10,8,125,"Buena"
16681,0,40.3,9,8,112.5,"Buena"
16687,0,39.1,9,8,112.5,"Buena"
16705,0,36,10,8,125,"Buena"
16706,0,39,9,8,112.5,"Buena"
16707,0,39,9,8,112.5,"Buena"
16715,0,39,11,8,137.5,"Buena"
16718,0,38,9,8,112.5,"Buena"
16720,0,37.3,11,8,137.5,"Buena"
16721,0,39.6,11,8,137.5,"Buena"
16723,0,39.2,9,8,112.5,"Buena"
16725,0,38,11,8,137.5,"Buena"
16727,0,37.4,9,8,112.5,"Buena"
16728,0,40,10,8,125,"Buena"
16729,0,39.3,9,8,112.5,"Buena"
16737,0,40,11,8,137.5,"Buena"
16742,0,40,9,8,112.5,"Buena"
16744,0,39,10,8,125,"Buena"
16753,0,40,9,8,112.5,"Buena"
16760,0,40,9,8,112.5,"Buena"
16780,0,38,9,8,112.5,"Buena"
16785,0,39,9,8,112.5,"Buena"
16806,0,35,9,6,150,"Buena"
16811,0,37,10,8,125,"Buena"
16812,0,41,9,8,112.5,"Buena"
16817,0,37,9,8,112.5,"Buena"
16824,0,39.3,10,8,125,"Buena"
16825,0,40,11,8,137.5,"Buena"
16827,0,38,9,8,112.5,"Buena"
16828,0,35.4,7,6,116.666666666667,"Buena"
16832,0,40.5,10,8,125,"Buena"
16838,0,39.6,9,8,112.5,"Buena"
16839,0,38.5,9,8,112.5,"Buena"
16844,1,32,8,6,133.333333333333,"Buena"
16847,0,37.3,9,8,112.5,"Buena"
16851,0,39.2,9,8,112.5,"Buena"
16860,0,39,9,8,112.5,"Buena"
16864,0,41,10,8,125,"Buena"
16865,0,40.5,10,8,125,"Buena"
16866,0,40,9,8,112.5,"Buena"
16869,0,39,9,8,112.5,"Buena"
16872,0,39,9,8,112.5,"Buena"
16874,0,39.2,9,8,112.5,"Buena"
16878,0,37,9,8,112.5,"Buena"
16883,0,39.5,9,8,112.5,"Buena"
16884,1,41.6,9,8,112.5,"Buena"
16886,0,40.9,11,8,137.5,"Buena"
16892,0,39.2,9,8,112.5,"Buena"
16893,0,35,7,6,116.666666666667,"Buena"
16898,0,40,11,8,137.5,"Buena"
16900,0,37.1,10,8,125,"Buena"
16907,0,40.4,11,8,137.5,"Buena"
16915,0,41.2,9,8,112.5,"Buena"
16922,0,34,7,6,116.666666666667,"Buena"
16929,0,40,11,8,137.5,"Buena"
16932,0,39,9,8,112.5,"Buena"
16943,0,35.4,9,6,150,"Buena"
16948,0,29,7,6,116.666666666667,"Buena"
16959,0,40.4,11,8,137.5,"Buena"
16966,0,40,10,8,125,"Buena"
16979,0,38,9,8,112.5,"Buena"
16981,0,36.3,11,8,137.5,"Buena"
16983,0,41.1,9,8,112.5,"Buena"
16984,0,39.1,9,8,112.5,"Buena"
16985,0,32.1,7,6,116.666666666667,"Buena"
17029,0,39.3,11,8,137.5,"Buena"
17034,0,34.2,7,6,116.666666666667,"Buena"
17036,0,37,11,8,137.5,"Buena"
17042,0,40,9,8,112.5,"Buena"
17046,0,36.6,9,8,112.5,"Buena"
17048,0,36,11,8,137.5,"Buena"
17059,0,39,11,8,137.5,"Buena"
17061,0,38,10,8,125,"Buena"
17065,0,40.5,11,8,137.5,"Buena"
17078,0,39,9,8,112.5,"Buena"
17081,0,39,9,8,112.5,"Buena"
17084,0,41,11,8,137.5,"Buena"
17093,0,38,9,8,112.5,"Buena"
17097,0,40,11,8,137.5,"Buena"
17112,0,38,9,8,112.5,"Buena"
17115,0,33,8,6,133.333333333333,"Buena"
17121,0,40,10,8,125,"Buena"
17134,0,39,11,8,137.5,"Buena"
17147,0,37.1,10,8,125,"Buena"
17149,0,39,11,8,137.5,"Buena"
17150,0,37,11,8,137.5,"Buena"
17155,0,37.4,10,8,125,"Buena"
17159,0,39.2,10,8,125,"Buena"
17160,0,40,9,8,112.5,"Buena"
17165,0,40,10,8,125,"Buena"
17177,0,39,11,8,137.5,"Buena"
17180,0,38,9,8,112.5,"Buena"
17181,0,40,9,8,112.5,"Buena"
17194,0,40,10,8,125,"Buena"
17198,0,35.6,8,6,133.333333333333,"Buena"
17202,0,38.2,11,8,137.5,"Buena"
17210,0,40,11,8,137.5,"Buena"
17212,0,41.4,10,8,125,"Buena"
17220,0,39.3,11,8,137.5,"Buena"
17236,0,39,11,8,137.5,"Buena"
17237,0,39,9,8,112.5,"Buena"
17263,0,40.4,10,8,125,"Buena"
17264,0,37.6,11,8,137.5,"Buena"
17265,0,41.2,11,8,137.5,"Buena"
17269,0,38.6,9,8,112.5,"Buena"
17273,0,41,10,8,125,"Buena"
17274,0,40,10,8,125,"Buena"
17276,0,39.6,11,8,137.5,"Buena"
17282,0,37,9,8,112.5,"Buena"
17296,0,39.4,10,8,125,"Buena"
17300,0,33.3,7,6,116.666666666667,"Buena"
17308,0,38.4,11,8,137.5,"Buena"
17322,0,41,10,8,125,"Buena"
17326,0,40,10,8,125,"Buena"
17328,0,41.1,11,8,137.5,"Buena"
17335,0,34.4,7,6,116.666666666667,"Buena"
17344,0,38,9,8,112.5,"Buena"
17348,0,39.4,9,8,112.5,"Buena"
17364,0,41,10,8,125,"Buena"
17367,0,40.4,9,8,112.5,"Buena"
17372,0,40.1,11,8,137.5,"Buena"
17376,0,38,10,8,125,"Buena"
17379,0,39,9,8,112.5,"Buena"
17390,0,39.6,10,8,125,"Buena"
17397,0,39.2,9,8,112.5,"Buena"
17403,0,41.3,9,8,112.5,"Buena"
17405,0,38.2,9,8,112.5,"Buena"
17406,0,41,9,8,112.5,"Buena"
17407,0,41.1,9,8,112.5,"Buena"
17411,0,41,9,8,112.5,"Buena"
17413,0,40,11,8,137.5,"Buena"
17425,0,40.1,11,8,137.5,"Buena"
17428,0,39.2,9,8,112.5,"Buena"
17438,0,38,9,8,112.5,"Buena"
17440,0,33,8,6,133.333333333333,"Buena"
17442,0,32.6,7,6,116.666666666667,"Buena"
17447,0,40,10,8,125,"Buena"
17451,0,40,10,8,125,"Buena"
17452,0,40,10,8,125,"Buena"
17456,0,39.1,11,8,137.5,"Buena"
17463,0,40.1,10,8,125,"Buena"
17464,0,39,10,8,125,"Buena"
17470,0,38.6,9,8,112.5,"Buena"
17474,0,39.4,9,8,112.5,"Buena"
17490,0,41.1,11,8,137.5,"Buena"
17492,0,38.5,9,8,112.5,"Buena"
17500,0,41.5,11,8,137.5,"Buena"
17509,0,39.2,10,8,125,"Buena"
17512,0,35.6,8,6,133.333333333333,"Buena"
17535,0,39.2,10,8,125,"Buena"
17570,0,39.3,11,8,137.5,"Buena"
17576,0,41.3,9,8,112.5,"Buena"
17594,0,38.3,9,8,112.5,"Buena"
17604,0,35,11,6,183.333333333333,"Buena"
17605,0,35,7,6,116.666666666667,"Buena"
17627,0,40.4,10,8,125,"Buena"
17643,0,41,9,8,112.5,"Buena"
17645,0,39,11,8,137.5,"Buena"
17658,0,35,8,6,133.333333333333,"Buena"
17662,0,41.1,11,8,137.5,"Buena"
17669,0,39.3,9,8,112.5,"Buena"
17671,0,40.6,10,8,125,"Buena"
17675,0,39.2,9,8,112.5,"Buena"
17684,0,37.3,9,8,112.5,"Buena"
17689,1,26.6,5,3,166.666666666667,"Buena"
17700,0,40.3,10,8,125,"Buena"
17703,0,35.5,10,6,166.666666666667,"Buena"
17711,0,40.4,9,8,112.5,"Buena"
17722,0,39.5,10,8,125,"Buena"
17725,0,38,11,8,137.5,"Buena"
17729,0,37,11,8,137.5,"Buena"
17731,0,38.5,9,8,112.5,"Buena"
17750,0,37.6,11,8,137.5,"Buena"
17751,0,40,11,8,137.5,"Buena"
17752,0,39.2,9,8,112.5,"Buena"
17753,0,41.2,9,8,112.5,"Buena"
17755,0,40.1,9,8,112.5,"Buena"
17768,0,40,9,8,112.5,"Buena"
17793,0,39.6,10,8,125,"Buena"
17799,0,40.4,9,8,112.5,"Buena"
17808,0,40,11,8,137.5,"Buena"
17809,0,40.5,11,8,137.5,"Buena"
17810,0,40.2,9,8,112.5,"Buena"
17820,0,39.2,10,8,125,"Buena"
17824,0,40.3,11,8,137.5,"Buena"
17827,0,40.5,9,8,112.5,"Buena"
17838,0,40.1,10,8,125,"Buena"
17843,0,32.2,10,6,166.666666666667,"Buena"
17860,0,40.5,10,8,125,"Buena"
17863,0,40.3,9,8,112.5,"Buena"
17866,0,37.6,9,8,112.5,"Buena"
17869,0,39.5,10,8,125,"Buena"
17872,0,37,9,8,112.5,"Buena"
17873,0,40.1,11,8,137.5,"Buena"
17879,0,37.2,9,8,112.5,"Buena"
17881,0,40,10,8,125,"Buena"
17884,0,41.1,9,8,112.5,"Buena"
17885,0,34.4,8,6,133.333333333333,"Buena"
17886,0,38.2,11,8,137.5,"Buena"
17887,0,37.6,9,8,112.5,"Buena"
17898,0,38,10,8,125,"Buena"
17913,0,40.1,10,8,125,"Buena"
17927,0,39,9,8,112.5,"Buena"
17933,0,40.6,9,8,112.5,"Buena"
17934,0,41,9,8,112.5,"Buena"
17939,1,30,7,6,116.666666666667,"Buena"
17945,0,40,9,8,112.5,"Buena"
17951,0,37.1,10,8,125,"Buena"
17955,0,38.5,9,8,112.5,"Buena"
17961,0,38.5,9,8,112.5,"Buena"
17969,0,35.7,9,6,150,"Buena"
17981,0,41.1,10,8,125,"Buena"
17983,0,39,9,8,112.5,"Buena"
17984,0,39.5,10,8,125,"Buena"
17986,0,40.5,10,8,125,"Buena"
17999,0,40,9,8,112.5,"Buena"
18007,0,38,9,8,112.5,"Buena"
18009,0,39.6,10,8,125,"Buena"
18018,0,41,9,8,112.5,"Buena"
18022,0,40.2,10,8,125,"Buena"
18028,0,36.6,9,8,112.5,"Buena"
18032,0,41.2,9,8,112.5,"Buena"
18035,0,41.3,9,8,112.5,"Buena"
18038,0,39.3,9,8,112.5,"Buena"
18058,0,41,9,8,112.5,"Buena"
18061,0,39,9,8,112.5,"Buena"
18071,0,39,10,8,125,"Buena"
18073,0,39.5,11,8,137.5,"Buena"
18075,0,33.3,9,6,150,"Buena"
18087,0,41.2,11,8,137.5,"Buena"
18096,0,39.2,9,8,112.5,"Buena"
18101,0,40.4,10,8,125,"Buena"
18104,1,26.5,5,3,166.666666666667,"Buena"
18119,0,37.4,9,8,112.5,"Buena"
18149,0,41,10,8,125,"Buena"
18150,0,39.3,10,8,125,"Buena"
18163,0,40.4,9,8,112.5,"Buena"
18181,0,34.2,7,6,116.666666666667,"Buena"
18183,0,40.2,11,8,137.5,"Buena"
18189,0,39.2,9,8,112.5,"Buena"
18203,0,40.1,9,8,112.5,"Buena"
18204,0,39.4,11,8,137.5,"Buena"
18207,0,40.4,10,8,125,"Buena"
18208,0,36.6,9,8,112.5,"Buena"
18219,0,38.5,9,8,112.5,"Buena"
18225,0,40.1,9,8,112.5,"Buena"
18237,0,39.5,10,8,125,"Buena"
18238,0,39.6,11,8,137.5,"Buena"
18239,0,38.4,9,8,112.5,"Buena"
18241,0,40.1,9,8,112.5,"Buena"
18242,0,40,11,8,137.5,"Buena"
18244,0,40.1,9,8,112.5,"Buena"
18245,0,40.5,10,8,125,"Buena"
18246,0,41.1,9,8,112.5,"Buena"
18249,0,40.6,11,8,137.5,"Buena"
18252,0,37.6,9,8,112.5,"Buena"
18256,0,41.1,10,8,125,"Buena"
18262,0,37,11,8,137.5,"Buena"
18263,0,38.1,9,8,112.5,"Buena"
18281,0,37.3,11,8,137.5,"Buena"
18289,0,40,10,8,125,"Buena"
18299,0,40,9,8,112.5,"Buena"
18300,0,30,9,6,150,"Buena"
18307,0,39.2,11,8,137.5,"Buena"
18321,0,37.1,9,8,112.5,"Buena"
18322,0,40.4,9,8,112.5,"Buena"
18323,0,40.4,11,8,137.5,"Buena"
18339,0,39,10,8,125,"Buena"
18347,0,41.4,9,8,112.5,"Buena"
18349,0,40.3,11,8,137.5,"Buena"
18354,0,39.3,9,8,112.5,"Buena"
18357,0,36.6,9,8,112.5,"Buena"
18370,0,38.1,9,8,112.5,"Buena"
18375,0,41.2,9,8,112.5,"Buena"
18382,0,40.3,10,8,125,"Buena"
18386,1,41,9,8,112.5,"Buena"
18397,0,39.4,9,8,112.5,"Buena"
18402,0,40,9,8,112.5,"Buena"
18426,0,38.4,9,8,112.5,"Buena"
18434,0,39,9,8,112.5,"Buena"
18441,0,40.5,9,8,112.5,"Buena"
18450,0,41.1,9,8,112.5,"Buena"
18452,0,41.1,9,8,112.5,"Buena"
18453,0,39.3,10,8,125,"Buena"
18454,0,40.2,10,8,125,"Buena"
18457,0,37,9,8,112.5,"Buena"
18460,0,39.6,9,8,112.5,"Buena"
18475,0,39.4,9,8,112.5,"Buena"
18480,0,37,10,8,125,"Buena"
18482,0,40,10,8,125,"Buena"
18488,0,37.4,9,8,112.5,"Buena"
18490,0,39,9,8,112.5,"Buena"
18491,0,39.4,11,8,137.5,"Buena"
18499,0,38.3,9,8,112.5,"Buena"
18511,0,39.3,10,8,125,"Buena"
18512,0,39.6,9,8,112.5,"Buena"
18526,0,35.5,7,6,116.666666666667,"Buena"
18527,0,40.3,11,8,137.5,"Buena"
18533,0,40,9,8,112.5,"Buena"
18537,0,38.5,9,8,112.5,"Buena"
18548,0,41,11,8,137.5,"Buena"
18554,0,37.6,9,8,112.5,"Buena"
18555,0,39.6,9,8,112.5,"Buena"
18558,0,38.4,11,8,137.5,"Buena"
18574,0,38.5,10,8,125,"Buena"
18575,0,40,10,8,125,"Buena"
18587,0,37.6,9,8,112.5,"Buena"
18594,0,41,9,8,112.5,"Buena"
18595,0,39.5,9,8,112.5,"Buena"
18596,0,38.5,10,8,125,"Buena"
18597,0,40.3,9,8,112.5,"Buena"
18599,0,38.6,9,8,112.5,"Buena"
18600,0,40.2,9,8,112.5,"Buena"
18610,0,40.3,9,8,112.5,"Buena"
18611,0,41.3,11,8,137.5,"Buena"
18613,0,22.6,5,3,166.666666666667,"Buena"
18619,0,38,11,8,137.5,"Buena"
18624,0,41.4,9,8,112.5,"Buena"
18638,0,41,10,8,125,"Buena"
18639,0,37.1,10,8,125,"Buena"
18643,0,41.2,11,8,137.5,"Buena"
18646,0,37.6,9,8,112.5,"Buena"
18651,0,40,9,8,112.5,"Buena"
18658,0,37.1,9,8,112.5,"Buena"
18666,0,40,10,8,125,"Buena"
18671,0,32,10,6,166.666666666667,"Buena"
18675,0,39.3,10,8,125,"Buena"
18681,0,40.3,11,8,137.5,"Buena"
18686,0,40,10,8,125,"Buena"
18694,0,39.2,11,8,137.5,"Buena"
18697,0,40.1,11,8,137.5,"Buena"
18700,0,40.2,11,8,137.5,"Buena"
18704,0,38.1,10,8,125,"Buena"
18706,0,41.3,11,8,137.5,"Buena"
18708,0,39.1,11,8,137.5,"Buena"
18714,0,35.3,9,6,150,"Buena"
18720,0,40.6,10,8,125,"Buena"
18726,0,39.2,10,8,125,"Buena"
18727,0,41,10,8,125,"Buena"
18730,0,36.5,11,8,137.5,"Buena"
18731,0,39.2,9,8,112.5,"Buena"
18736,0,39,9,8,112.5,"Buena"
18737,0,36.1,10,8,125,"Buena"
18750,0,40.2,10,8,125,"Buena"
18760,0,39,9,8,112.5,"Buena"
18765,0,40,10,8,125,"Buena"
18769,0,41,9,8,112.5,"Buena"
18770,0,37.6,11,8,137.5,"Buena"
18772,0,40,11,8,137.5,"Buena"
18777,0,40.4,9,8,112.5,"Buena"
18786,0,41,9,8,112.5,"Buena"
18788,0,38.3,11,8,137.5,"Buena"
18802,0,38.4,9,8,112.5,"Buena"
18804,0,41,9,8,112.5,"Buena"
18810,0,40.6,10,8,125,"Buena"
18829,0,38.4,10,8,125,"Buena"
18832,0,40.4,11,8,137.5,"Buena"
18837,0,41,10,8,125,"Buena"
18839,0,40,11,8,137.5,"Buena"
18852,0,40.5,9,8,112.5,"Buena"
18853,0,41.1,10,8,125,"Buena"
18859,0,39.2,10,8,125,"Buena"
18861,0,38.5,10,8,125,"Buena"
18862,0,40.3,9,8,112.5,"Buena"
18863,0,39.3,11,8,137.5,"Buena"
18871,0,35.3,7,6,116.666666666667,"Buena"
18877,0,39.2,9,8,112.5,"Buena"
18879,1,38.1,10,8,125,"Buena"
18891,0,39.5,9,8,112.5,"Buena"
18898,0,39.3,9,8,112.5,"Buena"
18899,0,40.3,10,8,125,"Buena"
18908,1,25,4,3,133.333333333333,"Buena"
18914,0,40.4,10,8,125,"Buena"
18927,0,40.2,11,8,137.5,"Buena"
18930,0,39.2,9,8,112.5,"Buena"
18933,0,38,9,8,112.5,"Buena"
18946,0,40.5,10,8,125,"Buena"
18947,0,38.5,10,8,125,"Buena"
18949,0,40.2,9,8,112.5,"Buena"
18952,0,39.5,11,8,137.5,"Buena"
18954,0,40.6,11,8,137.5,"Buena"
18955,0,35.1,10,6,166.666666666667,"Buena"
18957,0,37.1,9,8,112.5,"Buena"
18958,0,40.6,10,8,125,"Buena"
18959,0,38.5,11,8,137.5,"Buena"
18960,0,39.1,9,8,112.5,"Buena"
18967,0,39.5,10,8,125,"Buena"
18978,0,40.1,9,8,112.5,"Buena"
18981,0,38.6,9,8,112.5,"Buena"
18991,0,38.1,10,8,125,"Buena"
18995,0,39.1,10,8,125,"Buena"
18998,0,37.6,9,8,112.5,"Buena"
19003,0,39.6,9,8,112.5,"Buena"
19008,0,37.5,9,8,112.5,"Buena"
19009,0,41,9,8,112.5,"Buena"
19012,0,39.4,9,8,112.5,"Buena"
19024,0,33.2,11,6,183.333333333333,"Buena"
19040,0,39.4,9,8,112.5,"Buena"
19041,0,37.2,9,8,112.5,"Buena"
19048,0,40.3,10,8,125,"Buena"
19065,0,39.6,11,8,137.5,"Buena"
19079,0,39,9,8,112.5,"Buena"
19084,0,35.4,7,6,116.666666666667,"Buena"
19086,0,40.3,9,8,112.5,"Buena"
19088,0,40,9,8,112.5,"Buena"
19091,0,35.1,8,6,133.333333333333,"Buena"
19096,0,34.3,8,6,133.333333333333,"Buena"
19103,0,40.5,9,8,112.5,"Buena"
19105,0,40.1,9,8,112.5,"Buena"
19113,0,38,9,8,112.5,"Buena"
19114,0,40.3,11,8,137.5,"Buena"
19118,0,39,9,8,112.5,"Buena"
19128,0,41,9,8,112.5,"Buena"
19133,0,40,11,8,137.5,"Buena"
19145,0,41,10,8,125,"Buena"
19146,0,40.3,9,8,112.5,"Buena"
19148,0,37.6,9,8,112.5,"Buena"
19149,0,40.6,11,8,137.5,"Buena"
19157,0,39.5,9,8,112.5,"Buena"
19161,0,38.5,9,8,112.5,"Buena"
19167,0,39.3,10,8,125,"Buena"
19168,0,40,9,8,112.5,"Buena"
19174,0,39,9,8,112.5,"Buena"
19184,0,39,11,8,137.5,"Buena"
19191,0,39.5,10,8,125,"Buena"
19193,0,39.5,9,8,112.5,"Buena"
19198,0,40.4,10,8,125,"Buena"
19199,0,34.4,7,6,116.666666666667,"Buena"
19217,0,41.1,11,8,137.5,"Buena"
19227,0,37.3,9,8,112.5,"Buena"
19229,0,39.5,10,8,125,"Buena"
19236,0,39.5,9,8,112.5,"Buena"
19243,0,40,10,8,125,"Buena"
19246,0,40,9,8,112.5,"Buena"
19257,0,38.2,9,8,112.5,"Buena"
19258,1,30,8,6,133.333333333333,"Buena"
19259,0,37.6,9,8,112.5,"Buena"
19260,0,41.2,11,8,137.5,"Buena"
19266,0,40.4,11,8,137.5,"Buena"
19269,0,38.6,9,8,112.5,"Buena"
19272,0,40.2,9,8,112.5,"Buena"
19284,0,39.5,9,8,112.5,"Buena"
19287,0,37.3,9,8,112.5,"Buena"
19288,0,40.4,9,8,112.5,"Buena"
19303,0,39.3,11,8,137.5,"Buena"
19304,0,38.5,9,8,112.5,"Buena"
19305,0,39.4,9,8,112.5,"Buena"
19311,0,38.4,9,8,112.5,"Buena"
19315,0,36,11,8,137.5,"Buena"
19321,0,39.6,9,8,112.5,"Buena"
19322,0,39.5,9,8,112.5,"Buena"
19323,0,37.5,9,8,112.5,"Buena"
19343,0,38.1,9,8,112.5,"Buena"
19348,0,39.3,10,8,125,"Buena"
19353,0,36.2,9,8,112.5,"Buena"
19372,0,38.4,9,8,112.5,"Buena"
19374,0,39.5,9,8,112.5,"Buena"
19378,0,38.1,9,8,112.5,"Buena"
19382,0,40.2,9,8,112.5,"Buena"
19384,0,40.6,10,8,125,"Buena"
19385,0,37.4,9,8,112.5,"Buena"
19394,0,39.4,10,8,125,"Buena"
19396,0,37,9,8,112.5,"Buena"
19398,0,36.3,11,8,137.5,"Buena"
19399,0,40.4,10,8,125,"Buena"
19404,0,38.2,9,8,112.5,"Buena"
19413,0,41.1,10,8,125,"Buena"
19416,0,39.2,9,8,112.5,"Buena"
19419,0,38.5,10,8,125,"Buena"
19429,0,40.5,9,8,112.5,"Buena"
19430,0,38.4,10,8,125,"Buena"
19455,0,40.5,9,8,112.5,"Buena"
19463,0,39.2,9,8,112.5,"Buena"
19464,1,25.6,5,3,166.666666666667,"Buena"
19470,0,38.4,9,8,112.5,"Buena"
19476,0,39.2,10,8,125,"Buena"
19479,0,38.6,9,8,112.5,"Buena"
19498,0,38.5,9,8,112.5,"Buena"
19510,0,38,9,8,112.5,"Buena"
19511,0,33.4,7,6,116.666666666667,"Buena"
19517,0,41.4,10,8,125,"Buena"
19518,0,39.5,10,8,125,"Buena"
19524,0,41,9,8,112.5,"Buena"
19525,0,41.1,9,8,112.5,"Buena"
19531,0,37,10,8,125,"Buena"
19543,0,39.2,9,8,112.5,"Buena"
19548,0,38.3,9,8,112.5,"Buena"
19549,0,40,9,8,112.5,"Buena"
19572,0,41.1,9,8,112.5,"Buena"
19580,0,40,9,8,112.5,"Buena"
19582,0,40.6,11,8,137.5,"Buena"
19588,0,38,9,8,112.5,"Buena"
19596,0,36,9,8,112.5,"Buena"
19599,0,41.1,10,8,125,"Buena"
19600,0,37.5,9,8,112.5,"Buena"
19606,0,38.2,9,8,112.5,"Buena"
19612,0,38.4,9,8,112.5,"Buena"
19613,0,40.3,10,8,125,"Buena"
19614,0,39.4,10,8,125,"Buena"
19616,0,39.2,11,8,137.5,"Buena"
19617,0,39.3,9,8,112.5,"Buena"
19632,0,37,11,8,137.5,"Buena"
19650,0,40,10,8,125,"Buena"
19653,0,40.1,10,8,125,"Buena"
19654,0,40,9,8,112.5,"Buena"
19663,0,39.6,10,8,125,"Buena"
19667,0,41.2,11,8,137.5,"Buena"
19671,0,40,9,8,112.5,"Buena"
19673,0,33,7,6,116.666666666667,"Buena"
19677,0,39.6,10,8,125,"Buena"
19682,0,37.1,10,8,125,"Buena"
19691,0,40,9,8,112.5,"Buena"
19693,0,38.4,10,8,125,"Buena"
19694,0,38.5,9,8,112.5,"Buena"
19696,0,39,11,8,137.5,"Buena"
19701,0,39.6,10,8,125,"Buena"
19702,0,37.1,10,8,125,"Buena"
19712,0,34.6,10,6,166.666666666667,"Buena"
19719,0,39.1,10,8,125,"Buena"
19723,0,37.3,10,8,125,"Buena"
19728,0,40.3,9,8,112.5,"Buena"
19734,0,40,11,8,137.5,"Buena"
19742,0,41.1,9,8,112.5,"Buena"
19748,0,39.2,9,8,112.5,"Buena"
19753,0,37.1,10,8,125,"Buena"
19755,0,41,10,8,125,"Buena"
19762,0,39,10,8,125,"Buena"
19763,0,40,10,8,125,"Buena"
19775,0,40.3,11,8,137.5,"Buena"
19784,0,40.3,9,8,112.5,"Buena"
19785,0,40.3,10,8,125,"Buena"
19787,0,34.8,9,6,150,"Buena"
19792,0,34.4,8,6,133.333333333333,"Buena"
19795,0,39.2,10,8,125,"Buena"
19798,0,34.2,7,6,116.666666666667,"Buena"
19800,0,40,10,8,125,"Buena"
19801,0,34.5,7,6,116.666666666667,"Buena"
19804,0,40.2,10,8,125,"Buena"
19815,0,35.1,7,6,116.666666666667,"Buena"
19816,0,40,11,8,137.5,"Buena"
19822,0,40.4,9,8,112.5,"Buena"
19824,0,40.2,9,8,112.5,"Buena"
19834,0,40.4,9,8,112.5,"Buena"
19835,0,40.4,11,8,137.5,"Buena"
19837,0,36.3,10,8,125,"Buena"
19851,0,38.6,9,8,112.5,"Buena"
19853,0,39.4,9,8,112.5,"Buena"
19862,0,40,9,8,112.5,"Buena"
19870,0,39.5,10,8,125,"Buena"
19878,0,41,10,8,125,"Buena"
19885,0,33.3,7,6,116.666666666667,"Buena"
19887,0,39.4,11,8,137.5,"Buena"
19900,0,39,11,8,137.5,"Buena"
19902,0,40,10,8,125,"Buena"
19910,0,34.3,7,6,116.666666666667,"Buena"
19912,0,37.5,9,8,112.5,"Buena"
19922,0,37.2,10,8,125,"Buena"
19924,1,23,4,3,133.333333333333,"Buena"
19925,0,40.6,9,8,112.5,"Buena"
19928,0,39.1,10,8,125,"Buena"
19937,0,40,10,8,125,"Buena"
19941,0,38.2,11,8,137.5,"Buena"
19951,0,35.1,7,6,116.666666666667,"Buena"
19958,0,38.6,9,8,112.5,"Buena"
19962,0,38.4,9,8,112.5,"Buena"
19968,0,39.6,15,8,187.5,"Buena"
19971,0,36.3,9,8,112.5,"Buena"
19972,0,39.6,10,8,125,"Buena"
19974,0,38.1,11,8,137.5,"Buena"
19991,0,38,9,8,112.5,"Buena"
19994,0,34.2,7,6,116.666666666667,"Buena"
20005,0,38.3,9,8,112.5,"Buena"
20014,0,38.1,10,8,125,"Buena"
20019,1,39,9,8,112.5,"Buena"
20028,0,39.1,9,8,112.5,"Buena"
20031,0,39.2,9,8,112.5,"Buena"
20032,0,40,10,8,125,"Buena"
20034,0,41,10,8,125,"Buena"
20037,0,38.4,10,8,125,"Buena"
20045,0,40.5,10,8,125,"Buena"
20046,0,39.2,10,8,125,"Buena"
20049,0,40.4,10,8,125,"Buena"
20058,0,40,9,8,112.5,"Buena"
20062,0,39,14,8,175,"Buena"
20063,0,39.5,9,8,112.5,"Buena"
20069,0,40.3,10,8,125,"Buena"
20076,0,42,9,8,112.5,"Buena"
20085,0,38.5,9,8,112.5,"Buena"
20098,0,38.2,9,8,112.5,"Buena"
20105,0,39.4,9,8,112.5,"Buena"
20106,0,37.1,9,8,112.5,"Buena"
20110,0,40.1,14,8,175,"Buena"
20111,0,40.5,9,8,112.5,"Buena"
20112,0,38,10,8,125,"Buena"
20118,0,40.3,9,8,112.5,"Buena"
20124,0,41,10,8,125,"Buena"
20125,0,39,9,8,112.5,"Buena"
20127,0,38.2,14,8,175,"Buena"
20128,0,36.2,14,8,175,"Buena"
20132,0,41.1,9,8,112.5,"Buena"
20150,0,40.4,14,8,175,"Buena"
20159,0,38,9,8,112.5,"Buena"
20161,0,40,10,8,125,"Buena"
20165,0,39.3,9,8,112.5,"Buena"
20167,0,41.3,9,8,112.5,"Buena"
20179,0,31.3,10,6,166.666666666667,"Buena"
20188,1,40.4,10,8,125,"Buena"
20190,0,38.6,14,8,175,"Buena"
20193,0,40.6,10,8,125,"Buena"
20201,0,40.2,10,8,125,"Buena"
20204,0,41.3,9,8,112.5,"Buena"
20210,0,40.4,10,8,125,"Buena"
20212,0,40,10,8,125,"Buena"
20213,0,40.3,9,8,112.5,"Buena"
20214,0,41,14,8,175,"Buena"
20215,0,36.2,10,8,125,"Buena"
20217,0,39.6,9,8,112.5,"Buena"
20220,0,39,9,8,112.5,"Buena"
20225,0,38.5,10,8,125,"Buena"
20230,0,39.5,10,8,125,"Buena"
20235,0,41.3,9,8,112.5,"Buena"
20237,0,40.4,10,8,125,"Buena"
20238,0,38.5,14,8,175,"Buena"
20240,0,40.4,9,8,112.5,"Buena"
20243,0,38,10,8,125,"Buena"
20245,0,37.2,9,8,112.5,"Buena"
20256,0,41.1,10,8,125,"Buena"
20261,0,38.5,9,8,112.5,"Buena"
20273,0,34.4,8,6,133.333333333333,"Buena"
20278,0,41.3,9,8,112.5,"Buena"
20307,0,35,7,6,116.666666666667,"Buena"
20313,0,38.6,10,8,125,"Buena"
20330,0,39.5,14,8,175,"Buena"
20333,0,39.5,9,8,112.5,"Buena"
20339,0,40,9,8,112.5,"Buena"
20344,0,32.3,7,6,116.666666666667,"Buena"
20353,0,39.1,9,8,112.5,"Buena"
20368,0,38.3,9,8,112.5,"Buena"
20369,0,41,9,8,112.5,"Buena"
20371,1,39.3,14,8,175,"Buena"
20388,0,39.2,9,8,112.5,"Buena"
20402,0,39,9,8,112.5,"Buena"
20416,1,39,9,8,112.5,"Buena"
20421,0,41.1,14,8,175,"Buena"
20423,0,39.2,9,8,112.5,"Buena"
20428,0,37.1,9,8,112.5,"Buena"
20429,0,35.3,8,6,133.333333333333,"Buena"
20431,0,39.1,9,8,112.5,"Buena"
20437,0,40.1,10,8,125,"Buena"
20444,0,40.3,14,8,175,"Buena"
20448,0,39.2,10,8,125,"Buena"
20454,0,39.4,14,8,175,"Buena"
20469,0,36.2,9,8,112.5,"Buena"
20470,0,39.4,9,8,112.5,"Buena"
20473,0,37.4,14,8,175,"Buena"
20475,0,41.1,10,8,125,"Buena"
20480,0,38,10,8,125,"Buena"
20482,0,40.2,10,8,125,"Buena"
20497,0,37.3,9,8,112.5,"Buena"
20506,0,38.5,14,8,175,"Buena"
20511,0,37.6,9,8,112.5,"Buena"
20518,0,40.2,14,8,175,"Buena"
20522,0,38.5,9,8,112.5,"Buena"
20523,0,37.1,14,8,175,"Buena"
20527,0,38,14,8,175,"Buena"
20539,0,39.5,9,8,112.5,"Buena"
20544,0,41,10,8,125,"Buena"
20546,0,36.4,14,8,175,"Buena"
20547,0,38.5,14,8,175,"Buena"
20555,0,40.3,10,8,125,"Buena"
20570,0,39.6,10,8,125,"Buena"
20579,0,40.3,10,8,125,"Buena"
20583,0,38.1,9,8,112.5,"Buena"
20595,0,38.4,9,8,112.5,"Buena"
20609,0,39,9,8,112.5,"Buena"
20618,0,41,9,8,112.5,"Buena"
20623,0,41.1,9,8,112.5,"Buena"
20624,0,39.1,10,8,125,"Buena"
20633,0,40.4,10,8,125,"Buena"
20637,0,39.5,9,8,112.5,"Buena"
20645,0,38.1,9,8,112.5,"Buena"
20656,0,39.2,10,8,125,"Buena"
20657,0,34.4,10,6,166.666666666667,"Buena"
20659,0,39.4,9,8,112.5,"Buena"
20668,0,39.6,9,8,112.5,"Buena"
20676,0,35.2,7,6,116.666666666667,"Buena"
20686,0,39.2,9,8,112.5,"Buena"
20688,0,38.3,9,8,112.5,"Buena"
20696,0,40.1,9,8,112.5,"Buena"
20702,0,39,10,8,125,"Buena"
20711,0,39.4,14,8,175,"Buena"
20712,0,40.6,10,8,125,"Buena"
20718,0,35,8,6,133.333333333333,"Buena"
20719,0,35,7,6,116.666666666667,"Buena"
20721,0,38.1,9,8,112.5,"Buena"
20724,0,37.1,9,8,112.5,"Buena"
20731,0,35.5,8,6,133.333333333333,"Buena"
20745,0,38.5,10,8,125,"Buena"
20748,0,38.6,10,8,125,"Buena"
20749,0,38.5,14,8,175,"Buena"
20764,0,37.3,14,8,175,"Buena"
20770,0,34.3,9,6,150,"Buena"
20777,0,34.6,7,6,116.666666666667,"Buena"
20783,0,38.3,14,8,175,"Buena"
20788,0,41,10,8,125,"Buena"
20789,0,35.4,7,6,116.666666666667,"Buena"
20803,0,39,9,8,112.5,"Buena"
20806,0,40,14,8,175,"Buena"
20807,0,37.1,9,8,112.5,"Buena"
20810,0,39.5,10,8,125,"Buena"
20812,0,39.2,9,8,112.5,"Buena"
20817,0,39.1,9,8,112.5,"Buena"
20824,0,40,14,8,175,"Buena"
20826,0,39,9,8,112.5,"Buena"
20834,0,36.2,9,8,112.5,"Buena"
20847,0,38.4,11,8,137.5,"Buena"
20848,0,40,9,8,112.5,"Buena"
20856,0,39.5,9,8,112.5,"Buena"
20862,0,39.5,10,8,125,"Buena"
20864,0,40,9,8,112.5,"Buena"
20869,0,38.1,9,8,112.5,"Buena"
20873,0,41.4,14,8,175,"Buena"
20874,0,40,9,8,112.5,"Buena"
20879,1,40.4,10,8,125,"Buena"
20880,0,38,10,8,125,"Buena"
20882,0,40.3,10,8,125,"Buena"
20883,0,38.6,14,8,175,"Buena"
20885,0,39.5,10,8,125,"Buena"
20886,0,39.5,9,8,112.5,"Buena"
20887,0,37.4,9,8,112.5,"Buena"
20888,0,38.3,9,8,112.5,"Buena"
20895,0,39.5,14,8,175,"Buena"
20922,0,39,9,8,112.5,"Buena"
20926,0,40,10,8,125,"Buena"
20929,0,40.6,14,8,175,"Buena"
20940,0,38.5,10,8,125,"Buena"
20941,0,40.3,10,8,125,"Buena"
20945,0,39.3,10,8,125,"Buena"
20949,0,41,9,8,112.5,"Buena"
20950,0,39,10,8,125,"Buena"
20957,0,41.5,14,8,175,"Buena"
20964,0,39.1,9,8,112.5,"Buena"
20969,0,38.4,9,8,112.5,"Buena"
20970,0,38,10,8,125,"Buena"
20971,0,41.4,9,8,112.5,"Buena"
20973,0,40.5,10,8,125,"Buena"
20981,0,38.6,9,8,112.5,"Buena"
20985,0,40,9,8,112.5,"Buena"
20990,0,38.1,9,8,112.5,"Buena"
20991,0,41,9,8,112.5,"Buena"
20992,0,40.3,10,8,125,"Buena"
20993,0,38.4,9,8,112.5,"Buena"
21021,0,36,14,8,175,"Buena"
21024,0,38.5,10,8,125,"Buena"
21027,0,34.1,7,6,116.666666666667,"Buena"
21031,0,39.4,10,8,125,"Buena"
21033,0,37.4,14,8,175,"Buena"
21043,0,41.1,10,8,125,"Buena"
21044,0,40.1,10,8,125,"Buena"
21045,0,41,10,8,125,"Buena"
21054,0,39.2,9,8,112.5,"Buena"
21057,0,40.4,9,8,112.5,"Buena"
21062,0,40.4,10,8,125,"Buena"
21066,0,39,9,8,112.5,"Buena"
21081,0,34.2,7,6,116.666666666667,"Buena"
21082,0,39.1,10,8,125,"Buena"
21085,0,40,10,8,125,"Buena"
21088,0,39.2,14,8,175,"Buena"
21093,0,36.3,9,8,112.5,"Buena"
21094,0,41,10,8,125,"Buena"
21095,0,40,9,8,112.5,"Buena"
21103,0,39.5,14,8,175,"Buena"
21107,0,38.5,14,8,175,"Buena"
21122,0,35.2,8,6,133.333333333333,"Buena"
21131,0,40,14,8,175,"Buena"
21132,0,36.4,14,8,175,"Buena"
21133,0,39.9,10,8,125,"Buena"
21148,1,40.5,9,8,112.5,"Buena"
21149,0,40.1,9,8,112.5,"Buena"
21154,0,32.3,8,6,133.333333333333,"Buena"
21165,0,39.5,9,8,112.5,"Buena"
21166,0,39,9,8,112.5,"Buena"
21168,0,41.3,14,8,175,"Buena"
21169,0,38.3,9,8,112.5,"Buena"
21174,0,38.3,10,8,125,"Buena"
21176,0,38.5,9,8,112.5,"Buena"
21178,0,38.1,14,8,175,"Buena"
21186,0,38.6,9,8,112.5,"Buena"
21192,0,40,10,8,125,"Buena"
21193,0,35.4,7,6,116.666666666667,"Buena"
21196,0,41,9,8,112.5,"Buena"
21200,1,39.2,10,8,125,"Buena"
21206,0,39.3,9,8,112.5,"Buena"
21215,0,40.4,14,8,175,"Buena"
21216,0,41,9,8,112.5,"Buena"
21218,0,41.2,10,8,125,"Buena"
21219,0,40.4,10,8,125,"Buena"
21220,0,39.4,14,8,175,"Buena"
21221,0,37.2,10,8,125,"Buena"
21225,0,41.2,10,8,125,"Buena"
21232,0,39,10,8,125,"Buena"
21248,0,39.5,14,8,175,"Buena"
21250,0,36.1,14,8,175,"Buena"
21257,0,39,10,8,125,"Buena"
21266,0,40.1,9,8,112.5,"Buena"
21278,0,37.2,9,8,112.5,"Buena"
21282,0,39.6,9,8,112.5,"Buena"
21290,0,39,14,8,175,"Buena"
21292,0,38.5,9,8,112.5,"Buena"
21296,0,38.1,9,8,112.5,"Buena"
21301,0,38.4,10,8,125,"Buena"
21304,0,40.1,9,8,112.5,"Buena"
21306,0,40.4,10,8,125,"Buena"
21309,0,41,10,8,125,"Buena"
21313,0,37.4,14,8,175,"Buena"
21317,0,35.1,9,6,150,"Buena"
21322,0,41.5,9,8,112.5,"Buena"
21340,0,38,9,8,112.5,"Buena"
21341,0,38,10,8,125,"Buena"
21345,0,22,4,3,133.333333333333,"Buena"
21351,0,39.5,10,8,125,"Buena"
21353,0,38.4,9,8,112.5,"Buena"
21361,0,39.4,14,8,175,"Buena"
21362,0,39.5,10,8,125,"Buena"
21382,0,38.5,10,8,125,"Buena"
21386,0,39.1,10,8,125,"Buena"
21399,0,37.4,10,8,125,"Buena"
21404,0,38.4,9,8,112.5,"Buena"
21405,0,38.5,9,8,112.5,"Buena"
21408,0,39.3,9,8,112.5,"Buena"
21421,0,39.6,14,8,175,"Buena"
21433,0,40.3,14,8,175,"Buena"
21434,0,35,8,6,133.333333333333,"Buena"
21440,0,39,10,8,125,"Buena"
21449,0,37.1,9,8,112.5,"Buena"
21451,0,35.3,8,6,133.333333333333,"Buena"
21456,0,41.3,14,8,175,"Buena"
21471,0,39.3,10,8,125,"Buena"
21479,1,39.2,9,8,112.5,"Buena"
21480,0,40,9,8,112.5,"Buena"
21498,0,40.3,14,8,175,"Buena"
21502,0,39,9,8,112.5,"Buena"
21507,0,37.4,10,8,125,"Buena"
21509,1,40.6,9,8,112.5,"Buena"
21524,0,40.3,9,8,112.5,"Buena"
21534,0,40.1,9,8,112.5,"Buena"
21545,0,36.6,10,8,125,"Buena"
21551,0,37.1,10,8,125,"Buena"
21557,0,40.1,9,8,112.5,"Buena"
21560,0,40.3,14,8,175,"Buena"
21567,0,37.2,9,8,112.5,"Buena"
21579,0,37.4,9,8,112.5,"Buena"
21587,0,42.2,9,8,112.5,"Buena"
21588,0,40.6,14,8,175,"Buena"
21593,0,40.3,9,8,112.5,"Buena"
21596,0,40.3,14,8,175,"Buena"
21597,0,40.2,10,8,125,"Buena"
21605,0,40.2,10,8,125,"Buena"
21606,0,38.5,9,8,112.5,"Buena"
21608,0,38.3,10,8,125,"Buena"
21618,0,41.2,9,8,112.5,"Buena"
21622,0,40,9,8,112.5,"Buena"
21628,0,41,14,8,175,"Buena"
21634,0,38.4,14,8,175,"Buena"
21637,0,40.1,10,8,125,"Buena"
21647,0,41.1,14,8,175,"Buena"
21651,0,41,9,8,112.5,"Buena"
21655,0,38.5,10,8,125,"Buena"
21665,0,37,10,8,125,"Buena"
21668,0,40.2,10,8,125,"Buena"
21670,0,39.4,9,8,112.5,"Buena"
21672,0,38.5,9,8,112.5,"Buena"
21673,0,33.5,7,6,116.666666666667,"Buena"
21675,0,40,14,8,175,"Buena"
21677,0,37.6,14,8,175,"Buena"
21685,0,37.5,14,8,175,"Buena"
21686,0,41.1,9,8,112.5,"Buena"
21688,0,40.2,9,8,112.5,"Buena"
21691,0,40.3,9,8,112.5,"Buena"
21692,1,24.4,5,3,166.666666666667,"Buena"
21695,0,34.8,14,6,233.333333333333,"Buena"
21702,0,38.2,9,8,112.5,"Buena"
21707,0,40.3,14,8,175,"Buena"
21718,0,39.4,9,8,112.5,"Buena"
21735,0,40,9,8,112.5,"Buena"
21739,0,38.5,9,8,112.5,"Buena"
21751,0,41.3,9,8,112.5,"Buena"
21752,0,40,10,8,125,"Buena"
21754,0,37.4,10,8,125,"Buena"
21755,0,39.2,9,8,112.5,"Buena"
21758,0,40.4,10,8,125,"Buena"
21761,0,40.1,10,8,125,"Buena"
21762,0,36.6,14,8,175,"Buena"
21768,0,37.4,10,8,125,"Buena"
21769,0,39.4,10,8,125,"Buena"
21771,0,36.3,10,8,125,"Buena"
21773,0,39.5,10,8,125,"Buena"
21774,0,40.4,9,8,112.5,"Buena"
21785,0,38.4,9,8,112.5,"Buena"
21789,0,39.6,9,8,112.5,"Buena"
21799,0,41,9,8,112.5,"Buena"
21802,0,38.5,9,8,112.5,"Buena"
21809,0,40.2,14,8,175,"Buena"
21810,0,41.1,10,8,125,"Buena"
21811,0,37.6,9,8,112.5,"Buena"
21820,0,38.4,9,8,112.5,"Buena"
21829,0,40,14,8,175,"Buena"
21832,0,39,10,8,125,"Buena"
21834,0,39.4,14,8,175,"Buena"
21836,0,40,10,8,125,"Buena"
21843,0,39.4,9,8,112.5,"Buena"
21849,0,39.4,9,8,112.5,"Buena"
21856,0,39.2,9,8,112.5,"Buena"
21859,0,39.1,9,8,112.5,"Buena"
21860,0,41.4,9,8,112.5,"Buena"
21870,0,36,14,8,175,"Buena"
21871,0,40,10,8,125,"Buena"
21888,0,38.2,9,8,112.5,"Buena"
21890,0,39.6,10,8,125,"Buena"
21897,0,38.6,9,8,112.5,"Buena"
21911,0,40.6,10,8,125,"Buena"
21923,0,40.3,9,8,112.5,"Buena"
21924,0,38.3,9,8,112.5,"Buena"
21925,0,39.5,14,8,175,"Buena"
21929,0,34.4,7,6,116.666666666667,"Buena"
21933,0,39.1,14,8,175,"Buena"
21934,0,41.2,10,8,125,"Buena"
21936,0,37.4,14,8,175,"Buena"
21937,0,40.5,9,8,112.5,"Buena"
21947,0,40.6,14,8,175,"Buena"
21948,0,39.2,10,8,125,"Buena"
21949,0,38,10,8,125,"Buena"
21954,0,40.3,14,8,175,"Buena"
21958,0,40.1,9,8,112.5,"Buena"
21968,0,40.3,10,8,125,"Buena"
21969,0,40.3,10,8,125,"Buena"
21971,0,39.5,10,8,125,"Buena"
21973,0,39.6,10,8,125,"Buena"
21974,0,40,14,8,175,"Buena"
21981,0,37.3,10,8,125,"Buena"
21984,0,40,9,8,112.5,"Buena"
21990,0,39.6,10,8,125,"Buena"
21992,0,40.4,9,8,112.5,"Buena"
21995,0,38.5,9,8,112.5,"Buena"
21998,0,40.5,9,8,112.5,"Buena"
22004,0,40.2,10,8,125,"Buena"
22019,0,38.5,9,8,112.5,"Buena"
22022,0,39.6,9,8,112.5,"Buena"
22026,0,39.6,9,8,112.5,"Buena"
22031,0,38.6,14,8,175,"Buena"
22043,0,41.5,10,8,125,"Buena"
22057,0,39.1,9,8,112.5,"Buena"
22059,0,39.2,10,8,125,"Buena"
22062,0,35.5,7,6,116.666666666667,"Buena"
22073,0,39,9,8,112.5,"Buena"
22077,0,38.4,9,8,112.5,"Buena"
22084,0,40.5,10,8,125,"Buena"
22085,0,38.5,9,8,112.5,"Buena"
22088,0,40.5,9,8,112.5,"Buena"
22091,0,36.5,14,8,175,"Buena"
22092,0,39,9,8,112.5,"Buena"
22096,0,38,10,8,125,"Buena"
22097,1,37,14,8,175,"Buena"
22099,0,40.4,14,8,175,"Buena"
22101,0,39,9,8,112.5,"Buena"
22103,0,38,14,8,175,"Buena"
22109,0,39.2,9,8,112.5,"Buena"
22115,0,39,10,8,125,"Buena"
22116,0,40,9,8,112.5,"Buena"
22119,0,41.1,9,8,112.5,"Buena"
22120,0,37.6,14,8,175,"Buena"
22122,0,37.6,10,8,125,"Buena"
22133,0,41.4,10,8,125,"Buena"
22136,0,35.2,8,6,133.333333333333,"Buena"
22150,0,39.6,10,8,125,"Buena"
22157,0,38.1,10,8,125,"Buena"
22166,0,39.5,10,8,125,"Buena"
22178,0,39.1,9,8,112.5,"Buena"
22180,0,38.3,14,8,175,"Buena"
22184,0,39.3,14,8,175,"Buena"
22188,0,40.6,14,8,175,"Buena"
22201,0,37.1,9,8,112.5,"Buena"
22202,0,38.5,9,8,112.5,"Buena"
22203,0,40.4,9,8,112.5,"Buena"
22213,0,39,10,8,125,"Buena"
22217,0,40.4,9,8,112.5,"Buena"
22218,0,37.1,14,8,175,"Buena"
22222,0,38.6,10,8,125,"Buena"
22225,0,35.5,7,6,116.666666666667,"Buena"
22227,0,37.1,10,8,125,"Buena"
22230,0,38,12,8,150,"Buena"
22237,0,40.1,14,8,175,"Buena"
22250,0,40,9,8,112.5,"Buena"
22258,0,40,10,8,125,"Buena"
22262,0,40.5,9,8,112.5,"Buena"
22264,0,39.2,14,8,175,"Buena"
22265,0,37.4,9,8,112.5,"Buena"
22286,0,39.5,14,8,175,"Buena"
22287,0,38.1,9,8,112.5,"Buena"
22293,0,40.3,10,8,125,"Buena"
22295,0,40.3,10,8,125,"Buena"
22298,0,40.1,10,8,125,"Buena"
22303,0,38.2,14,8,175,"Buena"
22304,0,41.5,14,8,175,"Buena"
22316,0,38.4,14,8,175,"Buena"
22321,0,38.4,14,8,175,"Buena"
22327,0,39,10,8,125,"Buena"
22330,0,37.4,14,8,175,"Buena"
22331,0,37.6,14,8,175,"Buena"
22332,0,35.4,10,6,166.666666666667,"Buena"
22337,0,39.1,10,8,125,"Buena"
22343,0,41.1,10,8,125,"Buena"
22347,1,27,5,3,166.666666666667,"Buena"
22350,0,39.6,14,8,175,"Buena"
22372,0,38.4,9,8,112.5,"Buena"
22375,0,39.5,14,8,175,"Buena"
22376,0,40,9,8,112.5,"Buena"
22377,0,41,10,8,125,"Buena"
22384,0,40.1,9,8,112.5,"Buena"
22387,0,40.2,9,8,112.5,"Buena"
22397,0,37.1,10,8,125,"Buena"
22415,0,39.1,9,8,112.5,"Buena"
22417,0,39.6,9,8,112.5,"Buena"
22420,0,39.2,9,8,112.5,"Buena"
22427,0,41,9,8,112.5,"Buena"
22428,0,40,9,8,112.5,"Buena"
22439,0,39.1,9,8,112.5,"Buena"
22448,0,41,10,8,125,"Buena"
22451,0,39.3,9,8,112.5,"Buena"
22459,0,40.5,14,8,175,"Buena"
22460,0,41.1,10,8,125,"Buena"
22461,0,39.1,9,8,112.5,"Buena"
22463,0,40.2,9,8,112.5,"Buena"
22475,0,40.4,14,8,175,"Buena"
22476,0,39,9,8,112.5,"Buena"
22477,0,39.6,9,8,112.5,"Buena"
22482,0,39.5,9,8,112.5,"Buena"
22491,0,37.6,9,8,112.5,"Buena"
22493,0,40.1,9,8,112.5,"Buena"
22498,0,39.4,14,8,175,"Buena"
22504,0,38.4,9,8,112.5,"Buena"
22505,0,38.1,9,8,112.5,"Buena"
22506,0,38.3,9,8,112.5,"Buena"
22510,0,41,14,8,175,"Buena"
22514,0,40.1,10,8,125,"Buena"
22518,0,38.5,14,8,175,"Buena"
22519,0,40,9,8,112.5,"Buena"
22524,0,37.6,9,8,112.5,"Buena"
22534,0,40,9,8,112.5,"Buena"
22536,0,37.1,10,8,125,"Buena"
22538,0,40.1,14,8,175,"Buena"
22542,0,36.5,9,8,112.5,"Buena"
22543,0,40.4,12,8,150,"Buena"
22546,1,38.2,10,8,125,"Buena"
22549,0,41,14,8,175,"Buena"
22566,0,40.5,10,8,125,"Buena"
22567,0,39.4,9,8,112.5,"Buena"
22572,0,40,10,8,125,"Buena"
22573,0,40.2,14,8,175,"Buena"
22579,0,38,10,8,125,"Buena"
22593,0,40.2,14,8,175,"Buena"
22600,0,39.5,14,8,175,"Buena"
22601,0,38.6,9,8,112.5,"Buena"
22616,0,41,9,8,112.5,"Buena"
22617,0,40.2,10,8,125,"Buena"
22626,0,40.5,10,8,125,"Buena"
22640,0,40,10,8,125,"Buena"
22647,0,40,9,8,112.5,"Buena"
22648,0,38.6,9,8,112.5,"Buena"
22659,0,40.3,9,8,112.5,"Buena"
22663,0,40.2,14,8,175,"Buena"
22672,0,39.2,10,8,125,"Buena"
22676,0,40,14,8,175,"Buena"
22678,0,39.5,14,8,175,"Buena"
22680,0,34.2,8,6,133.333333333333,"Buena"
22683,0,41,9,8,112.5,"Buena"
22685,0,38.4,9,8,112.5,"Buena"
22689,0,40.4,9,8,112.5,"Buena"
22693,0,38.6,9,8,112.5,"Buena"
22694,0,39.4,9,8,112.5,"Buena"
22695,0,40.1,10,8,125,"Buena"
22698,0,38,13,8,162.5,"Buena"
22702,0,38.2,10,8,125,"Buena"
22703,0,38,9,8,112.5,"Buena"
22705,0,38.5,9,8,112.5,"Buena"
22709,0,39.4,9,8,112.5,"Buena"
22715,0,41,10,8,125,"Buena"
22720,0,41,14,8,175,"Buena"
22721,0,39.3,10,8,125,"Buena"
22722,0,41.2,14,8,175,"Buena"
22723,0,40.1,9,8,112.5,"Buena"
22727,0,33.8,8,6,133.333333333333,"Buena"
22755,0,40,9,8,112.5,"Buena"
22756,0,40,14,8,175,"Buena"
22760,0,39.3,9,8,112.5,"Buena"
22764,0,34.3,8,6,133.333333333333,"Buena"
22765,0,35.5,10,6,166.666666666667,"Buena"
22767,0,40.6,14,8,175,"Buena"
22771,0,41.1,14,8,175,"Buena"
22772,0,38,9,8,112.5,"Buena"
22780,1,39,11,8,137.5,"Buena"
22787,0,40.1,10,8,125,"Buena"
22791,0,40,10,8,125,"Buena"
22792,0,39.6,14,8,175,"Buena"
22802,0,35.4,7,6,116.666666666667,"Buena"
22805,0,40.3,9,8,112.5,"Buena"
22806,0,40,10,8,125,"Buena"
22814,0,41.2,10,8,125,"Buena"
22827,0,40.6,10,8,125,"Buena"
22832,0,41.1,9,8,112.5,"Buena"
22836,1,38.2,10,8,125,"Buena"
22851,0,37.4,9,8,112.5,"Buena"
22854,0,26,6,3,200,"Buena"
22859,0,36.6,9,8,112.5,"Buena"
22864,0,38.5,10,8,125,"Buena"
22872,0,40.5,10,8,125,"Buena"
22880,0,39,9,8,112.5,"Buena"
22882,0,39,9,8,112.5,"Buena"
22892,0,39.3,9,8,112.5,"Buena"
22894,0,40,14,8,175,"Buena"
22902,0,35.4,8,6,133.333333333333,"Buena"
22904,0,33.4,7,6,116.666666666667,"Buena"
22909,0,38.6,9,8,112.5,"Buena"
22911,0,39.5,14,8,175,"Buena"
22920,0,39.2,14,8,175,"Buena"
22922,0,37.2,10,8,125,"Buena"
22934,0,39.2,14,8,175,"Buena"
22938,0,38.4,10,8,125,"Buena"
22940,0,37.2,9,8,112.5,"Buena"
22948,0,40,9,8,112.5,"Buena"
22960,0,39.1,14,8,175,"Buena"
22965,0,35.1,8,6,133.333333333333,"Buena"
22970,0,34,8,6,133.333333333333,"Buena"
22977,0,34.6,8,6,133.333333333333,"Buena"
22981,0,37.6,10,8,125,"Buena"
22985,0,40.6,10,8,125,"Buena"
22997,0,39.6,14,8,175,"Buena"
23024,0,39.3,10,8,125,"Buena"
23027,0,39.5,9,8,112.5,"Buena"
23032,0,38.4,10,8,125,"Buena"
23040,0,38.1,9,8,112.5,"Buena"
23047,0,36.2,10,8,125,"Buena"
23053,0,41.1,10,8,125,"Buena"
23055,0,40,9,8,112.5,"Buena"
23062,0,40.2,14,8,175,"Buena"
23064,0,37.4,10,8,125,"Buena"
23075,0,40.3,14,8,175,"Buena"
23077,0,38,9,8,112.5,"Buena"
23091,0,39.1,9,8,112.5,"Buena"
23097,0,40.4,14,8,175,"Buena"
23104,0,38.1,14,8,175,"Buena"
23105,0,38.5,10,8,125,"Buena"
23108,0,37.6,14,8,175,"Buena"
23111,0,40.3,9,8,112.5,"Buena"
23114,0,28.4,7,6,116.666666666667,"Buena"
23118,0,38.6,14,8,175,"Buena"
23119,0,40.1,14,8,175,"Buena"
23120,0,38.5,10,8,125,"Buena"
23123,0,40.4,14,8,175,"Buena"
23128,0,38,10,8,125,"Buena"
23129,0,38.5,9,8,112.5,"Buena"
23135,0,40.1,10,8,125,"Buena"
23143,0,36.6,9,8,112.5,"Buena"
23149,0,35.4,7,6,116.666666666667,"Buena"
23150,0,39.4,9,8,112.5,"Buena"
23153,0,40.6,9,8,112.5,"Buena"
23155,0,39.4,9,8,112.5,"Buena"
23163,0,39.1,9,8,112.5,"Buena"
23164,0,38.5,10,8,125,"Buena"
23167,0,38.5,9,8,112.5,"Buena"
23178,0,39.5,10,8,125,"Buena"
23183,0,39.4,10,8,125,"Buena"
23184,0,39.3,9,8,112.5,"Buena"
23193,0,41.4,9,8,112.5,"Buena"
23204,0,38.4,10,8,125,"Buena"
23205,0,41.1,14,8,175,"Buena"
23208,0,38.5,9,8,112.5,"Buena"
23210,0,38.4,9,8,112.5,"Buena"
23211,0,41.2,9,8,112.5,"Buena"
23212,0,38.6,10,8,125,"Buena"
23213,0,39.5,10,8,125,"Buena"
23218,0,40,10,8,125,"Buena"
23221,0,38.1,10,8,125,"Buena"
23222,0,39.4,10,8,125,"Buena"
23226,0,38.3,14,8,175,"Buena"
23231,1,27.6,7,3,233.333333333333,"Buena"
23238,0,40,14,8,175,"Buena"
23244,0,37.6,10,8,125,"Buena"
23265,0,39.1,9,8,112.5,"Buena"
23278,0,35.2,7,6,116.666666666667,"Buena"
23280,0,41,9,8,112.5,"Buena"
23284,0,40.3,9,8,112.5,"Buena"
23290,0,38.4,14,8,175,"Buena"
23293,0,37.6,10,8,125,"Buena"
23294,0,39,12,8,150,"Buena"
23298,0,38.6,10,8,125,"Buena"
23301,0,40.1,9,8,112.5,"Buena"
23304,0,38.2,10,8,125,"Buena"
23306,0,39.4,14,8,175,"Buena"
23312,0,40.2,9,8,112.5,"Buena"
23313,0,40.3,9,8,112.5,"Buena"
23315,0,40.3,9,8,112.5,"Buena"
23323,0,40.5,9,8,112.5,"Buena"
23329,0,37.1,9,8,112.5,"Buena"
23330,0,40.6,9,8,112.5,"Buena"
23333,0,39.6,10,8,125,"Buena"
23335,0,38.3,10,8,125,"Buena"
23350,0,39.6,14,8,175,"Buena"
23368,0,37.4,10,8,125,"Buena"
23369,0,38.5,14,8,175,"Buena"
23373,0,41,9,8,112.5,"Buena"
23381,0,39.3,9,8,112.5,"Buena"
23387,0,39.2,10,8,125,"Buena"
23392,0,38.5,9,8,112.5,"Buena"
23403,0,37.4,9,8,112.5,"Buena"
23405,0,40.3,9,8,112.5,"Buena"
23406,0,37.1,10,8,125,"Buena"
23407,0,38.4,9,8,112.5,"Buena"
23414,0,41.1,10,8,125,"Buena"
23416,0,39.3,9,8,112.5,"Buena"
23417,0,39,10,8,125,"Buena"
23418,0,41.4,9,8,112.5,"Buena"
23421,0,39,9,8,112.5,"Buena"
23430,0,38,9,8,112.5,"Buena"
23441,0,38,14,8,175,"Buena"
23448,0,40.5,14,8,175,"Buena"
23461,0,39.4,14,8,175,"Buena"
23471,0,38.2,10,8,125,"Buena"
23472,0,38.5,14,8,175,"Buena"
23474,0,38.4,10,8,125,"Buena"
23478,0,39,9,8,112.5,"Buena"
23492,0,39.5,9,8,112.5,"Buena"
23496,0,39,14,8,175,"Buena"
23509,0,38.5,10,8,125,"Buena"
23511,0,38.5,9,8,112.5,"Buena"
23517,0,33.4,14,6,233.333333333333,"Buena"
23518,0,38.4,9,8,112.5,"Buena"
23521,0,39.6,9,8,112.5,"Buena"
23525,0,39,10,8,125,"Buena"
23532,0,40,10,8,125,"Buena"
23553,0,37.6,9,8,112.5,"Buena"
23554,0,37.1,10,8,125,"Buena"
23564,0,38.1,10,8,125,"Buena"
23568,0,37.1,9,8,112.5,"Buena"
23571,0,41.4,9,8,112.5,"Buena"
23572,0,40.3,9,8,112.5,"Buena"
23574,0,41,9,8,112.5,"Buena"
23577,0,38.5,9,8,112.5,"Buena"
23579,0,37.1,14,8,175,"Buena"
23581,0,38.4,9,8,112.5,"Buena"
23583,0,39.5,9,8,112.5,"Buena"
23585,0,39.6,9,8,112.5,"Buena"
23586,0,40.6,9,8,112.5,"Buena"
23588,0,35.2,7,6,116.666666666667,"Buena"
23597,0,38.6,14,8,175,"Buena"
23600,0,38.5,9,8,112.5,"Buena"
23601,0,39.5,10,8,125,"Buena"
23603,0,39.2,10,8,125,"Buena"
23607,0,39.1,14,8,175,"Buena"
23608,0,37,10,8,125,"Buena"
23614,0,38.4,10,8,125,"Buena"
23617,0,35.2,8,6,133.333333333333,"Buena"
23619,0,38.5,9,8,112.5,"Buena"
23621,0,39.6,9,8,112.5,"Buena"
23630,0,39.6,9,8,112.5,"Buena"
23636,0,39.2,9,8,112.5,"Buena"
23638,0,40.4,9,8,112.5,"Buena"
23646,0,37.5,9,8,112.5,"Buena"
23650,0,39.4,9,8,112.5,"Buena"
23652,0,39.2,14,8,175,"Buena"
23660,0,38.5,9,8,112.5,"Buena"
23668,0,39.5,9,8,112.5,"Buena"
23681,0,40.2,14,8,175,"Buena"
23682,0,40.2,10,8,125,"Buena"
23683,0,40.1,10,8,125,"Buena"
23684,0,39.5,10,8,125,"Buena"
23704,0,35.4,7,6,116.666666666667,"Buena"
23707,0,37.6,10,8,125,"Buena"
23709,0,39.1,10,8,125,"Buena"
23710,0,39.3,10,8,125,"Buena"
23719,0,40.1,14,8,175,"Buena"
23736,0,39.3,10,8,125,"Buena"
