ID_REGISTRO,NUMERO_FETO,PESO,PESO_AL_NACIMIENTO
1,1,2900,NO
2,1,3130,
3,1,2955,
4,1,1465,
5,1,3070,
6,1,2540,
7,1,3060,
8,1,3330,
9,1,3330,
10,1,2535,
11,1,3110,
12,1,3080,
13,1,2865,
14,1,2600,
15,1,2630,
16,1,905,NO
17,1,2645,
18,1,3475,
19,1,2776,
20,1,2510,
21,1,3320,
22,1,2920,
23,1,2850,
24,1,3230,
25,1,3050,
26,1,3295,
27,1,2525,
28,1,2940,
29,1,2630,
30,1,2755,
31,1,2985,
32,1,2980,
33,1,2505,
34,1,3085,
35,1,3360,
36,1,2795,
37,1,1880,
38,1,3305,
39,1,3325,
40,1,2750,
41,1,2500,
42,1,3230,
43,1,3000,
44,1,2740,
45,1,1870,
46,1,NO,
47,1,3020,
48,1,3480,
49,1,3405,
50,1,2665,
51,1,,
52,1,3130,
53,1,2635,
54,1,3135,
55,1,3340,
56,1,3430,
57,1,2530,
58,1,3360,
59,1,2483,
60,1,3400,
61,1,1690,
62,1,3395,
63,1,3505,
64,1,3000,
65,1,3300,
66,1,3055,
67,1,3325,
68,1,3925,
69,1,2730,
70,1,2605,
71,1,3140,
72,1,2930,
73,1,2985,NO
74,1,3930,
75,1,3310,
76,1,2660,
77,1,3080,
78,1,2870,
79,1,2655,
80,1,3070,
81,1,2980,
82,1,3590,
83,1,2715,
84,1,2320,
85,1,2180,
86,1,2610,
87,1,2445,
88,1,3240,
89,1,2355,
90,1,3020,
91,1,3440,
92,1,3500,
93,1,2880,
94,1,2825,NO
95,1,2485,
96,1,3335,
97,1,3625,
98,1,2770,
99,1,2770,
100,1,3310,
101,1,3290,
102,1,3350,
103,1,3415,
104,1,2880,
105,1,3530,
106,1,2585,
107,1,2810,
108,1,2725,
109,1,3485,
110,1,3440,
111,1,3345,
112,1,,
113,1,2640,
114,1,2825,
115,1,2915,
116,1,2900,
117,1,3920,
118,1,3420,
119,1,3440,
120,1,2705,
121,1,1520,
122,1,2770,
123,1,1560,
123,2,1590,
124,1,1275,
125,1,3400,
126,1,3255,
127,1,3125,
128,1,3410,
129,1,2970,
130,1,2735,
131,1,3175,
132,1,2760,NO
133,1,2740,
134,1,2940,
135,1,2905,
136,1,2905,
137,1,3235,
138,1,2500,
139,1,3085,
140,1,3170,
141,1,2660,
142,1,2655,
143,1,2160,
144,1,2190,
145,1,4230,
146,1,2595,
147,1,3475,
148,1,3305,
149,1,3340,
150,1,3655,
151,1,3085,
152,1,2675,
153,1,2850,
154,1,3050,
155,1,2240,
156,1,29920,NO
157,1,200,
158,1,2910,
159,1,3520,
160,1,3410,
161,1,2240,
162,1,3335,
163,1,2850,
164,1,3360,
165,1,3380,
166,1,2555,
167,1,2905,
168,1,4310,
169,1,,
169,2,,
169,3,,
169,4,,
170,1,3885,
171,1,3200,
172,1,2195,
173,1,3140,
174,1,3345,
175,1,3165,
176,1,3420,
177,1,2445,
178,1,2410,
179,1,2620,
180,1,3365,
181,1,3595,
182,1,2825,
183,1,3045,
184,1,3080,
185,1,2400,
186,1,3220,
187,1,2940,
188,1,2550,
189,1,2600,
190,1,3390,
191,1,2880,
192,1,3330,
193,1,2600,
194,1,3090,
195,1,2220,
196,1,3580,
197,1,2470,
198,1,2220,
199,1,2575,
200,1,3420,
201,1,4035,
202,1,3735,
203,1,3955,
204,1,2350,
205,1,2880,
206,1,3530,
207,1,3360,
208,1,2700,
209,1,2800,
210,1,2630,
211,1,2840,
212,1,2625,
213,1,3060,
214,1,2710,
215,1,3815,
216,1,3645,
217,1,2620,
218,1,3235,
219,1,3910,
220,1,3005,
221,1,4275,
222,1,3030,
223,1,2950,
224,1,2865,
225,1,3220,
226,1,2890,
227,1,4415,
228,1,,
228,2,,
229,1,3605,
230,1,2990,
231,1,3440,NO
232,1,3375,NO
233,1,2855,NO
234,1,3465,NO
235,1,2508,NO
236,1,2910,NO
237,1,3680,NO
238,1,3315,NO
239,1,3065,NO
240,1,3035,NO
241,1,3180,NO
242,1,2955,NO
243,1,2656,NO
244,1,2820,NO
245,1,3015,NO
246,1,3340,NO
247,1,3550,NO
248,1,2904,NO
249,1,3087,NO
250,1,3100,NO
251,1,2694,NO
252,1,2870,NO
253,1,3132,NO
254,1,4180,NO
255,1,3220,NO
256,1,2715,NO
257,1,3320,NO
258,1,2506,NO
259,1,3060,NO
260,1,3154,NO
261,1,3055,NO
262,1,3530,NO
263,1,2640,NO
264,1,1840,NO
265,1,,NO
266,1,3340,NO
267,1,2575,NO
268,1,3035,NO
269,1,3035,NO
270,1,3410,NO
271,1,2290,NO
272,1,3290,NO
273,1,3790,NO
274,1,2600,NO
275,1,2580,NO
276,1,3435,NO
277,1,3340,NO
278,1,3360,NO
279,1,2575,NO
280,1,3790,NO
281,1,2755,NO
282,1,3600,NO
283,1,2065,NO
284,1,2080,NO
285,1,3110,NO
286,1,2770,NO
287,1,2995,NO
288,1,2620,NO
289,1,3510,NO
290,1,3475,NO
291,1,2725,NO
292,1,2615,NO
293,1,3340,NO
294,1,3185,NO
295,1,3535,NO
296,1,2805,NO
297,1,2625,NO
298,1,3800,NO
299,1,2620,NO
300,1,3330,NO
301,1,2450,NO
302,1,3035,NO
303,1,3105,NO
304,1,2995,NO
305,1,2840,NO
306,1,3490,NO
307,1,3505,NO
308,1,2685,NO
309,1,3130,NO
310,1,3325,NO
311,1,2870,NO
312,1,2860,NO
313,1,3610,NO
314,1,3650,NO
315,1,3680,NO
316,1,3215,NO
317,1,3080,NO
318,1,3520,NO
319,1,3705,NO
320,1,3190,NO
321,1,2765,NO
322,1,3040,NO
323,1,2715,NO
324,1,2770,NO
325,1,3425,NO
326,1,3190,NO
327,1,1695,NO
328,1,3495,NO
329,1,2425,NO
330,1,3275,NO
331,1,2965,NO
332,1,3470,NO
333,1,2345,NO
334,1,,
334,2,,
335,1,3395,NO
336,1,3460,NO
337,1,2740,NO
338,1,3330,NO
339,1,2995,NO
340,1,3525,NO
341,1,3030,NO
342,1,3920,NO
343,1,2785,NO
344,1,660,NO
345,1,2320,NO
346,1,4035,NO
347,1,3085,NO
348,1,3300,NO
349,1,3285,NO
350,1,2540,NO
351,1,1500,NO
352,1,2670,NO
353,1,2640,NO
354,1,3020,NO
355,1,2475,NO
356,1,1345,NO
357,1,2865,NO
358,1,2095,NO
359,1,2920,NO
360,1,3000,NO
361,1,2765,NO
362,1,3350,NO
363,1,2800,NO
364,1,2405,NO
365,1,3750,NO
366,1,3300,NO
367,1,3115,NO
368,1,2865,NO
369,1,3200,NO
370,1,3025,NO
371,1,3710,NO
372,1,2970,NO
373,1,1500,NO
374,1,3115,NO
375,1,2515,NO
376,1,3340,NO
377,1,3425,NO
378,1,3985,NO
379,1,3130,NO
380,1,3090,NO
381,1,2630,NO
382,1,2535,NO
383,1,3030,NO
384,1,3470,NO
385,1,2850,NO
386,1,3160,NO
387,1,4280,NO
388,1,2680,NO
389,1,2290,NO
390,1,2725,NO
391,1,3710,NO
392,1,3100,NO
393,1,3065,NO
394,1,3905,NO
395,1,3135,NO
396,1,3195,NO
397,1,2900,NO
398,1,3310,NO
399,1,690,NO
400,1,1235,NO
401,1,3075,NO
402,1,2680,NO
403,1,2995,NO
404,1,2800,NO
405,1,2630,NO
406,1,2740,NO
407,1,2380,NO
408,1,3545,NO
409,1,3265,NO
410,1,29995,NO
411,1,3470,NO
412,1,2445,NO
413,1,2540,NO
414,1,2400,NO
415,1,2880,NO
416,1,2935,NO
417,1,2850,NO
418,1,2780,NO
419,1,2560,NO
420,1,2700,NO
421,1,3100,NO
422,1,2750,NO
423,1,3390,NO
424,1,2630,NO
425,1,2945,NO
426,1,3210,NO
427,1,2775,NO
428,1,3445,NO
429,1,3050,NO
430,1,2535,NO
431,1,2510,NO
432,1,3190,NO
433,1,2870,NO
434,1,2715,NO
435,1,3150,NO
436,1,3270,NO
437,1,3310,NO
438,1,2105,NO
439,1,3385,NO
440,1,4190,NO
441,1,3405,NO
442,1,2410,NO
443,1,3050,NO
444,1,2920,NO
445,1,3005,NO
446,1,2745,NO
447,1,2745,NO
448,1,3430,NO
449,1,3010,NO
450,1,3410,NO
451,1,2945,NO
452,1,3310,NO
453,1,2975,NO
454,1,3510,NO
455,1,3990,NO
456,1,3155,NO
457,1,3630,NO
458,1,2495,NO
459,1,3410,NO
460,1,3170,NO
461,1,2810,NO
462,1,2730,NO
463,1,2775,NO
464,1,2675,NO
465,1,2950,NO
466,1,3110,NO
467,1,3440,NO
468,1,3250,NO
469,1,3240,NO
470,1,,
470,2,,
471,1,2510,NO
472,1,2200,NO
473,1,3220,NO
474,1,2900,NO
475,1,3070,NO
476,1,3835,NO
477,1,3180,NO
478,1,3935,NO
479,1,3080,NO
480,1,3470,NO
481,1,3535,NO
482,1,2935,NO
483,1,2658,NO
484,1,4140,NO
485,1,2810,NO
486,1,2715,NO
487,1,2275,NO
488,1,,NO
489,1,2890,NO
490,1,2510,NO
491,1,3240,NO
492,1,1535,NO
493,1,3375,NO
494,1,3340,NO
495,1,3960,NO
496,1,3975,NO
497,1,3163,NO
498,1,3470,NO
499,1,3095,NO
500,1,2915,NO
501,1,3285,NO
502,1,1100,NO
503,1,3605,NO
504,1,2820,NO
505,1,2475,NO
506,1,3135,NO
507,1,2745,NO
508,1,3260,NO
509,1,28000,NO
510,1,3400,NO
511,1,2820,NO
512,1,3160,NO
513,1,3390,NO
514,1,2470,NO
515,1,2480,NO
516,1,3335,NO
517,1,2845,NO
518,1,2195,NO
519,1,3740,NO
520,1,2660,NO
521,1,2650,NO
522,1,3400,NO
523,1,2600,NO
524,1,3180,NO
525,1,3100,NO
526,1,3750,NO
527,1,2880,NO
528,1,3030,NO
529,1,2595,NO
530,1,2655,NO
531,1,3040,NO
532,1,2255,NO
533,1,3220,NO
534,1,2635,NO
535,1,3680,NO
536,1,2730,NO
537,1,3080,NO
538,1,2480,NO
539,1,2655,NO
540,1,2630,NO
541,1,3600,NO
542,1,2496,NO
543,1,3840,NO
544,1,2820,NO
545,1,2640,NO
546,1,2940,NO
547,1,2780,NO
548,1,3850,NO
549,1,2850,NO
550,1,3950,NO
551,1,3820,NO
552,1,2260,NO
553,1,3220,NO
554,1,2460,NO
555,1,3080,NO
556,1,2920,NO
557,1,3360,NO
558,1,3790,NO
559,1,2970,NO
560,1,3220,NO
561,1,3035,NO
562,1,3100,NO
563,1,3500,NO
564,1,2782,NO
565,1,2970,NO
566,1,3600,NO
567,1,3340,NO
568,1,2825,NO
569,1,2500,NO
570,1,2665,NO
571,1,2945,NO
572,1,3070,NO
573,1,3590,NO
574,1,3230,NO
575,1,1830,NO
576,1,3320,NO
577,1,3200,NO
578,1,4200,NO
579,1,1810,NO
580,1,3020,NO
581,1,28880,NO
582,1,2885,NO
583,1,2520,NO
584,1,3140,NO
585,1,3280,NO
586,1,2745,NO
587,1,3150,NO
588,1,3145,NO
589,1,3965,NO
590,1,2785,NO
591,1,2980,NO
592,1,2575,NO
593,1,2100,NO
594,1,2760,NO
595,1,2810,NO
596,1,3000,NO
597,1,3180,NO
598,1,NO,NO
599,1,3075,NO
600,1,2825,NO
601,1,2895,NO
602,1,2930,NO
603,1,3000,NO
604,1,3170,NO
605,1,NO,NO
606,1,2975,NO
607,1,3330,NO
608,1,2750,NO
609,1,3295,NO
610,1,1340,NO
611,1,2440,NO
612,1,3330,NO
613,1,3235,NO
614,1,3450,NO
615,1,3050,NO
616,1,1640,NO
617,1,3320,NO
618,1,2585,NO
619,1,3330,NO
620,1,3255,NO
621,1,2870,NO
622,1,1040,NO
623,1,3850,NO
624,1,3105,NO
625,1,3080,NO
626,1,3420,NO
627,1,2870,NO
628,1,3150,NO
629,1,3115,NO
630,1,2995,NO
631,1,3105,NO
632,1,2490,NO
633,1,3440,NO
634,1,2600,NO
635,1,3940,NO
636,1,3020,NO
637,1,,NO
638,1,2260,NO
639,1,2860,NO
640,1,3060,NO
641,1,2840,NO
642,1,,
642,2,,
643,1,2920,NO
644,1,2800,NO
645,1,4160,NO
646,1,3370,NO
647,1,3310,NO
648,1,3360,NO
649,1,3150,NO
650,1,3800,NO
651,1,3090,NO
652,1,3080,NO
653,1,3420,NO
654,1,3890,NO
655,1,2540,NO
656,1,3000,NO
657,1,3630,NO
658,1,2460,NO
659,1,2890,NO
660,1,2410,NO
661,1,3060,NO
662,1,3180,NO
663,1,2410,NO
664,1,2730,NO
665,1,3740,NO
666,1,3300,NO
667,1,840,NO
668,1,2760,NO
669,1,3480,NO
670,1,3590,NO
671,1,2050,NO
672,1,3400,NO
673,1,1780,NO
674,1,2900,NO
675,1,2460,NO
676,1,3050,NO
677,1,2950,NO
678,1,2030,NO
679,1,2530,NO
680,1,3440,NO
681,1,2910,NO
682,1,2600,NO
683,1,3300,NO
684,1,3015,NO
685,1,2510,NO
686,1,2200,NO
687,1,3125,NO
688,1,3275,NO
689,1,3325,NO
690,1,2610,NO
691,1,2790,NO
692,1,3580,NO
693,1,3640,NO
694,1,3195,NO
695,1,3440,NO
696,1,3200,NO
697,1,3360,NO
698,1,2930,NO
699,1,3060,NO
700,1,2970,NO
701,1,3440,NO
702,1,3365,NO
703,1,2940,NO
704,1,3500,NO
705,1,3235,NO
706,1,2950,NO
707,1,4555,NO
708,1,2555,NO
709,1,2950,NO
710,1,2360,NO
711,1,2895,NO
712,1,2990,NO
713,1,2430,NO
714,1,2350,NO
715,1,3420,NO
716,1,3030,NO
717,1,3050,NO
718,1,2785,NO
719,1,3545,NO
720,1,2410,NO
721,1,2700,NO
722,1,2580,NO
723,1,2700,NO
724,1,3540,NO
725,1,2625,NO
726,1,2925,NO
727,1,3815,NO
728,1,2700,NO
729,1,3670,NO
730,1,3685,NO
731,1,3875,NO
732,1,3270,NO
733,1,2785,NO
734,1,4055,NO
735,1,3875,NO
736,1,3365,NO
737,1,2845,NO
738,1,1220,NO
739,1,3090,NO
740,1,3645,NO
741,1,3265,NO
742,1,3235,NO
743,1,3910,NO
744,1,2730,NO
745,1,3050,NO
746,1,2840,NO
747,1,2155,NO
748,1,2430,NO
749,1,3065,NO
750,1,3470,NO
751,1,660,NO
752,1,2590,NO
753,1,3330,NO
754,1,2300,NO
755,1,3045,NO
756,1,3465,NO
757,1,4205,NO
758,1,2595,NO
759,1,3115,NO
760,1,2980,NO
761,1,2595,NO
762,1,2130,NO
763,1,1900,NO
764,1,2865,NO
765,1,2510,NO
766,1,3335,NO
767,1,3225,NO
768,1,3250,NO
769,1,1295,NO
770,1,3520,NO
771,1,3330,NO
772,1,3280,NO
773,1,2335,NO
774,1,2780,NO
775,1,2675,NO
776,1,3575,NO
777,1,2660,NO
778,1,2970,NO
779,1,3125,NO
780,1,700,NO
781,1,3700,NO
782,1,2820,NO
783,1,3325,NO
784,1,4120,NO
785,1,2770,NO
786,1,2815,NO
787,1,3840,NO
788,1,2870,NO
789,1,2410,NO
790,1,3420,NO
791,1,2890,NO
792,1,2530,NO
793,1,3500,NO
794,1,3475,NO
795,1,3870,NO
796,1,2880,NO
797,1,3325,NO
798,1,3125,NO
799,1,3085,NO
800,1,2835,NO
801,1,3160,NO
802,1,3385,NO
803,1,3350,NO
804,1,3150,NO
805,1,2590,NO
806,1,3090,NO
807,1,2750,NO
808,1,,NO
809,1,2325,NO
810,1,3020,NO
811,1,2025,NO
812,1,2940,NO
813,1,3440,NO
814,1,2270,NO
815,1,2870,NO
816,1,2940,NO
817,1,2930,NO
818,1,3850,NO
819,1,2660,NO
820,1,3600,NO
821,1,3730,NO
822,1,3680,NO
823,1,2610,NO
824,1,3410,NO
825,1,3390,NO
826,1,2820,NO
827,1,3640,NO
828,1,2375,NO
829,1,2995,NO
830,1,3035,NO
831,1,3335,NO
832,1,2800,NO
833,1,3285,NO
834,1,4180,NO
835,1,2800,NO
836,1,2555,NO
837,1,2655,NO
838,1,2455,NO
839,1,3060,NO
840,1,2465,NO
841,1,2770,NO
842,1,2910,NO
843,1,3105,NO
844,1,3175,NO
845,1,3605,NO
846,1,3370,NO
847,1,3130,NO
848,1,2730,NO
849,1,2435,NO
850,1,2510,NO
851,1,2445,NO
852,1,2360,NO
853,1,2810,NO
854,1,3225,NO
855,1,3170,NO
856,1,3300,NO
857,1,3910,NO
858,1,27740,NO
859,1,670,NO
860,1,3000,NO
861,1,3730,NO
862,1,3215,NO
863,1,2165,NO
864,1,2930,NO
865,1,2865,NO
866,1,3440,NO
867,1,3250,NO
868,1,2690,NO
869,1,2960,NO
870,1,2675,NO
871,1,4150,NO
872,1,3380,NO
873,1,3345,NO
874,1,2270,NO
875,1,3095,NO
876,1,2955,NO
877,1,2935,NO
878,1,3080,NO
879,1,3235,NO
880,1,3135,NO
881,1,2890,NO
882,1,2030,NO
883,1,3575,NO
884,1,2600,NO
885,1,3160,NO
886,1,2930,NO
887,1,3320,NO
888,1,2720,NO
889,1,3650,NO
890,1,2735,NO
891,1,3495,NO
892,1,2910,NO
893,1,3270,NO
894,1,2850,NO
895,1,2820,NO
896,1,3530,NO
897,1,2295,NO
898,1,3150,NO
899,1,2925,NO
900,1,2995,NO
901,1,2805,NO
902,1,2390,NO
903,1,3130,NO
904,1,2560,NO
905,1,3405,NO
906,1,3340,NO
907,1,3495,NO
908,1,3995,NO
909,1,3380,NO
910,1,2880,NO
911,1,2990,NO
912,1,3130,NO
913,1,2780,NO
914,1,3105,NO
915,1,3880,NO
916,1,2795,NO
917,1,3405,NO
918,1,3085,NO
919,1,2880,NO
920,1,2395,NO
921,1,3655,NO
922,1,3610,NO
923,1,2750,NO
924,1,3100,NO
925,1,3175,NO
926,1,2810,NO
927,1,3515,NO
928,1,2955,NO
929,1,3605,NO
930,1,2710,NO
931,1,3300,NO
932,1,2785,NO
933,1,2940,NO
934,1,2575,NO
935,1,3581,NO
936,1,3005,NO
937,1,3220,NO
938,1,2985,NO
939,1,3175,NO
940,1,2845,NO
941,1,3020,NO
942,1,2560,NO
943,1,2620,NO
944,1,3450,NO
945,1,2930,NO
946,1,3870,NO
947,1,1300,NO
948,1,3470,NO
949,1,3170,NO
950,1,3160,NO
951,1,2530,NO
952,1,2410,NO
953,1,3385,NO
954,1,2770,NO
955,1,3525,NO
956,1,4010,NO
957,1,2985,NO
958,1,3175,NO
959,1,3285,NO
960,1,2400,NO
961,1,3855,NO
962,1,2870,NO
963,1,2560,NO
964,1,2900,NO
965,1,3215,NO
966,1,3105,NO
967,1,3050,NO
968,1,3305,NO
969,1,3285,NO
970,1,2420,NO
971,1,3230,NO
972,1,2940,NO
973,1,3150,NO
974,1,2580,NO
975,1,3080,NO
976,1,2775,NO
977,1,3040,NO
978,1,3005,NO
979,1,3200,NO
980,1,3140,NO
981,1,3925,NO
982,1,3650,NO
983,1,2920,NO
984,1,2995,NO
985,1,3600,NO
986,1,3245,NO
987,1,3755,NO
988,1,2650,NO
989,1,3000,NO
990,1,3485,NO
991,1,2610,NO
992,1,3240,NO
993,1,3275,NO
994,1,3285,NO
995,1,2945,NO
996,1,3115,NO
997,1,3115,NO
998,1,3130,NO
999,1,3145,NO
1000,1,2220,NO
1001,1,3080,NO
1002,1,2795,NO
1003,1,3410,NO
1004,1,3810,NO
1005,1,2790,NO
1006,1,2435,NO
1007,1,2885,NO
1008,1,3360,NO
1009,1,3395,NO
1010,1,2635,NO
1011,1,2390,NO
1012,1,2725,NO
1013,1,4440,NO
1014,1,2990,NO
1015,1,2505,NO
1016,1,525,NO
1017,1,3250,NO
1018,1,2750,NO
1019,1,3070,NO
1020,1,3910,NO
1021,1,3485,NO
1022,1,2750,NO
1023,1,3530,NO
1024,1,3615,NO
1025,1,3780,NO
1026,1,3200,NO
1027,1,2980,NO
1028,1,2835,NO
1029,1,3030,NO
1030,1,3060,NO
1031,1,3235,NO
1032,1,3205,NO
1033,1,3050,NO
1034,1,3615,NO
1035,1,2745,NO
1036,1,3125,NO
1037,1,3450,NO
1038,1,3005,NO
1039,1,3120,NO
1040,1,2910,NO
1041,1,3120,NO
1042,1,3290,NO
1043,1,2855,NO
1044,1,3380,NO
1045,1,4625,NO
1046,1,2860,NO
1047,1,2145,NO
1048,1,2940,NO
1049,1,4000,NO
1050,1,2690,NO
1051,1,2665,NO
1052,1,2840,NO
1053,1,2420,NO
1054,1,3595,NO
1055,1,3010,NO
1056,1,3535,NO
1057,1,2770,NO
1058,1,2880,NO
1059,1,3620,NO
1060,1,3070,NO
1061,1,4100,NO
1062,1,3430,NO
1063,1,2830,NO
1064,1,3610,NO
1065,1,3400,NO
1066,1,2590,NO
1067,1,2700,NO
1068,1,2860,NO
1069,1,3130,NO
1070,1,3275,NO
1071,1,2880,NO
1072,1,3110,NO
1073,1,745,NO
1074,1,3550,NO
1075,1,2855,NO
1076,1,2500,NO
1077,1,3070,NO
1078,1,3220,NO
1079,1,3330,NO
1080,1,2485,NO
1081,1,3495,NO
1082,1,2625,NO
1083,1,3395,NO
1084,1,3065,NO
1085,1,3305,NO
1086,1,3245,NO
1087,1,3320,NO
1088,1,2470,NO
1089,1,3025,NO
1090,1,3120,NO
1091,1,2925,NO
1092,1,3260,NO
1093,1,2875,NO
1094,1,3210,NO
1095,1,2852,NO
1096,1,2980,NO
1097,1,3000,NO
1098,1,2930,NO
1099,1,1720,NO
1100,1,1720,NO
1101,1,3085,NO
1102,1,3165,NO
1103,1,3640,NO
1104,1,3020,NO
1105,1,3075,NO
1106,1,3350,NO
1107,1,3430,NO
1108,1,3115,NO
1109,1,2620,NO
1110,1,2830,NO
1111,1,3265,NO
1112,1,3210,NO
1113,1,2015,NO
1114,1,3120,NO
1115,1,2875,NO
1116,1,1055,NO
1117,1,3425,NO
1118,1,2500,NO
1119,1,3575,NO
1120,1,2860,NO
1121,1,2630,NO
1122,1,3090,NO
1123,1,3465,NO
1124,1,3020,NO
1125,1,2910,NO
1126,1,2700,NO
1127,1,3090,NO
1128,1,2700,NO
1129,1,2595,NO
1130,1,3190,NO
1131,1,2935,NO
1132,1,2435,NO
1133,1,3235,NO
1134,1,3380,NO
1135,1,2655,NO
1136,1,3130,NO
1137,1,3260,NO
1138,1,3290,NO
1139,1,3165,NO
1140,1,3550,NO
1141,1,3330,NO
1142,1,2820,NO
1143,1,3753,NO
1144,1,3280,NO
1145,1,2420,NO
1146,1,3320,NO
1147,1,3200,NO
1148,1,3125,NO
1149,1,3175,NO
1150,1,1040,NO
1151,1,1040,NO
1152,1,2950,NO
1153,1,1770,NO
1154,1,3203,NO
1155,1,2902,NO
1156,1,3050,NO
1157,1,3690,NO
1158,1,3250,NO
1159,1,3280,NO
1160,1,2915,NO
1161,1,3700,NO
1162,1,2900,NO
1163,1,3015,NO
1164,1,3090,NO
1165,1,3285,NO
1166,1,2650,NO
1167,1,3315,NO
1168,1,2700,NO
1169,1,2515,NO
1170,1,3480,NO
1171,1,3260,NO
1172,1,3800,NO
1173,1,3215,NO
1174,1,2970,NO
1175,1,3200,NO
1176,1,3220,NO
1177,1,3975,NO
1178,1,3395,NO
1179,1,2830,NO
1180,1,2835,NO
1181,1,2350,NO
1182,1,3250,NO
1183,1,2635,NO
1184,1,3260,NO
1185,1,2360,NO
1186,1,3290,NO
1187,1,4180,NO
1188,1,1830,NO
1189,1,2690,NO
1190,1,1970,NO
1191,1,3015,NO
1192,1,3965,NO
1193,1,2730,NO
1194,1,2685,NO
1195,1,3050,NO
1196,1,2595,NO
1197,1,2110,NO
1198,1,2480,NO
1199,1,2630,NO
1200,1,2890,NO
1201,1,3310,NO
1202,1,3125,NO
1203,1,2885,NO
1204,1,3330,NO
1205,1,3445,NO
1206,1,3880,NO
1207,1,3120,NO
1208,1,3125,NO
1209,1,800,NO
1210,1,3235,NO
1211,1,3015,NO
1212,1,2260,NO
1213,1,1965,NO
1214,1,3260,NO
1215,1,3315,NO
1216,1,3090,NO
1217,1,3500,NO
1218,1,3250,NO
1219,1,2440,NO
1220,1,4065,NO
1221,1,3320,NO
1222,1,2870,NO
1223,1,3815,NO
1224,1,2820,NO
1225,1,3600,NO
1226,1,3405,NO
1227,1,2760,NO
1228,1,2535,NO
1229,1,3025,NO
1230,1,3155,NO
1231,1,3405,NO
1232,1,3720,NO
1233,1,2465,NO
1234,1,2840,NO
1235,1,3110,NO
1236,1,2410,NO
1237,1,2815,NO
1238,1,2575,NO
1239,1,4500,NO
1240,1,3440,NO
1241,1,3680,NO
1242,1,3730,NO
1243,1,2650,NO
1244,1,2805,NO
1245,1,2825,NO
1246,1,2490,NO
1247,1,2040,NO
1248,1,3005,NO
1249,1,3125,NO
1250,1,2830,NO
1251,1,2900,NO
1252,1,3120,NO
1253,1,3030,NO
1254,1,2800,NO
1255,1,2805,NO
1256,1,3330,NO
1257,1,2975,NO
1258,1,2475,NO
1259,1,3040,NO
1260,1,2375,NO
1261,1,2705,NO
1262,1,2445,NO
1263,1,3385,NO
1264,1,2640,NO
1265,1,3035,NO
1266,1,2721,NO
1267,1,2110,NO
1268,1,2810,NO
1269,1,2870,NO
1270,1,3380,NO
1271,1,2895,NO
1272,1,3375,NO
1273,1,3685,NO
1274,1,3350,NO
1275,1,3245,NO
1276,1,3570,NO
1277,1,2655,NO
1278,1,3435,NO
1279,1,3375,NO
1280,1,2625,NO
1281,1,2615,NO
1282,1,2850,NO
1283,1,3340,NO
1284,1,3405,NO
1285,1,2885,NO
1286,1,3225,NO
1287,1,2180,NO
1288,1,3130,NO
1289,1,3575,NO
1290,1,2360,NO
1291,1,3315,NO
1292,1,2790,NO
1293,1,2770,NO
1294,1,3185,NO
1295,1,2625,NO
1296,1,3165,NO
1297,1,3275,NO
1298,1,3040,NO
1299,1,3050,NO
1300,1,3290,NO
1301,1,3630,NO
1302,1,2780,NO
1303,1,2715,NO
1304,1,3720,NO
1305,1,3395,NO
1306,1,3670,NO
1307,1,3150,NO
1308,1,3450,NO
1309,1,3200,NO
1310,1,4200,NO
1311,1,3170,NO
1312,1,3415,NO
1313,1,2955,NO
1314,1,3375,NO
1315,1,3025,NO
1316,1,2435,NO
1317,1,2840,NO
1318,1,3140,NO
1319,1,2515,NO
1320,1,2210,NO
1321,1,3020,NO
1322,1,2515,NO
1323,1,3130,NO
1324,1,2635,NO
1325,1,3655,NO
1326,1,2570,NO
1327,1,3310,NO
1328,1,2945,NO
1329,1,3265,NO
1330,1,3400,NO
1331,1,2825,NO
1332,1,2880,NO
1333,1,3000,NO
1334,1,3005,NO
1335,1,3350,NO
1336,1,3280,NO
1337,1,2385,NO
1338,1,3250,NO
1339,1,2890,NO
1340,1,2615,NO
1341,1,2885,NO
1342,1,2600,NO
1343,1,800,NO
1344,1,565,NO
1345,1,3205,NO
1346,1,268049,NO
1347,1,3040,NO
1348,1,3405,NO
1349,1,3250,NO
1350,1,,NO
1351,1,2850,NO
1352,1,2970,NO
1353,1,3470,NO
1354,1,2960,NO
1355,1,3125,NO
1356,1,2850,NO
1357,1,3465,NO
1358,1,2890,NO
1359,1,3385,NO
1360,1,3575,NO
1361,1,2350,NO
1362,1,3020,NO
1363,1,3060,NO
1364,1,3025,NO
1365,1,2900,NO
1366,1,3770,NO
1367,1,2240,NO
1368,1,2830,NO
1369,1,3025,NO
1370,1,3265,NO
1371,1,3000,NO
1372,1,2555,NO
1373,1,2785,NO
1374,1,3165,NO
1375,1,3165,NO
1376,1,2860,NO
1377,1,3235,NO
1378,1,3235,NO
1379,1,2870,NO
1380,1,3845,NO
1381,1,3220,NO
1382,1,3880,NO
1383,1,2580,NO
1384,1,2900,NO
1385,1,2760,NO
1386,1,3105,NO
1387,1,3975,NO
1388,1,2760,NO
1389,1,3210,NO
1390,1,3100,NO
1391,1,2515,NO
1392,1,3360,NO
1393,1,2885,NO
1394,1,3130,NO
1395,1,2785,NO
1396,1,3130,NO
1397,1,2815,NO
1398,1,2555,NO
1399,1,2730,NO
1400,1,2825,NO
1401,1,2825,NO
1402,1,2625,NO
1403,1,2580,NO
1404,1,2645,NO
1405,1,2490,NO
1406,1,3845,NO
1407,1,2920,NO
1408,1,3295,NO
1409,1,3615,NO
1410,1,2560,NO
1411,1,2995,NO
1412,1,3170,NO
1413,1,3065,NO
1414,1,3945,NO
1415,1,2775,NO
1416,1,2775,NO
1417,1,3470,NO
1418,1,3755,NO
1419,1,2760,NO
1420,1,3230,NO
1421,1,3245,NO
1422,1,2340,NO
1423,1,1260,NO
1424,1,3095,NO
1425,1,2530,NO
1426,1,2440,NO
1427,1,2400,NO
1428,1,2970,NO
1429,1,4185,NO
1430,1,3765,NO
1431,1,2865,NO
1432,1,2400,NO
1433,1,3770,NO
1434,1,2060,NO
1435,1,3355,NO
1436,1,2910,NO
1437,1,2925,NO
1438,1,3205,NO
1439,1,3140,NO
1440,1,2940,NO
1441,1,2965,NO
1442,1,3605,NO
1443,1,2130,NO
1444,1,2335,NO
1445,1,2895,NO
1446,1,3125,NO
1447,1,3340,NO
1448,1,2410,NO
1449,1,3320,NO
1450,1,2675,NO
1451,1,2680,NO
1452,1,2380,NO
1453,1,3250,NO
1454,1,2210,NO
1455,1,3220,NO
1456,1,3110,NO
1457,1,2910,NO
1458,1,2650,NO
1459,1,2450,NO
1460,1,2800,NO
1461,1,2455,NO
1462,1,3330,NO
1463,1,2855,NO
1464,1,3140,NO
1465,1,2560,NO
1466,1,3035,NO
1467,1,3045,NO
1468,1,2575,NO
1469,1,2890,NO
1470,1,2885,NO
1471,1,3140,NO
1472,1,2550,NO
1473,1,3145,NO
1474,1,3020,NO
1475,1,3385,NO
1476,1,2840,NO
1477,1,3360,NO
1478,1,3290,NO
1479,1,3495,NO
1480,1,2870,NO
1481,1,2885,NO
1482,1,2210,NO
1483,1,2380,NO
1484,1,4595,NO
1485,1,3200,NO
1486,1,3125,NO
1487,1,NO,NO
1488,1,NO,NO
1489,1,2850,NO
1490,1,2920,NO
1491,1,3770,NO
1492,1,470,NO
1493,1,2930,NO
1494,1,4100,NO
1495,1,4065,NO
1496,1,1775,
1496,2,2300,
1497,1,3990,NO
1498,1,2900,NO
1499,1,2570,NO
1500,1,2460,NO
1501,1,2480,NO
1502,1,3050,NO
1503,1,3365,NO
1504,1,3190,NO
1505,1,2715,NO
1506,1,3005,NO
1507,1,3075,NO
1508,1,2710,NO
1509,1,3600,NO
1510,1,2805,NO
1511,1,2455,NO
1512,1,3430,NO
1513,1,3205,NO
1514,1,3185,NO
1515,1,3220,NO
1516,1,2435,NO
1517,1,3970,NO
1518,1,3250,NO
1519,1,3180,NO
1520,1,4170,NO
1521,1,3010,NO
1522,1,2840,NO
1523,1,3400,NO
1524,1,2420,NO
1525,1,2880,NO
1526,1,3450,NO
1527,1,2445,NO
1528,1,3205,NO
1529,1,2895,NO
1530,1,2895,NO
1531,1,4285,NO
1532,1,3315,NO
1533,1,2810,NO
1534,1,3520,NO
1535,1,3015,NO
1536,1,3620,NO
1537,1,2160,NO
1538,1,3455,NO
1539,1,3940,NO
1540,1,3145,NO
1541,1,3110,NO
1542,1,2515,NO
1543,1,2800,NO
1544,1,2660,NO
1545,1,3215,NO
1546,1,3050,NO
1547,1,3300,NO
1548,1,3270,NO
1549,1,3390,NO
1550,1,3880,NO
1551,1,3310,NO
1552,1,3410,NO
1553,1,2655,NO
1554,1,3045,NO
1555,1,2810,NO
1556,1,2850,NO
1557,1,2675,NO
1558,1,3065,NO
1559,1,3290,NO
1560,1,3065,NO
1561,1,3780,NO
1562,1,3250,NO
1563,1,3160,NO
1564,1,3800,NO
1565,1,2745,NO
1566,1,3999,NO
1567,1,3320,NO
1568,1,2835,NO
1569,1,3275,NO
1570,1,3505,NO
1571,1,3360,NO
1572,1,2250,NO
1573,1,3285,NO
1574,1,3480,NO
1575,1,3420,NO
1576,1,2890,NO
1577,1,2960,NO
1578,1,3440,NO
1579,1,3620,NO
1580,1,3720,NO
1581,1,4155,NO
1582,1,3555,NO
1583,1,2820,NO
1584,1,2660,NO
1585,1,3070,NO
1586,1,3560,NO
1587,1,3270,NO
1588,1,2505,NO
1589,1,3675,NO
1590,1,2345,NO
1591,1,3210,NO
1592,1,2340,NO
1593,1,590,NO
1594,1,2690,NO
1595,1,3170,NO
1596,1,1550,NO
1597,1,2990,NO
1598,1,3170,NO
1599,1,3135,NO
1600,1,3470,NO
1601,1,3470,NO
1602,1,3025,NO
1603,1,3430,NO
1604,1,2550,NO
1605,1,3025,NO
1606,1,3290,NO
1607,1,3170,NO
1608,1,2460,NO
1609,1,3405,NO
1610,1,2990,NO
1611,1,2695,NO
1612,1,3030,NO
1613,1,3250,NO
1614,1,2505,NO
1615,1,3490,NO
1616,1,2500,NO
1617,1,3060,NO
1618,1,3145,NO
1619,1,2730,NO
1620,1,2470,NO
1621,1,3556,NO
1622,1,2515,NO
1623,1,2765,NO
1624,1,2690,NO
1625,1,2900,NO
1626,1,3840,NO
1627,1,3050,NO
1628,1,2110,NO
1629,1,2440,NO
1630,1,2255,NO
1631,1,2785,NO
1632,1,4130,NO
1633,1,3280,NO
1634,1,2405,NO
1635,1,3135,NO
1636,1,3345,NO
1637,1,2675,NO
1638,1,2700,NO
1639,1,320,NO
1640,1,2775,NO
1641,1,2750,NO
1642,1,2860,NO
1643,1,3300,NO
1644,1,2170,NO
1645,1,2940,NO
1646,1,1985,NO
1647,1,3150,NO
1648,1,3185,NO
1649,1,3230,NO
1650,1,1970,NO
1651,1,3005,NO
1652,1,2645,NO
1653,1,2966,NO
1654,1,3090,NO
1655,1,3600,NO
1656,1,3035,NO
1657,1,2480,NO
1658,1,3660,NO
1659,1,3515,NO
1660,1,3225,NO
1661,1,2990,NO
1662,1,2160,NO
1663,1,2600,NO
1664,1,2505,NO
1665,1,3215,NO
1666,1,2690,NO
1667,1,3090,NO
1668,1,2890,NO
1669,1,2725,NO
1670,1,2875,NO
1671,1,2860,NO
1672,1,2440,NO
1673,1,3260,NO
1674,1,3600,NO
1675,1,2925,NO
1676,1,3150,NO
1677,1,2890,NO
1678,1,2925,NO
1679,1,3090,NO
1680,1,3180,NO
1681,1,3635,NO
1682,1,2845,NO
1683,1,2710,NO
1684,1,3005,NO
1685,1,2730,NO
1686,1,3245,NO
1687,1,3060,NO
1688,1,3500,NO
1689,1,3015,NO
1690,1,3135,NO
1691,1,3690,NO
1692,1,2960,NO
1693,1,2680,NO
1694,1,2540,NO
1695,1,3990,NO
1696,1,2750,NO
1697,1,3050,NO
1698,1,2320,NO
1699,1,2160,NO
1700,1,3075,NO
1701,1,2000,NO
1702,1,3005,NO
1703,1,3260,NO
1704,1,3505,NO
1705,1,3405,NO
1706,1,2925,NO
1707,1,3529,NO
1708,1,3690,NO
1709,1,3110,NO
1710,1,3605,NO
1711,1,2850,NO
1712,1,3460,NO
1713,1,3375,NO
1714,1,3160,NO
1715,1,2830,NO
1716,1,2880,NO
1717,1,2960,NO
1718,1,3615,NO
1719,1,2900,NO
1720,1,1690,NO
1721,1,2860,NO
1722,1,3650,NO
1723,1,3200,NO
1724,1,2570,NO
1725,1,2650,NO
1726,1,2910,NO
1727,1,3540,NO
1728,1,2470,NO
1729,1,3000,NO
1730,1,2555,
1730,2,1940,
1731,1,3220,NO
1732,1,2895,NO
1733,1,2680,NO
1734,1,2865,NO
1735,1,2605,NO
1736,1,3150,NO
1737,1,3515,NO
1738,1,2330,
1738,2,2405,
1739,1,2760,NO
1740,1,2640,NO
1741,1,3250,NO
1742,1,3560,NO
1743,1,2755,NO
1744,1,3015,NO
1745,1,3490,NO
1746,1,2375,NO
1747,1,3180,NO
1748,1,2920,NO
1749,1,3250,NO
1750,1,2935,NO
1751,1,2900,NO
1752,1,2750,NO
1753,1,2755,NO
1754,1,2560,NO
1755,1,3665,NO
1756,1,2930,NO
1757,1,3180,NO
1758,1,3190,NO
1759,1,3505,NO
1760,1,2910,NO
1761,1,3180,NO
1762,1,2635,NO
1763,1,3540,NO
1764,1,3420,NO
1765,1,3955,NO
1766,1,4010,NO
1767,1,3020,NO
1768,1,2150,NO
1769,1,3400,NO
1770,1,2465,NO
1771,1,3830,NO
1772,1,3250,NO
1773,1,2405,NO
1774,1,3325,NO
1775,1,3960,NO
1776,1,4240,NO
1777,1,2475,NO
1778,1,3135,NO
1779,1,3505,NO
1780,1,2940,NO
1781,1,3740,NO
1782,1,2675,NO
1783,1,3220,NO
1784,1,2835,NO
1785,1,3742,NO
1786,1,3450,NO
1787,1,2540,NO
1788,1,2685,NO
1789,1,3715,NO
1790,1,2430,NO
1791,1,3045,NO
1792,1,2200,NO
1793,1,2955,NO
1794,1,3145,NO
1795,1,3510,NO
1796,1,3040,NO
1797,1,2690,NO
1798,1,2680,NO
1799,1,2675,NO
1800,1,2395,NO
1801,1,2735,NO
1802,1,3000,NO
1803,1,2925,NO
1804,1,3600,NO
1805,1,2760,NO
1806,1,3390,NO
1807,1,3330,NO
1808,1,3630,NO
1809,1,2900,NO
1810,1,3025,NO
1811,1,2195,NO
1812,1,3410,NO
1813,1,3000,NO
1814,1,4100,NO
1815,1,3090,NO
1816,1,2915,NO
1817,1,3035,NO
1818,1,2665,NO
1819,1,2340,NO
1820,1,2805,NO
1821,1,3250,NO
1822,1,2120,NO
1823,1,3950,NO
1824,1,1700,NO
1825,1,3390,NO
1826,1,3165,NO
1827,1,3095,NO
1828,1,2925,NO
1829,1,3795,NO
1830,1,3415,NO
1831,1,3430,NO
1832,1,3430,NO
1833,1,2999,NO
1834,1,3570,NO
1835,1,2950,NO
1836,1,2725,NO
1837,1,3200,NO
1838,1,3295,NO
1839,1,2985,NO
1840,1,4175,NO
1841,1,2925,NO
1842,1,2550,NO
1843,1,2785,NO
1844,1,2205,NO
1845,1,2760,NO
1846,1,2870,NO
1847,1,1244,NO
1848,1,3175,NO
1849,1,2975,NO
1850,1,3495,NO
1851,1,2495,NO
1852,1,2575,NO
1853,1,2655,NO
1854,1,2770,NO
1855,1,3280,NO
1856,1,2945,NO
1857,1,2175,NO
1858,1,2675,NO
1859,1,3185,NO
1860,1,3175,NO
1861,1,3365,NO
1862,1,2860,NO
1863,1,3480,NO
1864,1,2810,NO
1865,1,2555,NO
1866,1,3525,NO
1867,1,2820,NO
1868,1,3170,NO
1869,1,3215,NO
1870,1,2820,NO
1871,1,2760,NO
1872,1,3050,NO
1873,1,3430,NO
1874,1,2155,NO
1875,1,2665,NO
1876,1,3070,NO
1877,1,2485,NO
1878,1,3375,NO
1879,1,2735,NO
1880,1,2895,NO
1881,1,2970,NO
1882,1,2180,NO
1883,1,3495,NO
1884,1,3425,NO
1885,1,2640,NO
1886,1,3090,NO
1887,1,3480,NO
1888,1,2105,NO
1889,1,3870,NO
1890,1,2615,NO
1891,1,2555,NO
1892,1,4005,NO
1893,1,3095,NO
1894,1,3100,NO
1895,1,2735,NO
1896,1,,
1896,2,,
1897,1,3275,NO
1898,1,3195,NO
1899,1,2035,NO
1900,1,2830,NO
1901,1,3070,NO
1902,1,3185,NO
1903,1,2405,NO
1904,1,3585,NO
1905,1,3500,NO
1906,1,3105,NO
1907,1,3550,NO
1908,1,3690,NO
1909,1,3500,NO
1910,1,3270,NO
1911,1,2665,NO
1912,1,2760,NO
1913,1,2615,NO
1914,1,2875,NO
1915,1,2425,NO
1916,1,2490,NO
1917,1,3230,NO
1918,1,2800,NO
1919,1,3300,NO
1920,1,3500,NO
1921,1,3260,NO
1922,1,3660,NO
1923,1,3610,NO
1924,1,2510,NO
1925,1,2920,NO
1926,1,2735,NO
1927,1,3260,NO
1928,1,3195,NO
1929,1,3385,NO
1930,1,3385,NO
1931,1,3440,NO
1932,1,2645,NO
1933,1,3010,NO
1934,1,3235,NO
1935,1,3485,NO
1936,1,3635,NO
1937,1,3455,NO
1938,1,2830,NO
1939,1,2985,NO
1940,1,2665,NO
1941,1,2795,NO
1942,1,2730,NO
1943,1,1960,NO
1944,1,2915,NO
1945,1,3610,NO
1946,1,2960,NO
1947,1,1390,NO
1948,1,3230,NO
1949,1,2935,NO
1950,1,3190,NO
1951,1,3935,NO
1952,1,3105,NO
1953,1,3330,NO
1954,1,3230,NO
1955,1,2715,NO
1956,1,3210,NO
1957,1,2840,NO
1958,1,3375,NO
1959,1,3680,NO
1960,1,3215,NO
1961,1,2760,NO
1962,1,2925,NO
1963,1,3065,NO
1964,1,2860,NO
1965,1,3780,NO
1966,1,2595,NO
1967,1,2220,NO
1968,1,3155,NO
1969,1,2810,NO
1970,1,3495,NO
1971,1,3015,NO
1972,1,2700,NO
1973,1,3580,NO
1974,1,2975,NO
1975,1,1620,NO
1976,1,3620,NO
1977,1,2670,NO
1978,1,3490,NO
1979,1,3285,NO
1980,1,3120,NO
1981,1,3275,NO
1982,1,2885,NO
1983,1,2680,NO
1984,1,2700,NO
1985,1,3040,NO
1986,1,2655,NO
1987,1,3105,NO
1988,1,3310,NO
1989,1,3540,NO
1990,1,2355,NO
1991,1,2565,NO
1992,1,2995,NO
1993,1,2666,NO
1994,1,1320,NO
1995,1,4310,NO
1996,1,2465,NO
1997,1,2700,NO
1998,1,2820,NO
1999,1,2760,NO
2000,1,2880,NO
2001,1,2750,NO
2002,1,2385,NO
2003,1,3675,NO
2004,1,2755,NO
2005,1,2460,NO
2006,1,3545,NO
2007,1,2540,NO
2008,1,3190,NO
2009,1,,
2009,2,,
2010,1,3250,NO
2011,1,2765,NO
2012,1,2395,NO
2013,1,3385,NO
2014,1,3080,NO
2015,1,2125,NO
2016,1,2885,NO
2017,1,3680,NO
2018,1,2550,NO
2019,1,2540,NO
2020,1,2855,NO
2021,1,2340,NO
2022,1,3365,NO
2023,1,2885,NO
2024,1,2855,NO
2025,1,2605,NO
2026,1,3240,NO
2027,1,2995,NO
2028,1,2625,NO
2029,1,3100,NO
2030,1,2400,NO
2031,1,2365,NO
2032,1,2785,NO
2033,1,3355,NO
2034,1,3225,NO
2035,1,2765,NO
2036,1,3225,NO
2037,1,3320,NO
2038,1,3440,NO
2039,1,2895,NO
2040,1,3310,NO
2041,1,3335,NO
2042,1,3100,NO
2043,1,3250,NO
2044,1,3100,NO
2045,1,2695,NO
2046,1,2510,NO
2047,1,2700,NO
2048,1,2580,NO
2049,1,3320,NO
2050,1,2585,NO
2051,1,3445,NO
2052,1,3385,NO
2053,1,2765,NO
2054,1,2935,NO
2055,1,2820,NO
2056,1,2915,NO
2057,1,2690,NO
2058,1,3230,NO
2059,1,3810,NO
2060,1,3345,NO
2061,1,2890,NO
2062,1,2950,NO
2063,1,2185,NO
2064,1,2710,NO
2065,1,3170,NO
2066,1,2960,NO
2067,1,3045,NO
2068,1,3100,NO
2069,1,3110,NO
2070,1,2745,NO
2071,1,3605,NO
2072,1,2610,NO
2073,1,3745,NO
2074,1,3015,NO
2075,1,3080,NO
2076,1,3125,NO
2077,1,4825,NO
2078,1,2335,NO
2079,1,3165,NO
2080,1,2760,NO
2081,1,3470,NO
2082,1,3600,NO
2083,1,3275,NO
2084,1,2275,NO
2085,1,2090,NO
2086,1,,
2086,2,,
2087,1,2505,NO
2088,1,3785,NO
2089,1,3145,NO
2090,1,2575,NO
2091,1,3115,NO
2092,1,3180,NO
2093,1,,
2093,2,,
2094,1,3075,NO
2095,1,3165,NO
2096,1,2990,NO
2097,1,2360,NO
2098,1,3020,NO
2099,1,3260,NO
2100,1,2790,NO
2101,1,2860,NO
2102,1,3835,NO
2103,1,2670,NO
2104,1,3395,NO
2105,1,3315,NO
2106,1,3880,NO
2107,1,2860,NO
2108,1,2510,NO
2109,1,2910,NO
2110,1,2125,NO
2111,1,3465,NO
2112,1,3255,NO
2113,1,2955,NO
2114,1,2705,NO
2115,1,4150,NO
2116,1,3040,NO
2117,1,3130,NO
2118,1,2790,NO
2119,1,2935,NO
2120,1,3590,NO
2121,1,3850,NO
2122,1,3005,NO
2123,1,3190,NO
2124,1,3340,NO
2125,1,3045,NO
2126,1,2910,NO
2127,1,3235,NO
2128,1,2660,NO
2129,1,3310,NO
2130,1,2700,NO
2131,1,3300,NO
2132,1,2910,NO
2133,1,2515,NO
2134,1,3480,NO
2135,1,2143,NO
2136,1,2955,NO
2137,1,3015,NO
2138,1,2700,NO
2139,1,2675,NO
2140,1,2790,NO
2141,1,3490,NO
2142,1,3535,NO
2143,1,2665,NO
2144,1,3720,NO
2145,1,,NO
2146,1,2690,NO
2147,1,2730,NO
2148,1,3505,NO
2149,1,3045,NO
2150,1,3720,NO
2151,1,2500,NO
2152,1,2815,NO
2153,1,3120,NO
2154,1,3070,NO
2155,1,3515,NO
2156,1,3485,NO
2157,1,2770,NO
2158,1,3520,NO
2159,1,3060,NO
2160,1,2800,NO
2161,1,3000,NO
2162,1,2765,NO
2163,1,3215,NO
2164,1,3310,NO
2165,1,3140,NO
2166,1,1340,NO
2167,1,3205,NO
2168,1,3450,NO
2169,1,3640,NO
2170,1,3240,NO
2171,1,3420,NO
2172,1,3200,NO
2173,1,3305,NO
2174,1,3650,NO
2175,1,3316,NO
2176,1,1650,NO
2177,1,3635,NO
2178,1,2600,NO
2179,1,3140,NO
2180,1,3460,NO
2181,1,2625,NO
2182,1,2885,NO
2183,1,3610,NO
2184,1,3070,NO
2185,1,3105,NO
2186,1,3630,NO
2187,1,3575,NO
2188,1,3305,NO
2189,1,2560,NO
2190,1,2715,NO
2191,1,3550,NO
2192,1,3415,NO
2193,1,2775,NO
2194,1,1425,NO
2195,1,2960,NO
2196,1,3260,NO
2197,1,2940,NO
2198,1,2350,NO
2199,1,3000,NO
2200,1,2510,NO
2201,1,3420,NO
2202,1,,
2202,2,,
2203,1,3580,NO
2204,1,3605,NO
2205,1,2400,NO
2206,1,3100,NO
2207,1,3430,NO
2208,1,3200,NO
2209,1,3070,NO
2210,1,2900,NO
2211,1,2900,NO
2212,1,3140,NO
2213,1,3310,NO
2214,1,2530,NO
2215,1,2520,NO
2216,1,3340,NO
2217,1,3165,NO
2218,1,3020,NO
2219,1,2250,NO
2220,1,3200,NO
2221,1,3110,NO
2222,1,3560,NO
2223,1,3190,NO
2224,1,2655,NO
2225,1,3610,NO
2226,1,3460,NO
2227,1,3980,NO
2228,1,2800,NO
2229,1,3135,NO
2230,1,2515,NO
2231,1,3745,NO
2232,1,2700,NO
2233,1,2895,NO
2234,1,2755,NO
2235,1,2645,NO
2236,1,3190,NO
2237,1,3065,NO
2238,1,3005,NO
2239,1,3050,NO
2240,1,2985,NO
2241,1,2950,NO
2242,1,3045,NO
2243,1,2510,NO
2244,1,2385,NO
2245,1,2765,NO
2246,1,2605,NO
2247,1,2730,NO
2248,1,3425,NO
2249,1,2625,NO
2250,1,2980,NO
2251,1,3280,NO
2252,1,2530,NO
2253,1,3295,NO
2254,1,1965,NO
2255,1,3980,NO
2256,1,4180,NO
2257,1,2290,NO
2258,1,2840,NO
2259,1,3620,NO
2260,1,2595,NO
2261,1,3245,NO
2262,1,3005,NO
2263,1,3285,NO
2264,1,3840,NO
2265,1,3210,NO
2266,1,3100,NO
2267,1,2745,NO
2268,1,3025,NO
2269,1,2755,NO
2270,1,2575,NO
2271,1,3285,NO
2272,1,2875,NO
2273,1,2285,NO
2274,1,2850,NO
2275,1,3150,NO
2276,1,3265,NO
2277,1,2610,NO
2278,1,3225,NO
2279,1,2900,NO
2280,1,3610,NO
2281,1,2880,NO
2282,1,3395,NO
2283,1,2725,NO
2284,1,3700,NO
2285,1,3151,NO
2286,1,2460,NO
2287,1,2490,NO
2288,1,3110,NO
2289,1,4710,NO
2290,1,3020,NO
2291,1,3335,NO
2292,1,1785,NO
2293,1,2880,NO
2294,1,3005,NO
2295,1,2710,NO
2296,1,3310,NO
2297,1,3895,NO
2298,1,3110,NO
2299,1,3120,NO
2300,1,2450,NO
2301,1,2835,NO
2302,1,3485,NO
2303,1,2849,NO
2304,1,2525,NO
2305,1,3185,NO
2306,1,3075,NO
2307,1,3000,NO
2308,1,3755,NO
2309,1,3515,NO
2310,1,2855,NO
2311,1,2990,NO
2312,1,2630,NO
2313,1,3185,NO
2314,1,2980,NO
2315,1,3075,NO
2316,1,3690,NO
2317,1,2790,NO
2318,1,2440,NO
2319,1,3550,NO
2320,1,2670,NO
2321,1,3270,NO
2322,1,3485,NO
2323,1,2090,NO
2324,1,2465,NO
2325,1,2446,NO
2326,1,3085,NO
2327,1,2955,NO
2328,1,2685,NO
2329,1,2885,NO
2330,1,2585,NO
2331,1,2840,NO
2332,1,2580,NO
2333,1,3445,NO
2334,1,3445,NO
2335,1,3025,NO
2336,1,740,NO
2337,1,3465,NO
2338,1,2730,NO
2339,1,1865,NO
2340,1,3290,NO
2341,1,2475,NO
2342,1,3230,NO
2343,1,2405,NO
2344,1,2300,NO
2345,1,3340,NO
2346,1,3045,NO
2347,1,3290,NO
2348,1,3340,NO
2349,1,3515,NO
2350,1,2915,NO
2351,1,2210,NO
2352,1,3160,NO
2353,1,3275,NO
2354,1,2590,NO
2355,1,2440,NO
2356,1,3000,NO
2357,1,2800,NO
2358,1,3105,NO
2359,1,2270,NO
2360,1,2620,NO
2361,1,3615,NO
2362,1,3115,NO
2363,1,2605,NO
2364,1,3015,NO
2365,1,2615,NO
2366,1,2115,NO
2367,1,3235,NO
2368,1,3950,NO
2369,1,2580,NO
2370,1,2810,NO
2371,1,2745,NO
2372,1,2170,NO
2373,1,3805,NO
2374,1,2945,NO
2375,1,1780,NO
2376,1,2730,NO
2377,1,3330,NO
2378,1,2740,NO
2379,1,3370,NO
2380,1,3830,NO
2381,1,3240,NO
2382,1,2685,NO
2383,1,3000,NO
2384,1,2440,NO
2385,1,3320,NO
2386,1,2630,NO
2387,1,2865,NO
2388,1,3040,NO
2389,1,3510,NO
2390,1,3025,NO
2391,1,3300,NO
2392,1,3140,NO
2393,1,3535,NO
2394,1,3435,NO
2395,1,3175,NO
2396,1,3490,NO
2397,1,3065,NO
2398,1,2870,NO
2399,1,2750,NO
2400,1,2860,NO
2401,1,3335,NO
2402,1,3100,NO
2403,1,3115,NO
2404,1,3265,NO
2405,1,3090,NO
2406,1,2985,NO
2407,1,3155,NO
2408,1,2850,NO
2409,1,3390,NO
2410,1,2940,NO
2411,1,2915,NO
2412,1,1955,NO
2413,1,2855,NO
2414,1,3070,NO
2415,1,2810,NO
2416,1,2440,NO
2417,1,3070,NO
2418,1,3295,NO
2419,1,3600,NO
2420,1,3320,NO
2421,1,3575,NO
2422,1,2895,NO
2423,1,3330,NO
2424,1,3235,NO
2425,1,2615,NO
2426,1,2685,NO
2427,1,3005,NO
2428,1,2755,NO
2429,1,3490,NO
2430,1,3525,NO
2431,1,2805,NO
2432,1,2315,NO
2433,1,2860,NO
2434,1,3095,NO
2435,1,3480,NO
2436,1,2985,NO
2437,1,3665,NO
2438,1,3082,NO
2439,1,3430,NO
2440,1,3535,NO
2441,1,2530,NO
2442,1,3250,NO
2443,1,3495,NO
2444,1,2220,NO
2445,1,3110,NO
2446,1,2960,NO
2447,1,3865,NO
2448,1,2985,NO
2449,1,3090,NO
2450,1,2800,NO
2451,1,3090,NO
2452,1,2860,NO
2453,1,2562,NO
2454,1,3295,NO
2455,1,2990,NO
2456,1,3595,NO
2457,1,2940,NO
2458,1,3095,NO
2459,1,2750,NO
2460,1,1890,NO
2461,1,2950,NO
2462,1,3545,NO
2463,1,2920,NO
2464,1,2900,NO
2465,1,3210,NO
2466,1,3125,NO
2467,1,2910,NO
2468,1,3300,NO
2469,1,2730,NO
2470,1,3095,NO
2471,1,3650,NO
2472,1,3325,NO
2473,1,2670,NO
2474,1,3750,NO
2475,1,3995,NO
2476,1,2875,NO
2477,1,3005,NO
2478,1,2660,NO
2479,1,2650,NO
2480,1,1890,NO
2481,1,2915,NO
2482,1,2955,NO
2483,1,1820,NO
2484,1,2960,NO
2485,1,3405,NO
2486,1,2735,NO
2487,1,3345,NO
2488,1,3570,NO
2489,1,3510,NO
2490,1,3125,NO
2491,1,2230,NO
2492,1,2920,NO
2493,1,3330,NO
2494,1,3143,NO
2495,1,2350,NO
2496,1,2980,NO
2497,1,2910,NO
2498,1,2690,NO
2499,1,2860,NO
2500,1,1985,NO
2501,1,3280,NO
2502,1,2305,NO
2503,1,3305,NO
2504,1,3245,NO
2505,1,3540,NO
2506,1,3050,NO
2507,1,2085,NO
2508,1,2745,NO
2509,1,3040,NO
2510,1,2810,NO
2511,1,2485,NO
2512,1,2910,NO
2513,1,3250,NO
2514,1,3565,NO
2515,1,3380,NO
2516,1,1925,NO
2517,1,2845,NO
2518,1,2340,NO
2519,1,3170,NO
2520,1,3180,NO
2521,1,3620,NO
2522,1,3330,NO
2523,1,3260,NO
2524,1,2760,NO
2525,1,2950,NO
2526,1,3370,NO
2527,1,3095,NO
2528,1,2225,NO
2529,1,3500,NO
2530,1,2605,NO
2531,1,3080,NO
2532,1,3240,NO
2533,1,2910,NO
2534,1,261,NO
2535,1,3270,NO
2536,1,3595,NO
2537,1,2515,NO
2538,1,3070,NO
2539,1,2475,NO
2540,1,2635,NO
2541,1,3850,NO
2542,1,2875,NO
2543,1,2900,NO
2544,1,4095,NO
2545,1,3730,NO
2546,1,2975,NO
2547,1,3715,NO
2548,1,3045,NO
2549,1,2970,NO
2550,1,3270,NO
2551,1,3240,NO
2552,1,2815,NO
2553,1,3075,NO
2554,1,3260,NO
2555,1,3005,NO
2556,1,2980,NO
2557,1,1720,NO
2558,1,3140,NO
2559,1,3105,NO
2560,1,1990,NO
2561,1,2840,NO
2562,1,3100,NO
2563,1,3615,NO
2564,1,2870,NO
2565,1,2885,NO
2566,1,2975,NO
2567,1,2520,NO
2568,1,3090,NO
2569,1,3250,NO
2570,1,2935,NO
2571,1,3100,NO
2572,1,3020,NO
2573,1,2660,NO
2574,1,2670,NO
2575,1,3020,NO
2576,1,3410,NO
2577,1,2720,NO
2578,1,3045,NO
2579,1,3345,NO
2580,1,2770,NO
2581,1,2745,NO
2582,1,3415,NO
2583,1,3020,NO
2584,1,3190,NO
2585,1,3730,NO
2586,1,3070,NO
2587,1,3455,NO
2588,1,2905,NO
2589,1,2985,NO
2590,1,2955,NO
2591,1,3050,NO
2592,1,3485,NO
2593,1,2810,NO
2594,1,3275,NO
2595,1,3635,NO
2596,1,2820,NO
2597,1,2915,NO
2598,1,3475,NO
2599,1,3085,NO
2600,1,3005,NO
2601,1,3625,NO
2602,1,2330,NO
2603,1,2045,NO
2604,1,3255,NO
2605,1,3395,NO
2606,1,3610,NO
2607,1,3320,NO
2608,1,1725,NO
2609,1,2735,NO
2610,1,2315,NO
2611,1,1965,NO
2612,1,3350,NO
2613,1,2615,NO
2614,1,2795,NO
2615,1,2760,NO
2616,1,3240,NO
2617,1,3180,NO
2618,1,3350,NO
2619,1,3880,NO
2620,1,2815,NO
2621,1,2670,NO
2622,1,1880,NO
2623,1,3555,NO
2624,1,2665,NO
2625,1,3090,NO
2626,1,2730,NO
2627,1,1900,NO
2628,1,2975,NO
2629,1,3445,NO
2630,1,3170,NO
2631,1,2685,NO
2632,1,2110,NO
2633,1,2400,NO
2634,1,3740,NO
2635,1,3625,NO
2636,1,3450,NO
2637,1,2668,NO
2638,1,3230,NO
2639,1,2470,NO
2640,1,3360,NO
2641,1,3170,NO
2642,1,2835,NO
2643,1,2450,NO
2644,1,3415,NO
2645,1,3385,NO
2646,1,3335,NO
2647,1,2255,NO
2648,1,3055,NO
2649,1,3520,NO
2650,1,2715,NO
2651,1,3070,NO
2652,1,3875,NO
2653,1,3305,NO
2654,1,3395,NO
2655,1,2935,NO
2656,1,2810,NO
2657,1,2460,NO
2658,1,3360,NO
2659,1,3520,NO
2660,1,3570,NO
2661,1,3810,NO
2662,1,2730,NO
2663,1,2950,NO
2664,1,2885,NO
2665,1,3170,NO
2666,1,2280,NO
2667,1,3420,NO
2668,1,3250,NO
2669,1,3480,NO
2670,1,3085,NO
2671,1,3110,NO
2672,1,2700,NO
2673,1,1945,NO
2674,1,3820,NO
2675,1,2860,NO
2676,1,2935,NO
2677,1,3915,NO
2678,1,2950,NO
2679,1,3240,NO
2680,1,3240,NO
2681,1,2725,NO
2682,1,3575,NO
2683,1,2870,NO
2684,1,2705,NO
2685,1,3300,NO
2686,1,2255,NO
2687,1,3300,NO
2688,1,2435,NO
2689,1,1825,NO
2690,1,4190,NO
2691,1,3675,NO
2692,1,2855,NO
2693,1,3425,NO
2694,1,2935,NO
2695,1,2665,NO
2696,1,3370,NO
2697,1,3370,NO
2698,1,3795,NO
2699,1,2715,NO
2700,1,2435,NO
2701,1,3905,NO
2702,1,3540,NO
2703,1,2525,NO
2704,1,2865,NO
2705,1,2835,NO
2706,1,2355,NO
2707,1,3190,NO
2708,1,3235,NO
2709,1,2480,NO
2710,1,2910,NO
2711,1,2570,NO
2712,1,3515,NO
2713,1,3165,NO
2714,1,2540,NO
2715,1,,
2715,2,,
2716,1,2815,NO
2717,1,3175,NO
2718,1,2600,NO
2719,1,3335,NO
2720,1,3305,NO
2721,1,2775,NO
2722,1,2835,NO
2723,1,3320,NO
2724,1,2740,NO
2725,1,3290,NO
2726,1,3820,NO
2727,1,2940,NO
2728,1,3485,NO
2729,1,2730,NO
2730,1,2050,NO
2731,1,2540,NO
2732,1,2385,NO
2733,1,3405,NO
2734,1,3125,NO
2735,1,2560,NO
2736,1,3905,NO
2737,1,3675,NO
2738,1,3070,NO
2739,1,1320,NO
2740,1,2785,NO
2741,1,2640,NO
2742,1,3955,NO
2743,1,3660,NO
2744,1,3010,NO
2745,1,3115,NO
2746,1,1660,NO
2747,1,2680,NO
2748,1,3275,NO
2749,1,2800,NO
2750,1,3495,NO
2751,1,2680,NO
2752,1,3085,NO
2753,1,3090,NO
2754,1,3230,NO
2755,1,1250,NO
2756,1,2720,NO
2757,1,2985,NO
2758,1,2380,NO
2759,1,1865,NO
2760,1,2950,NO
2761,1,2610,NO
2762,1,3135,NO
2763,1,3255,NO
2764,1,2760,NO
2765,1,2620,NO
2766,1,2215,NO
2767,1,3150,NO
2768,1,2885,NO
2769,1,2860,NO
2770,1,2965,NO
2771,1,2660,NO
2772,1,2260,NO
2773,1,2825,NO
2774,1,2905,NO
2775,1,2635,NO
2776,1,3435,NO
2777,1,2240,NO
2778,1,3210,NO
2779,1,2900,NO
2780,1,3090,NO
2781,1,3330,NO
2782,1,2870,NO
2783,1,3815,NO
2784,1,1970,NO
2785,1,2855,NO
2786,1,2970,NO
2787,1,2360,NO
2788,1,2955,NO
2789,1,2825,NO
2790,1,3115,NO
2791,1,3700,NO
2792,1,2650,NO
2793,1,2695,NO
2794,1,2995,NO
2795,1,3020,NO
2796,1,3425,NO
2797,1,2770,NO
2798,1,3320,NO
2799,1,3255,NO
2800,1,3225,NO
2801,1,3950,NO
2802,1,1642,NO
2803,1,3380,NO
2804,1,3240,NO
2805,1,2560,NO
2806,1,2420,NO
2807,1,3420,NO
2808,1,3450,NO
2809,1,2915,NO
2810,1,2865,NO
2811,1,3730,NO
2812,1,2290,NO
2813,1,3380,NO
2814,1,2540,NO
2815,1,3685,NO
2816,1,2510,NO
2817,1,2885,NO
2818,1,2505,NO
2819,1,3145,NO
2820,1,2420,NO
2821,1,2187,NO
2822,1,2450,NO
2823,1,3710,NO
2824,1,2100,NO
2825,1,2770,NO
2826,1,4000,NO
2827,1,2730,NO
2828,1,2095,NO
2829,1,2635,NO
2830,1,2675,NO
2831,1,2705,NO
2832,1,3225,NO
2833,1,2800,NO
2834,1,3310,NO
2835,1,3175,NO
2836,1,2700,NO
2837,1,2850,NO
2838,1,2890,NO
2839,1,2490,NO
2840,1,2740,NO
2841,1,3170,NO
2842,1,2875,NO
2843,1,4000,NO
2844,1,2170,NO
2845,1,3850,NO
2846,1,3450,NO
2847,1,2130,NO
2848,1,3135,NO
2849,1,4000,NO
2850,1,2530,NO
2851,1,3575,NO
2852,1,2980,NO
2853,1,2745,NO
2854,1,1750,NO
2855,1,2965,NO
2856,1,3320,NO
2857,1,1810,NO
2858,1,2360,NO
2859,1,3910,NO
2860,1,2915,NO
2861,1,2575,NO
2862,1,1300,NO
2863,1,2520,NO
2864,1,3775,NO
2865,1,3320,NO
2866,1,3070,NO
2867,1,3440,NO
2868,1,2730,NO
2869,1,2805,NO
2870,1,2215,NO
2871,1,3010,NO
2872,1,2900,NO
2873,1,3180,NO
2874,1,1630,NO
2875,1,2805,NO
2876,1,3510,NO
2877,1,3070,NO
2878,1,3260,NO
2879,1,2650,NO
2880,1,3050,NO
2881,1,2670,NO
2882,1,2975,NO
2883,1,3300,NO
2884,1,2920,NO
2885,1,2920,NO
2886,1,2990,NO
2887,1,3185,NO
2888,1,2985,NO
2889,1,,NO
2890,1,3290,NO
2891,1,2255,NO
2892,1,3450,NO
2893,1,3550,NO
2894,1,3630,NO
2895,1,3250,NO
2896,1,3335,NO
2897,1,3440,NO
2898,1,3335,NO
2899,1,3385,NO
2900,1,2400,NO
2901,1,4180,NO
2902,1,2950,NO
2903,1,2410,
2903,2,2445,
2904,1,2680,NO
2905,1,3235,NO
2906,1,3050,NO
2907,1,2970,NO
2908,1,760,NO
2909,1,3430,NO
2910,1,1285,NO
2911,1,3880,NO
2912,1,4015,NO
2913,1,3245,NO
2914,1,2920,NO
2915,1,2530,NO
2916,1,2710,NO
2917,1,3370,NO
2918,1,3240,NO
2919,1,2615,NO
2920,1,2180,NO
2921,1,3120,NO
2922,1,3100,NO
2923,1,2750,NO
2924,1,3630,NO
2925,1,3645,NO
2926,1,3335,NO
2927,1,3715,NO
2928,1,3030,NO
2929,1,3225,NO
2930,1,3355,NO
2931,1,3015,NO
2932,1,3185,NO
2933,1,3405,NO
2934,1,3385,NO
2935,1,2415,NO
2936,1,3325,NO
2937,1,3555,NO
2938,1,3180,NO
2939,1,2850,NO
2940,1,1665,NO
2941,1,3040,NO
2942,1,2380,NO
2943,1,2715,NO
2944,1,3005,NO
2945,1,2340,NO
2946,1,3380,NO
2947,1,3220,NO
2948,1,2330,NO
2949,1,2990,NO
2950,1,3270,NO
2951,1,2785,NO
2952,1,3070,NO
2953,1,3095,NO
2954,1,2875,NO
2955,1,3395,NO
2956,1,3360,NO
2957,1,2635,NO
2958,1,3560,NO
2959,1,3790,NO
2960,1,3400,NO
2961,1,1615,NO
2962,1,3330,NO
2963,1,2717,NO
2964,1,2195,NO
2965,1,3160,NO
2966,1,3075,NO
2967,1,3730,NO
2968,1,3475,NO
2969,1,3600,NO
2970,1,3810,NO
2971,1,2840,NO
2972,1,3285,NO
2973,1,3000,NO
2974,1,2830,NO
2975,1,2325,NO
2976,1,3320,NO
2977,1,3085,NO
2978,1,3185,NO
2979,1,2380,NO
2980,1,3590,NO
2981,1,2665,NO
2982,1,2835,NO
2983,1,3210,NO
2984,1,2535,NO
2985,1,NO,NO
2986,1,2825,NO
2987,1,3710,NO
2988,1,3170,NO
2989,1,2950,NO
2990,1,2545,NO
2991,1,3810,NO
2992,1,3150,NO
2993,1,3070,NO
2994,1,3005,NO
2995,1,3240,NO
2996,1,3120,NO
2997,1,2815,NO
2998,1,3220,NO
2999,1,2840,NO
3000,1,3480,NO
3001,1,2874,NO
3002,1,2905,NO
3003,1,2915,NO
3004,1,2990,NO
3005,1,2625,NO
3006,1,2970,NO
3007,1,2900,NO
3008,1,3010,NO
3009,1,3615,NO
3010,1,3215,NO
3011,1,2640,NO
3012,1,2375,NO
3013,1,3360,NO
3014,1,2980,NO
3015,1,3280,NO
3016,1,3330,NO
3017,1,2180,NO
3018,1,,
3018,2,,
3019,1,2140,NO
3020,1,3210,NO
3021,1,3420,NO
3022,1,2940,NO
3023,1,3470,NO
3024,1,4750,NO
3025,1,3055,NO
3026,1,2355,NO
3027,1,3170,NO
3028,1,3230,NO
3029,1,2945,NO
3030,1,3450,NO
3031,1,3520,NO
3032,1,2530,NO
3033,1,2845,NO
3034,1,2430,NO
3035,1,2945,NO
3036,1,2610,NO
3037,1,2970,NO
3038,1,3805,NO
3039,1,2510,NO
3040,1,3490,NO
3041,1,2855,NO
3042,1,2750,NO
3043,1,2395,NO
3044,1,3070,NO
3045,1,2925,NO
3046,1,2171,NO
3047,1,2615,NO
3048,1,3560,NO
3049,1,3085,NO
3050,1,3105,NO
3051,1,3440,NO
3052,1,2805,NO
3053,1,3085,NO
3054,1,3095,NO
3055,1,2335,NO
3056,1,3180,NO
3057,1,2620,NO
3058,1,3100,NO
3059,1,3010,NO
3060,1,3580,NO
3061,1,3705,NO
3062,1,2550,NO
3063,1,2470,NO
3064,1,2800,NO
3065,1,2915,NO
3066,1,2660,NO
3067,1,3135,NO
3068,1,510,NO
3069,1,3020,NO
3070,1,2395,NO
3071,1,3350,NO
3072,1,2720,NO
3073,1,3560,NO
3074,1,2875,NO
3075,1,2055,NO
3076,1,3150,NO
3077,1,3390,NO
3078,1,2885,NO
3079,1,3080,NO
3080,1,2360,NO
3081,1,2995,NO
3082,1,2555,NO
3083,1,2135,NO
3084,1,3745,NO
3085,1,3255,NO
3086,1,2495,
3086,2,2310,
3087,1,2300,NO
3088,1,2660,NO
3089,1,3130,NO
3090,1,2600,NO
3091,1,2880,NO
3092,1,3400,NO
3093,1,2930,NO
3094,1,3070,NO
3095,1,2665,NO
3096,1,2155,NO
3097,1,3775,NO
3098,1,3955,NO
3099,1,2970,NO
3100,1,3180,NO
3101,1,2735,
3101,2,2585,
3102,1,3210,NO
3103,1,2265,NO
3104,1,3145,NO
3105,1,3245,NO
3106,1,3545,NO
3107,1,3165,NO
3108,1,2525,NO
3109,1,3310,NO
3110,1,2930,NO
3111,1,3550,NO
3112,1,3140,NO
3113,1,3070,NO
3114,1,2310,NO
3115,1,3320,NO
3116,1,3225,NO
3117,1,2440,NO
3118,1,3445,NO
3119,1,2885,NO
3120,1,3270,NO
3121,1,2695,NO
3122,1,2610,NO
3123,1,3200,NO
3124,1,3755,NO
3125,1,2705,NO
3126,1,2245,NO
3127,1,2945,NO
3128,1,2780,NO
3129,1,2415,NO
3130,1,3830,NO
3131,1,3365,NO
3132,1,2865,NO
3133,1,3090,NO
3134,1,1795,NO
3135,1,2735,NO
3136,1,2865,NO
3137,1,3370,NO
3138,1,3265,NO
3139,1,2970,NO
3140,1,3270,NO
3141,1,3200,NO
3142,1,3040,NO
3143,1,3245,NO
3144,1,3760,NO
3145,1,2750,NO
3146,1,2935,NO
3147,1,3520,NO
3148,1,615,NO
3149,1,2730,NO
3150,1,3215,NO
3151,1,2500,NO
3152,1,3135,NO
3153,1,1935,NO
3154,1,3124,NO
3155,1,NO,NO
3156,1,630,
3157,1,2620,
3158,1,2885,
3159,1,3305,
3160,1,2020,
3161,1,3330,
3162,1,3380,
3163,1,1625,
3164,1,3405,
3165,1,2905,
3166,1,655,
3167,1,2935,
3168,1,3555,
3169,1,3235,
3170,1,3570,
3171,1,3185,
3172,1,2900,
3173,1,4115,
3174,1,2820,
3175,1,3253,
3176,1,2405,
3177,1,2055,
3178,1,2920,
3179,1,3045,
3180,1,2890,
3181,1,2840,
3182,1,3250,
3183,1,3330,
3184,1,3180,
3185,1,3200,
3186,1,3710,
3187,1,3600,
3188,1,2305,
3189,1,3100,
3190,1,2970,
3191,1,3385,
3192,1,2565,
3193,1,3760,
3194,1,3255,
3195,1,3205,
3196,1,3285,
3197,1,3315,
3198,1,3965,
3199,1,3255,
3200,1,3295,
3201,1,2650,
3202,1,3430,
3203,1,3045,
3204,1,3640,
3205,1,2840,
3206,1,3200,
3207,1,2890,
3208,1,3140,
3209,1,3110,
3210,1,2420,
3211,1,2805,
3212,1,3315,
3213,1,2945,
3214,1,2275,NO
3215,1,3985,
3216,1,2960,
3217,1,3075,
3218,1,2860,
3219,1,3790,
3220,1,2800,
3221,1,3190,
3222,1,2510,
3223,1,3425,
3224,1,2350,
3225,1,3440,
3226,1,2040,
3227,1,2650,
3228,1,2470,
3229,1,3675,
3230,1,2705,
3231,1,2915,
3232,1,2855,
3233,1,3710,
3234,1,2490,
3235,1,2890,
3236,1,3230,
3237,1,3500,
3238,1,2850,
3239,1,2890,
3240,1,2930,
3241,1,3390,
3242,1,2350,
3243,1,2820,
3244,1,2465,
3245,1,2935,
3246,1,2140,
3247,1,3215,
3248,1,3055,
3249,1,2314,
3250,1,2800,
3251,1,3165,
3252,1,3265,
3253,1,2730,
3254,1,2855,
3255,1,2755,
3256,1,2400,
3257,1,2895,
3258,1,3340,
3259,1,3600,
3260,1,2905,
3261,1,2915,
3262,1,2860,
3263,1,3425,
3264,1,2230,
3265,1,3555,
3266,1,1775,
3267,1,3030,
3268,1,3280,
3269,1,3305,
3270,1,3590,
3271,1,3524,
3272,1,2550,
3273,1,2930,
3274,1,3800,
3275,1,2765,
3276,1,2160,
3277,1,2990,
3278,1,3475,
3279,1,3035,
3280,1,2230,
3281,1,2835,
3282,1,3305,
3283,1,2945,
3284,1,2855,
3285,1,3035,
3286,1,2435,NO
3287,1,2940,
3288,1,3965,
3289,1,3730,
3290,1,3765,
3291,1,3000,
3292,1,1910,
3293,1,2960,
3294,1,3320,
3295,1,2795,
3296,1,2840,
3297,1,3395,
3298,1,2295,
3299,1,2820,
3300,1,2895,
3301,1,2660,
3302,1,3130,
3303,1,2630,
3304,1,3715,
3305,1,2470,
3306,1,3355,
3307,1,2630,
3308,1,2340,
3309,1,3225,
3310,1,3550,
3311,1,2645,
3312,1,3065,
3313,1,3700,
3314,1,2330,
3315,1,2760,
3316,1,3165,
3317,1,3960,
3318,1,3365,
3319,1,3895,
3320,1,3600,
3321,1,2780,
3322,1,2905,
3323,1,3300,
3324,1,3835,
3325,1,3130,
3326,1,4075,NO
3327,1,2930,
3328,1,2670,
3329,1,3230,
3330,1,2645,
3331,1,2985,
3332,1,2990,
3333,1,3070,
3334,1,3415,
3335,1,2725,
3336,1,3220,
3337,1,2770,
3338,1,2700,
3339,1,3430,
3340,1,3860,
3341,1,3315,
3342,1,3090,
3343,1,2375,
3344,1,2255,
3345,1,2920,
3346,1,2490,
3347,1,3490,
3348,1,2620,
3349,1,3220,
3350,1,2715,
3351,1,1945,
3351,2,2290,
3352,1,2865,
3353,1,2030,
3354,1,2665,
3355,1,2210,
3356,1,2945,
3357,1,2765,
3358,1,3195,
3359,1,3190,
3360,1,3195,
3361,1,3390,
3362,1,3165,
3363,1,2745,
3364,1,2795,
3365,1,3105,
3366,1,3225,
3367,1,3540,
3368,1,3285,
3369,1,2670,
3370,1,3025,
3371,1,2100,
3372,1,3370,
3373,1,2115,
3374,1,3155,
3375,1,2700,
3376,1,3620,
3377,1,2880,
3378,1,3005,
3379,1,3745,
3380,1,2715,
3381,1,3075,
3382,1,2515,
3383,1,3005,
3384,1,2990,
3385,1,2845,
3386,1,3205,
3387,1,3475,
3388,1,1370,
3389,1,3240,
3390,1,3145,
3391,1,2780,
3392,1,2925,
3393,1,2605,
3394,1,3520,
3395,1,2920,
3396,1,3485,
3397,1,2980,
3398,1,2465,
3399,1,,
3400,1,3225,
3401,1,3005,
3402,1,3150,
3403,1,3465,
3404,1,3035,
3405,1,,
3405,2,,
3406,1,3305,
3407,1,2775,
3408,1,1950,
3409,1,3820,
3410,1,3410,
3411,1,3200,
3412,1,3390,
3413,1,3305,
3414,1,3420,
3415,1,2990,
3416,1,3085,
3417,1,3125,
3418,1,2505,
3419,1,2500,
3420,1,2830,
3421,1,2600,
3422,1,3040,
3423,1,3215,
3424,1,2925,
3425,1,2490,
3426,1,2745,
3427,1,3590,
3428,1,3070,
3429,1,2945,
3430,1,3360,
3431,1,4125,
3432,1,2790,
3433,1,3330,
3434,1,2975,
3435,1,2730,
3436,1,2830,
3437,1,3505,
3438,1,2635,
3439,1,3020,
3440,1,2890,
3441,1,3545,
3442,1,2655,
3443,1,1765,
3444,1,3030,
3445,1,3030,
3446,1,1595,
3447,1,2870,
3448,1,3225,
3449,1,3045,
3450,1,2535,
3451,1,2710,
3452,1,2415,
3453,1,3210,
3454,1,3415,
3455,1,3335,
3456,1,2670,
3457,1,2645,
3458,1,3015,
3459,1,3180,
3460,1,3620,
3461,1,3240,
3462,1,2920,
3463,1,3045,
3464,1,2725,
3465,1,2805,
3466,1,3560,
3467,1,3550,
3468,1,2845,
3469,1,3260,
3470,1,2860,
3471,1,2920,
3472,1,2880,
3473,1,3280,
3474,1,3595,
3475,1,3720,
3476,1,3050,
3477,1,3070,
3478,1,3210,
3479,1,2810,
3480,1,2245,
3481,1,2140,
3482,1,3260,
3483,1,2395,
3484,1,3225,
3485,1,3680,
3486,1,3215,
3487,1,3010,NO
3488,1,2790,
3489,1,2800,
3490,1,3410,
3491,1,2090,
3492,1,2440,
3493,1,2945,
3494,1,2745,
3495,1,3710,
3496,1,2135,
3497,1,3545,
3498,1,3165,
3499,1,3500,
3500,1,3695,
3501,1,3370,
3502,1,1915,
3503,1,2575,NO
3504,1,3150,
3505,1,3345,
3506,1,2665,
3507,1,3295,
3508,1,2515,
3509,1,3525,
3510,1,3585,
3511,1,2600,
3512,1,3340,
3513,1,3470,
3514,1,3145,
3515,1,2910,
3516,1,2755,
3517,1,3225,
3518,1,3925,
3519,1,2905,
3520,1,3905,
3521,1,3200,
3522,1,2590,
3523,1,3150,
3524,1,2420,
3525,1,3150,
3526,1,3140,
3527,1,2575,
3528,1,2860,
3529,1,2695,
3530,1,3585,
3531,1,3380,
3532,1,3115,
3533,1,3110,
3534,1,3430,
3535,1,2875,
3536,1,3140,
3537,1,3235,
3538,1,3485,
3539,1,3260,
3540,1,2305,
3541,1,2620,
3542,1,2860,
3543,1,2840,
3544,1,2300,
3545,1,3080,
3546,1,3155,
3547,1,2085,
3548,1,2655,
3549,1,2665,
3550,1,2350,
3551,1,2505,
3552,1,3200,
3553,1,2350,
3554,1,3575,
3555,1,4116,
3556,1,3550,
3557,1,3485,
3558,1,3720,
3559,1,3445,
3560,1,3695,
3561,1,3430,
3562,1,2190,
3563,1,2825,
3564,1,3530,
3565,1,3115,NO
3566,1,3245,
3567,1,2800,
3568,1,2900,
3569,1,2630,
3570,1,2910,
3571,1,4025,
3572,1,3030,
3573,1,3295,
3574,1,3155,
3575,1,3120,
3576,1,3435,
3577,1,3200,
3578,1,2720,
3579,1,2590,
3580,1,3235,
3581,1,3365,
3582,1,3235,
3583,1,3190,
3584,1,2795,
3585,1,3440,
3586,1,3385,
3587,1,3105,
3588,1,3015,
3589,1,2580,
3590,1,3170,
3591,1,2990,
3592,1,3380,
3593,1,2450,
3594,1,3075,
3595,1,3420,
3596,1,3185,
3597,1,2810,NO
3598,1,2810,
3599,1,386043,
3600,1,2665,
3601,1,2315,
3602,1,3215,
3603,1,3090,
3604,1,2675,
3605,1,2510,
3606,1,3120,
3607,1,2970,
3608,1,2465,
3609,1,2740,
3610,1,3625,
3611,1,3055,
3612,1,3270,
3613,1,2620,
3614,1,2410,
3615,1,2598,
3616,1,3145,
3617,1,1480,
3618,1,2770,
3619,1,2850,
3620,1,2745,
3621,1,3395,
3622,1,2415,
3623,1,2995,
3624,1,2803,
3625,1,3035,
3626,1,2340,
3627,1,3380,
3628,1,2005,NO
3629,1,2775,
3630,1,2805,
3631,1,3815,
3632,1,3320,
3633,1,2495,
3634,1,2905,
3635,1,2830,
3636,1,3060,
3637,1,3070,
3638,1,2280,
3639,1,2460,
3640,1,3395,
3641,1,2835,
3642,1,2755,
3643,1,2280,
3644,1,2590,
3645,1,3170,
3646,1,2430,
3647,1,2930,
3648,1,3415,
3649,1,2445,
3650,1,3300,
3651,1,3425,
3652,1,3405,
3653,1,3020,
3654,1,3300,
3655,1,4865,
3656,1,3100,
3657,1,2585,
3658,1,2225,
3659,1,3010,
3660,1,3150,
3661,1,3510,
3662,1,2990,
3663,1,2505,
3664,1,2980,
3665,1,3100,
3666,1,3055,
3667,1,3050,
3668,1,2966,
3669,1,3340,
3670,1,3115,
3671,1,2735,
3672,1,2560,
3673,1,3340,
3674,1,2920,
3675,1,2295,
3676,1,2220,
3677,1,3440,
3678,1,2855,
3679,1,2860,
3680,1,3075,
3681,1,3465,
3682,1,2635,
3683,1,3045,
3684,1,3690,
3685,1,2795,
3686,1,3400,
3687,1,3475,
3688,1,3675,
3689,1,2875,
3690,1,4275,
3691,1,3125,
3692,1,2755,
3693,1,2880,
3694,1,3370,
3695,1,3390,
3696,1,2830,
3697,1,2880,
3698,1,3425,
3699,1,2700,
3700,1,3225,
3701,1,2635,
3702,1,3060,NO
3703,1,2585,
3704,1,3280,
3705,1,4275,NO
3706,1,3990,
3707,1,3100,
3708,1,3480,
3709,1,2335,
3710,1,2995,
3711,1,2600,
3712,1,3255,
3713,1,,
3714,1,3620,
3715,1,3770,
3716,1,2330,
3717,1,2455,
3718,1,3710,
3719,1,3055,
3720,1,2735,
3721,1,2920,
3722,1,3150,
3723,1,2585,
3724,1,2680,
3725,1,3635,
3726,1,3255,
3727,1,3640,
3728,1,2336,
3729,1,2765,
3730,1,3245,
3731,1,3010,
3732,1,3655,
3733,1,3115,
3734,1,3100,
3735,1,3630,
3736,1,2925,
3737,1,2605,
3738,1,3095,
3739,1,2690,
3740,1,2465,
3741,1,3210,
3742,1,3435,
3743,1,2470,
3744,1,2850,
3745,1,3650,
3746,1,2985,
3747,1,2800,
3748,1,2500,
3749,1,3070,
3750,1,3580,
3751,1,3170,
3752,1,3000,
3753,1,3475,
3754,1,2410,
3755,1,3710,
3756,1,3400,
3757,1,3025,
3758,1,3450,
3759,1,3140,
3760,1,2980,
3761,1,3045,
3762,1,3315,
3763,1,4200,
3764,1,3100,
3765,1,2525,
3766,1,2690,
3767,1,3490,
3768,1,3460,
3769,1,2860,
3770,1,2630,
3771,1,3005,
3772,1,3200,
3773,1,3370,
3774,1,3055,NO
3775,1,2520,
3776,1,3055,
3777,1,2890,
3778,1,3290,
3779,1,2055,
3780,1,3380,
3781,1,2730,
3782,1,2480,
3783,1,3180,
3784,1,3175,
3785,1,1815,
3786,1,1775,
3787,1,1935,
3788,1,2815,
3789,1,2665,
3790,1,3630,
3791,1,2800,
3792,1,3795,
3793,1,3140,
3794,1,3500,
3795,1,3220,
3796,1,3670,
3797,1,3370,
3798,1,3480,
3799,1,2715,
3800,1,3340,
3801,1,3020,
3802,1,3090,
3803,1,2915,
3804,1,3005,
3805,1,2435,
3806,1,3285,
3807,1,3380,
3808,1,2650,
3809,1,2690,
3810,1,3205,
3811,1,2810,
3812,1,3300,
3813,1,3010,
3814,1,2710,
3815,1,3140,
3816,1,3570,
3817,1,3570,
3818,1,2705,
3819,1,3215,
3820,1,3290,
3821,1,2555,
3822,1,2640,
3823,1,2580,
3824,1,3305,
3825,1,3615,
3826,1,2620,
3827,1,3220,
3828,1,3540,
3829,1,3200,
3830,1,3285,
3831,1,3730,
3832,1,3355,
3833,1,3070,
3834,1,2255,
3835,1,2855,
3836,1,3135,
3837,1,3690,
3838,1,2090,
3839,1,3640,
3840,1,2665,
3841,1,3375,
3842,1,3350,
3843,1,2740,
3844,1,2875,
3845,1,3235,
3846,1,3105,
3847,1,2965,
3848,1,3135,
3849,1,2575,
3850,1,4050,
3851,1,2970,
3852,1,3220,
3853,1,2760,
3854,1,3235,
3855,1,3380,
3856,1,2945,
3857,1,3210,
3858,1,3130,
3859,1,3330,
3860,1,2730,
3861,1,2930,
3862,1,2670,
3863,1,2740,
3864,1,2890,
3865,1,3325,
3866,1,2920,
3867,1,3295,
3868,1,3685,
3869,1,2650,
3870,1,2780,
3871,1,1725,
3872,1,2710,
3873,1,3065,
3874,1,3000,
3875,1,940,
3876,1,3040,
3877,1,3620,
3878,1,2615,
3879,1,3160,
3880,1,2990,
3881,1,3205,NO
3882,1,2995,
3883,1,3915,
3884,1,3150,
3885,1,2670,
3886,1,2830,
3887,1,3165,
3888,1,3770,
3889,1,2780,
3890,1,2775,
3891,1,3350,
3892,1,2520,
3893,1,3250,
3894,1,2140,
3895,1,2285,
3896,1,2490,
3897,1,3275,
3898,1,3020,NO
3899,1,2970,
3900,1,3355,
3901,1,3010,
3902,1,3425,
3903,1,2535,
3904,1,3555,
3905,1,2535,
3906,1,2700,
3907,1,3250,
3908,1,3135,
3909,1,2990,
3910,1,3080,
3911,1,3945,
3912,1,3260,
3913,1,2655,
3914,1,2960,
3915,1,1116,
3916,1,3200,
3917,1,3320,
3918,1,2525,
3919,1,3405,
3920,1,3180,
3921,1,3205,
3922,1,2650,
3923,1,3695,
3924,1,2750,
3925,1,3085,
3926,1,5000,
3927,1,3025,
3928,1,3290,
3929,1,3025,
3930,1,3125,
3931,1,3240,NO
3932,1,2900,
3933,1,3540,
3934,1,3135,
3935,1,3250,
3936,1,3340,
3937,1,3185,
3938,1,2790,
3939,1,3505,NO
3940,1,2800,
3941,1,3365,
3942,1,2565,
3943,1,2675,
3944,1,3190,
3945,1,2825,
3946,1,2500,
3947,1,3210,
3948,1,3570,
3949,1,3365,
3950,1,3670,
3951,1,3625,
3952,1,2460,
3953,1,3650,
3954,1,2915,
3955,1,3820,
3956,1,3370,
3957,1,3480,
3958,1,2115,
3959,1,3630,
3960,1,2550,
3961,1,3045,
3962,1,2860,
3963,1,2095,
3964,1,2460,
3965,1,1690,
3966,1,3435,
3967,1,2670,
3968,1,2820,
3969,1,2840,
3970,1,2530,
3971,1,2810,
3972,1,2870,
3973,1,3445,
3974,1,1800,
3975,1,3025,
3976,1,2250,NO
3977,1,3005,
3978,1,3710,
3979,1,2655,
3980,1,3065,
3981,1,2285,
3982,1,3765,
3983,1,2880,
3984,1,2185,
3985,1,2975,
3986,1,2865,
3987,1,3810,
3988,1,3265,
3989,1,2815,
3990,1,2775,
3991,1,3635,
3992,1,3200,
3993,1,1800,
3994,1,2925,
3995,1,3235,
3996,1,2920,
3997,1,2875,
3998,1,2710,
3999,1,2580,
4000,1,2265,
4001,1,2380,
4002,1,3990,
4003,1,2965,
4004,1,2310,
4005,1,2905,
4006,1,3555,
4007,1,3095,
4008,1,3065,
4009,1,2865,
4010,1,3155,
4011,1,3280,
4012,1,3035,
4013,1,3375,
4014,1,3915,
4015,1,2925,
4016,1,2440,NO
4017,1,3095,
4018,1,2550,
4019,1,3280,
4020,1,3260,
4021,1,2095,
4022,1,2510,
4023,1,3280,
4024,1,2410,
4024,2,2395,
4025,1,3095,
4026,1,2705,
4027,1,3095,
4028,1,3275,
4029,1,2780,
4030,1,3045,
4031,1,2505,
4032,1,3025,
4033,1,3330,
4034,1,2545,
4035,1,3610,
4036,1,3375,
4037,1,3165,
4038,1,3225,
4039,1,2930,
4040,1,1985,
4041,1,3050,
4042,1,2420,
4043,1,3440,
4044,1,3365,
4045,1,2630,
4046,1,2920,
4047,1,3335,
4048,1,2740,
4049,1,3715,
4050,1,3070,
4051,1,2890,
4052,1,2705,
4053,1,3655,
4054,1,2950,
4055,1,2475,
4056,1,3299,
4057,1,2905,
4058,1,2760,
4059,1,1990,
4060,1,2505,
4061,1,2925,
4062,1,3230,
4063,1,2995,
4064,1,3340,
4065,1,3140,
4066,1,3270,
4067,1,3440,
4068,1,2855,
4069,1,2935,
4070,1,3860,
4071,1,2700,
4072,1,3680,
4073,1,2785,
4074,1,2570,
4075,1,3215,
4076,1,1760,
4077,1,3740,
4078,1,3290,
4079,1,3105,
4080,1,3615,
4081,1,2420,
4082,1,2580,
4083,1,3050,
4084,1,2270,
4085,1,2905,
4086,1,3550,
4087,1,2855,
4088,1,2800,
4089,1,2925,
4090,1,3605,
4091,1,3520,
4092,1,2910,
4093,1,2350,
4094,1,3050,
4095,1,2400,
4096,1,3110,
4097,1,2670,
4098,1,3475,
4099,1,3410,
4100,1,3835,
4101,1,2740,
4102,1,3010,
4103,1,2875,
4104,1,2795,
4105,1,3415,
4106,1,3035,
4107,1,3140,
4108,1,3065,
4109,1,2475,
4110,1,1955,
4111,1,3700,
4112,1,2895,
4113,1,2970,
4114,1,3215,NO
4115,1,2875,
4116,1,2770,
4117,1,2955,
4118,1,2725,
4119,1,2580,
4120,1,3915,
4121,1,3160,
4122,1,3560,
4123,1,2900,
4124,1,3220,
4125,1,2360,
4126,1,2840,
4127,1,3015,
4128,1,3180,
4129,1,2390,
4130,1,2178,
4131,1,2790,
4132,1,2855,
4133,1,2750,
4134,1,3390,
4135,1,2745,
4136,1,2570,
4136,2,2000,
4137,1,600,
4138,1,3005,
4139,1,3885,
4140,1,2645,
4141,1,2120,
4142,1,3225,
4143,1,2850,
4144,1,2770,
4145,1,3030,
4146,1,2845,
4147,1,3600,
4148,1,3200,
4149,1,2910,
4150,1,3520,
4151,1,2165,
4152,1,3155,
4153,1,3905,NO
4154,1,2810,
4155,1,2940,
4156,1,2350,
4157,1,3280,
4158,1,3255,
4159,1,2900,
4160,1,3345,
4161,1,3115,
4162,1,3020,
4163,1,3725,
4164,1,3440,
4165,1,3215,
4166,1,2860,
4167,1,3215,
4168,1,3635,
4169,1,2810,
4170,1,3440,
4171,1,3090,
4172,1,2765,
4173,1,2750,
4174,1,2805,
4175,1,995,
4176,1,2730,
4177,1,3175,
4178,1,2155,
4179,1,2940,
4180,1,890,
4181,1,2780,
4182,1,3440,
4183,1,2715,
4184,1,2880,
4185,1,2975,
4186,1,2590,
4187,1,3825,
4188,1,3190,
4189,1,2955,
4190,1,2775,
4191,1,3155,
4192,1,3000,
4193,1,3200,
4194,1,2556,
4195,1,2150,
4195,2,1720,
4196,1,2840,
4197,1,3195,
4198,1,3285,NO
4199,1,2665,
4200,1,3085,
4201,1,2720,
4202,1,3400,
4203,1,2795,
4204,1,3380,
4205,1,3760,
4206,1,3725,
4207,1,860,
4208,1,3010,
4209,1,2925,
4210,1,3005,
4211,1,3355,
4212,1,2925,
4213,1,1800,
4214,1,3255,
4215,1,3025,
4216,1,3715,
4217,1,3040,
4218,1,3175,
4219,1,2380,
4220,1,3665,
4221,1,1940,
4221,2,2045,
4222,1,3355,
4223,1,3250,
4224,1,3355,
4225,1,3410,
4226,1,3270,
4227,1,3445,
4228,1,3255,
4229,1,2980,
4230,1,4310,
4231,1,2235,
4232,1,3260,
4233,1,2890,
4234,1,2905,
4235,1,3730,
4236,1,3130,
4237,1,2340,
4238,1,3025,
4239,1,2900,
4240,1,3160,
4241,1,3135,
4242,1,2285,
4243,1,3175,
4244,1,3105,
4245,1,3295,
4246,1,2800,
4247,1,2915,
4248,1,3190,
4249,1,2225,
4250,1,3425,
4251,1,3575,NO
4252,1,2525,
4253,1,2555,NO
4254,1,3240,
4255,1,3410,
4256,1,3125,
4257,1,3500,
4258,1,3600,NO
4259,1,2465,
4260,1,2940,
4261,1,3470,
4262,1,3920,
4263,1,3250,
4264,1,2585,
4265,1,2925,
4266,1,3695,
4267,1,2755,
4268,1,2905,
4269,1,2165,
4270,1,2179,
4271,1,3275,
4272,1,2945,
4273,1,3215,
4274,1,3700,
4275,1,2430,
4276,1,3200,
4277,1,2320,
4278,1,3110,
4279,1,2450,
4280,1,3540,
4281,1,3120,
4282,1,2930,
4283,1,2860,
4284,1,2800,
4285,1,2640,
4286,1,1905,
4287,1,3745,
4288,1,3075,
4289,1,3845,
4290,1,3010,
4291,1,3250,
4292,1,2480,
4293,1,3155,
4294,1,2925,
4295,1,2990,
4296,1,3340,
4297,1,2580,
4298,1,2805,
4299,1,2345,
4300,1,2950,
4301,1,3365,
4302,1,,
4302,2,,
4303,1,3255,
4304,1,3300,
4305,1,3250,
4306,1,3465,
4307,1,3045,
4308,1,3345,
4309,1,3550,
4310,1,3020,
4311,1,3345,
4312,1,3120,
4313,1,2940,
4314,1,3680,
4315,1,3115,
4316,1,3605,
4317,1,2905,
4318,1,3200,
4319,1,3000,
4320,1,3140,
4321,1,3140,
4322,1,3360,
4323,1,3060,
4324,1,1965,
4324,2,2250,
4325,1,2040,
4326,1,3370,
4327,1,3110,
4328,1,3075,
4329,1,3630,
4330,1,3250,
4331,1,2525,
4332,1,2805,
4333,1,3500,
4334,1,3660,
4335,1,3345,
4336,1,2420,
4337,1,3330,
4338,1,3020,
4339,1,3800,
4340,1,3850,
4341,1,2630,
4342,1,3710,
4343,1,3710,
4344,1,2885,
4345,1,3345,
4346,1,2770,
4347,1,2630,
4348,1,1885,
4349,1,3190,
4350,1,2655,
4351,1,2795,
4352,1,2780,
4353,1,3745,
4354,1,2795,
4355,1,2885,
4356,1,2720,
4357,1,3500,
4358,1,3130,
4359,1,2875,
4360,1,3790,
4361,1,2715,NO
4362,1,2719,
4363,1,2560,
4364,1,3100,
4365,1,2280,
4366,1,2745,
4367,1,3160,
4368,1,3260,
4369,1,2845,
4370,1,3400,
4371,1,2985,
4372,1,2095,
4372,2,2450,
4373,1,3845,
4374,1,2435,
4375,1,3045,
4376,1,2140,
4377,1,2940,
4378,1,3280,
4379,1,2860,
4380,1,2815,
4381,1,3295,
4382,1,3015,
4383,1,3235,
4384,1,3775,
4385,1,2900,
4386,1,3020,
4387,1,2585,
4388,1,2715,
4389,1,3156,
4390,1,3345,
4391,1,3065,
4392,1,2470,
4393,1,2950,
4394,1,2880,
4395,1,2860,
4396,1,2490,
4397,1,3755,
4398,1,3595,
4399,1,1715,
4400,1,2960,
4401,1,2555,
4402,1,3055,
4403,1,2690,
4404,1,3530,
4405,1,2810,
4406,1,2795,
4407,1,2785,NO
4408,1,3300,
4409,1,3020,
4410,1,2430,
4411,1,3660,
4412,1,2890,
4413,1,3175,
4414,1,3380,
4415,1,3230,
4416,1,1390,
4417,1,3270,
4418,1,2320,
4419,1,3080,
4420,1,2820,
4421,1,2920,
4422,1,4060,
4423,1,3360,
4424,1,2945,
4425,1,2745,
4426,1,3200,
4427,1,3325,
4428,1,3750,
4429,1,3360,
4430,1,2200,
4431,1,2985,
4432,1,2700,
4433,1,3085,
4434,1,3145,
4435,1,3080,
4436,1,3310,
4437,1,1820,
4437,2,1735,
4438,1,2190,
4439,1,2940,
4440,1,3430,
4441,1,3045,
4442,1,3460,
4443,1,3305,
4444,1,2755,
4445,1,2775,
4446,1,3030,
4447,1,2480,NO
4448,1,4015,
4449,1,3835,
4450,1,3360,
4451,1,1590,
4452,1,3345,
4453,1,3030,
4454,1,3145,
4455,1,3100,
4456,1,3140,
4457,1,3600,
4458,1,3220,
4459,1,4050,
4460,1,3320,
4461,1,3210,
4462,1,3230,
4463,1,2725,NO
4464,1,2755,
4465,1,3100,
4466,1,3180,
4467,1,2265,
4468,1,3475,
4469,1,3120,
4470,1,2175,
4471,1,3100,
4472,1,3370,
4473,1,3285,
4474,1,3210,
4475,1,2645,
4476,1,3230,
4477,1,1705,
4478,1,3120,
4479,1,3490,
4480,1,2840,
4481,1,3365,
4482,1,3695,
4483,1,3000,
4484,1,2405,
4485,1,3300,
4486,1,3280,
4487,1,2890,
4488,1,3655,
4489,1,2180,
4490,1,3005,
4491,1,3170,
4492,1,3360,
4493,1,3300,
4494,1,2515,
4495,1,2830,
4496,1,3310,
4497,1,2865,
4498,1,3565,
4499,1,3415,
4500,1,2900,
4501,1,2125,
4502,1,2800,
4503,1,2725,
4504,1,3140,
4505,1,3060,
4506,1,2830,
4507,1,1690,
4508,1,3800,
4509,1,3210,
4510,1,2960,
4511,1,2960,
4512,1,3125,
4513,1,3125,
4514,1,3365,
4515,1,3060,
4516,1,3205,
4517,1,2540,
4518,1,2745,
4519,1,2240,
4520,1,2795,
4521,1,3425,
4522,1,2165,
4523,1,2930,
4524,1,2645,
4525,1,3215,
4526,1,3750,
4527,1,2645,
4528,1,2065,
4529,1,3930,
4530,1,3285,
4531,1,3175,
4532,1,3895,
4533,1,2400,
4534,1,2040,
4535,1,2620,
4536,1,3170,
4537,1,3205,
4538,1,2975,
4539,1,2385,
4540,1,3090,
4541,1,3665,
4542,1,2990,
4543,1,3280,
4544,1,2645,
4545,1,3080,
4546,1,3005,
4547,1,0,
4548,1,2925,
4549,1,2995,
4550,1,2880,
4551,1,2530,
4552,1,2850,
4553,1,2850,
4554,1,3020,
4555,1,2860,
4556,1,3120,NO
4557,1,3355,
4558,1,3110,
4559,1,3515,
4560,1,3705,
4561,1,2585,
4562,1,4220,
4563,1,2820,
4564,1,2530,
4565,1,3085,
4566,1,2810,
4567,1,3110,
4568,1,2895,
4569,1,1815,
4570,1,2940,
4571,1,3175,
4572,1,3005,
4573,1,3460,
4574,1,2995,
4575,1,3660,
4576,1,3770,
4577,1,1995,
4578,1,4150,
4579,1,3250,
4580,1,2960,
4581,1,2760,
4582,1,3250,
4583,1,3137,
4584,1,3340,
4585,1,2475,
4586,1,2700,
4587,1,2870,
4588,1,3190,
4589,1,2430,
4590,1,3770,
4591,1,2290,
4592,1,3137,
4593,1,2725,
4594,1,3040,
4595,1,3220,
4596,1,3215,
4597,1,3440,
4598,1,3625,
4599,1,3170,
4600,1,3020,
4601,1,3095,
4602,1,3475,
4603,1,3075,
4604,1,2685,
4605,1,3420,
4606,1,1510,
4607,1,2995,
4608,1,2430,
4609,1,3985,
4610,1,2995,
4611,1,2695,
4612,1,3195,
4613,1,2890,
4614,1,2275,
4615,1,2995,
4616,1,2280,
4617,1,2625,NO
4618,1,3270,
4619,1,2645,
4620,1,3775,
4621,1,2405,
4622,1,3745,
4623,1,3335,
4624,1,3580,
4625,1,2835,
4626,1,3495,
4627,1,2575,
4628,1,3165,
4629,1,3455,
4630,1,3360,
4631,1,2050,
4632,1,3060,
4633,1,3340,
4634,1,2990,
4635,1,2985,
4636,1,2455,
4637,1,2715,
4638,1,2700,
4639,1,2640,
4640,1,2615,
4641,1,2685,
4642,1,3155,
4643,1,3535,
4644,1,2435,
4645,1,2800,
4646,1,2975,
4647,1,2770,
4648,1,2905,
4649,1,2310,
4650,1,2525,
4651,1,2415,
4652,1,3410,
4653,1,2975,
4654,1,3375,
4655,1,3140,
4656,1,3545,
4657,1,4095,
4658,1,2995,
4659,1,3535,
4660,1,3770,
4661,1,2965,
4662,1,3370,
4663,1,2290,
4664,1,3666,
4665,1,3130,
4666,1,3545,
4667,1,2955,
4668,1,3995,
4669,1,2775,
4670,1,2960,
4671,1,2855,
4672,1,2855,
4672,2,2575,
4673,1,2975,
4674,1,2180,
4675,1,3265,
4676,1,3695,
4677,1,2250,
4678,1,2960,
4679,1,2740,
4680,1,2780,
4681,1,2670,
4682,1,3560,
4683,1,3035,
4684,1,4320,
4685,1,2720,
4686,1,2740,NO
4687,1,2470,
4688,1,2470,
4689,1,1000,
4690,1,3070,
4691,1,3040,
4692,1,3040,
4693,1,2755,
4694,1,2755,
4695,1,2755,
4696,1,3275,
4697,1,3275,
4698,1,2755,
4699,1,2755,
4700,1,2585,
4701,1,3515,NO
4702,1,2870,
4703,1,2960,
4704,1,2615,
4705,1,2615,
4706,1,2615,
4707,1,2945,
4708,1,2945,
4709,1,2585,
4710,1,2585,
4711,1,2585,
4712,1,2550,
4713,1,2480,
4714,1,3040,
4715,1,2870,
4715,2,2980,
4716,1,3115,
4717,1,3620,
4718,1,3035,
4719,1,2770,
4720,1,3230,
4721,1,3195,
4722,1,2725,NO
4723,1,3455,
4724,1,3340,
4725,1,2510,
4726,1,3020,
4727,1,2345,
4728,1,2760,
4729,1,3965,
4730,1,2930,
4731,1,3360,
4732,1,2825,
4733,1,2835,
4734,1,3180,
4735,1,2765,
4736,1,3670,
4737,1,3590,
4738,1,2975,
4739,1,1830,
4740,1,3010,
4741,1,2830,
4742,1,2295,
4743,1,3260,
4744,1,2890,
4745,1,3580,
4746,1,3740,
4747,1,3135,
4748,1,2130,
4749,1,2700,
4750,1,2650,
4751,1,3100,
4752,1,2750,
4753,1,3925,
4754,1,2675,
4755,1,3110,
4756,1,3070,
4757,1,3400,
4758,1,3310,
4759,1,2870,
4760,1,3355,
4761,1,3070,
4762,1,3105,
4763,1,2215,
4764,1,2405,
4765,1,3080,
4766,1,2530,
4767,1,2450,
4768,1,2870,
4769,1,3270,
4770,1,2705,
4771,1,2400,
4772,1,2395,
4773,1,2750,
4774,1,2835,
4775,1,3190,
4776,1,2725,
4777,1,3180,
4778,1,3145,
4779,1,2300,
4780,1,2960,
4781,1,2865,
4782,1,3265,
4783,1,2500,
4784,1,3365,NO
4785,1,2710,
4786,1,3235,
4787,1,3085,
4788,1,3600,
4789,1,3070,
4790,1,4470,
4791,1,3235,
4792,1,3200,
4793,1,3285,
4794,1,3295,
4795,1,3475,
4796,1,2560,
4797,1,3515,
4798,1,2760,
4799,1,3455,
4800,1,3170,
4801,1,3110,
4802,1,2430,
4803,1,2930,
4804,1,2720,
4805,1,2860,
4806,1,3585,
4807,1,3365,
4808,1,3210,
4809,1,3240,
4810,1,2985,
4811,1,3160,
4812,1,3140,
4813,1,2755,
4814,1,2705,
4815,1,2970,
4816,1,3065,
4817,1,3485,
4818,1,3520,
4819,1,2940,
4820,1,2750,
4821,1,3805,
4822,1,3800,
4823,1,3930,
4824,1,2385,
4825,1,3400,
4826,1,3190,
4827,1,3115,
4828,1,3180,
4829,1,2306,
4830,1,3100,
4831,1,2360,
4832,1,3430,
4833,1,3355,
4834,1,2900,
4835,1,3070,
4836,1,2645,
4837,1,2703,
4838,1,4090,
4839,1,2645,
4840,1,3050,
4841,1,3120,
4842,1,2745,
4843,1,3375,
4844,1,3330,
4845,1,2995,
4846,1,2560,
4847,1,2890,
4848,1,3350,
4849,1,2795,
4850,1,3255,
4851,1,3090,
4852,1,2970,
4853,1,2880,
4854,1,2140,
4855,1,2860,
4856,1,3060,
4857,1,2620,
4858,1,1720,
4859,1,2773,
4860,1,3025,
4861,1,2390,
4862,1,2290,
4863,1,3140,
4864,1,3080,
4865,1,3410,
4866,1,3200,
4867,1,3345,
4868,1,2510,
4869,1,3230,
4870,1,2665,
4871,1,3310,
4872,1,2680,
4873,1,3370,
4874,1,2945,NO
4875,1,3145,
4876,1,3330,
4877,1,2620,
4878,1,3050,
4879,1,3140,
4880,1,2915,
4881,1,2819,
4882,1,2580,
4883,1,3000,
4884,1,3075,
4885,1,3570,
4886,1,3370,
4887,1,3520,
4888,1,2105,
4889,1,2550,
4890,1,4020,
4891,1,4510,
4892,1,3185,
4893,1,2750,
4894,1,3180,
4895,1,2220,
4896,1,3580,
4897,1,2730,
4898,1,3605,
4899,1,2890,
4900,1,4170,
4901,1,2835,
4902,1,2905,
4903,1,2550,
4904,1,3105,NO
4905,1,1930,
4906,1,2810,
4907,1,3530,
4908,1,3160,
4909,1,2940,NO
4910,1,2890,
4911,1,3765,
4912,1,3485,
4913,1,2805,
4914,1,3535,
4915,1,3300,
4916,1,3610,
4917,1,2570,
4918,1,2995,
4919,1,3820,
4920,1,3015,NO
4921,1,3760,
4922,1,3590,
4923,1,3715,
4924,1,3745,
4925,1,3120,
4926,1,2100,
4927,1,3450,
4928,1,3025,
4929,1,3110,
4930,1,3280,
4931,1,1010,
4932,1,3005,
4933,1,3000,
4934,1,3250,
4935,1,1790,
4936,1,3495,
4937,1,3485,
4938,1,2420,
4939,1,3455,
4940,1,3340,
4941,1,3290,
4942,1,3480,
4943,1,2595,
4944,1,3270,
4945,1,2525,
4946,1,3825,
4947,1,2720,
4948,1,3185,
4949,1,3755,
4950,1,1955,
4951,1,2505,
4952,1,2960,
4953,1,3485,
4954,1,2850,
4955,1,2745,
4956,1,2895,
4957,1,2520,
4958,1,3540,
4959,1,3375,
4960,1,3005,
4961,1,2870,
4962,1,3020,
4963,1,2355,
4964,1,2980,
4965,1,3000,
4966,1,3120,
4967,1,3000,
4968,1,3460,NO
4969,1,2995,
4970,1,2725,
4971,1,2745,
4972,1,3500,
4973,1,3140,
4974,1,3685,
4975,1,2700,
4976,1,3600,
4977,1,2805,
4978,1,3340,
4979,1,2715,
4980,1,2895,
4981,1,2205,
4982,1,3520,
4983,1,3150,
4984,1,1730,
4985,1,2990,
4986,1,2735,
4987,1,2825,
4988,1,3195,
4989,1,3250,
4990,1,2885,
4991,1,3125,
4992,1,2185,
4993,1,3985,NO
4994,1,3230,
4995,1,2705,
4996,1,3240,
4997,1,3360,
4998,1,3510,
4999,1,2750,
5000,1,2330,
5001,1,2850,
5002,1,3050,
5003,1,2610,
5004,1,3000,
5005,1,2560,
5006,1,2435,
5007,1,2630,
5008,1,2850,
5009,1,2750,
5010,1,2840,
5011,1,3770,
5012,1,2630,
5013,1,3250,
5014,1,2350,
5015,1,2695,
5016,1,3435,
5017,1,3125,
5018,1,3140,
5019,1,2790,
5020,1,2630,
5021,1,2865,
5022,1,0,
5023,1,3710,
5024,1,3035,
5025,1,3115,
5026,1,3110,
5027,1,3220,
5028,1,3035,
5029,1,2910,
5030,1,2760,
5031,1,3020,
5032,1,2815,
5033,1,3121,
5034,1,2330,
5035,1,3320,
5036,1,2735,
5037,1,2985,
5038,1,3150,
5039,1,3100,
5040,1,3990,
5041,1,2670,
5042,1,2920,
5043,1,2495,
5044,1,3425,
5045,1,2726,
5046,1,3345,
5047,1,2955,
5048,1,2555,
5049,1,2480,
5050,1,3570,
5051,1,3010,
5052,1,3210,
5053,1,2640,
5054,1,2775,
5055,1,3470,
5056,1,2895,
5057,1,2315,
5058,1,2985,
5059,1,2910,
5060,1,2930,
5061,1,2985,
5062,1,2160,
5063,1,2915,
5064,1,1730,
5065,1,3360,
5066,1,2875,
5067,1,2740,
5068,1,2825,
5069,1,3125,
5070,1,3070,
5071,1,4055,
5072,1,3800,
5073,1,3215,
5074,1,3125,
5075,1,3495,
5076,1,2743,
5077,1,2940,
5078,1,3345,
5079,1,3870,
5080,1,3280,
5081,1,3335,
5082,1,3290,
5083,1,3040,
5084,1,2575,
5085,1,2960,
5086,1,2850,
5087,1,3680,
5088,1,2850,
5089,1,2685,
5090,1,3260,
5091,1,3255,
5092,1,3920,
5093,1,2855,
5094,1,2895,
5095,1,2095,
5096,1,2020,
5097,1,2630,
5098,1,2390,
5099,1,2450,
5100,1,2995,
5101,1,3010,
5102,1,1860,
5103,1,3655,
5104,1,3315,
5105,1,3195,
5106,1,3065,
5107,1,2775,
5108,1,3500,
5109,1,2410,
5110,1,3330,
5111,1,2820,
5112,1,3180,
5113,1,2870,
5114,1,1440,
5115,1,2370,
5116,1,1725,
5117,1,3200,
5118,1,1855,
5119,1,2500,
5120,1,2953,
5121,1,2950,
5122,1,2645,
5123,1,3220,
5124,1,3200,
5125,1,2930,
5126,1,2825,
5127,1,2800,
5128,1,3190,
5129,1,2720,
5130,1,3510,
5131,1,2955,
5132,1,3050,
5133,1,2540,
5134,1,2580,
5135,1,2295,
5136,1,3145,
5137,1,3150,
5138,1,3170,NO
5139,1,2500,
5140,1,2730,
5141,1,3725,
5142,1,2455,
5143,1,3640,
5144,1,2920,
5145,1,3845,
5146,1,3050,
5147,1,2685,
5148,1,3075,
5149,1,2655,
5150,1,2275,
5151,1,3115,
5152,1,2455,
5153,1,2590,
5154,1,3800,
5155,1,2465,
5156,1,1995,
5157,1,3400,
5158,1,3180,
5159,1,3497,
5160,1,2915,
5161,1,2690,
5162,1,2485,
5163,1,3075,
5164,1,2940,
5165,1,3070,
5166,1,3085,
5167,1,3275,
5168,1,3435,
5169,1,2815,
5170,1,2650,
5171,1,3240,
5172,1,3565,
5173,1,2320,
5174,1,3190,
5175,1,3105,
5176,1,3485,
5177,1,2410,
5178,1,3130,
5179,1,2870,
5180,1,3095,
5181,1,3065,
5182,1,2985,
5183,1,2050,
5184,1,3305,
5185,1,2840,
5186,1,3175,NO
5187,1,3295,
5188,1,2550,
5189,1,2870,
5190,1,2870,
5191,1,2835,
5192,1,2010,
5193,1,2560,NO
5194,1,3280,
5195,1,2730,
5196,1,2420,
5197,1,3095,
5198,1,2875,
5199,1,3050,
5200,1,3390,
5201,1,3690,
5202,1,3065,
5203,1,2960,
5204,1,3070,
5205,1,3200,
5206,1,3075,
5207,1,2895,
5208,1,3590,
5209,1,3070,
5210,1,2855,
5211,1,3120,
5212,1,1720,
5213,1,3920,
5214,1,3400,
5215,1,2915,
5216,1,3150,
5217,1,3035,
5218,1,3460,
5219,1,3265,
5220,1,2665,
5221,1,2315,
5222,1,3245,
5223,1,4215,
5224,1,3610,
5225,1,2335,
5226,1,3205,
5227,1,2745,
5228,1,3075,
5229,1,3200,
5230,1,2885,
5231,1,3480,
5232,1,2660,
5233,1,3210,
5234,1,2715,
5235,1,2875,
5236,1,2435,
5237,1,3590,
5238,1,3120,
5239,1,3140,
5240,1,2850,
5241,1,3200,
5242,1,2550,
5243,1,2940,
5244,1,2905,
5245,1,3600,
5246,1,3460,
5247,1,2555,
5248,1,3185,
5249,1,3370,
5250,1,2930,
5251,1,2625,
5252,1,2920,
5253,1,3330,
5254,1,3245,
5255,1,3330,
5256,1,4250,
5257,1,2770,
5258,1,32330,
5259,1,3175,
5260,1,2710,
5261,1,3065,
5262,1,2515,
5263,1,2335,
5264,1,2330,
5265,1,2995,
5266,1,3455,
5267,1,2125,
5268,1,3455,
5269,1,3109,
5270,1,3165,
5271,1,2534,
5272,1,3160,
5273,1,2445,
5274,1,2885,
5275,1,2845,
5276,1,2075,
5277,1,2930,
5278,1,1730,
5279,1,1365,
5280,1,2610,
5281,1,3330,
5282,1,2960,
5283,1,3110,
5284,1,3200,
5285,1,2850,
5286,1,3245,
5287,1,2880,
5288,1,2745,
5289,1,2840,
5290,1,3395,
5291,1,2010,
5292,1,3540,
5293,1,3040,
5294,1,2505,
5295,1,3115,
5296,1,2825,
5297,1,3230,
5298,1,3160,
5299,1,3070,
5300,1,3525,
5301,1,2950,
5302,1,3450,
5303,1,2975,
5304,1,2635,
5305,1,3490,
5306,1,2700,
5307,1,3045,
5308,1,2770,
5309,1,3040,
5310,1,2990,
5311,1,2950,
5312,1,3450,
5313,1,2600,
5314,1,2580,
5315,1,2655/2190,
5316,1,3295,
5317,1,2980,
5318,1,2880,
5319,1,2885,
5320,1,2855,
5321,1,3315,
5322,1,2395,
5323,1,3455,
5324,1,3105,
5325,1,3140,
5326,1,2970,
5327,1,3185,
5328,1,2865,
5329,1,3550,
5330,1,2920,
5331,1,2670,
5332,1,2260,
5333,1,3860,
5334,1,2955,NO
5335,1,1785,
5336,1,3190,
5337,1,2945,
5338,1,2495,
5339,1,3435,
5340,1,3610,
5341,1,3660,
5342,1,2865,
5343,1,2710,
5344,1,3150,
5345,1,3200,
5346,1,2950,
5347,1,2315,
5348,1,3355,
5349,1,2455,
5350,1,2880,
5351,1,2730,
5352,1,2405,NO
5353,1,3060,
5354,1,2795,
5355,1,2915,
5356,1,2450,
5357,1,3085,
5358,1,3360,
5359,1,3325,
5360,1,3460,
5361,1,3250,
5362,1,2760,
5363,1,3680,
5364,1,3700,
5365,1,3355,
5366,1,3005,
5367,1,3155,
5368,1,3150,
5369,1,3060,
5370,1,3495,
5371,1,2760,
5372,1,3235,
5373,1,3400,
5374,1,2725,
5375,1,3815,
5376,1,3770,
5377,1,945,
5378,1,3545,
5379,1,3015,
5380,1,3200,
5381,1,3530,
5382,1,3485,
5383,1,3230,
5384,1,3055,
5385,1,3820,
5386,1,3470,
5387,1,3070,
5388,1,3185,
5389,1,3355,
5390,1,3265,
5391,1,2980,
5392,1,2775,
5393,1,3575,
5394,1,1400,
5395,1,1975,
5396,1,2950,
5397,1,3320,
5398,1,3120,
5399,1,2715,
5400,1,3030,
5401,1,3825,
5402,1,3365,
5403,1,2930,
5404,1,2820,
5405,1,2760,
5406,1,3640,
5407,1,3335,
5408,1,3275,
5409,1,2590,
5410,1,3220,
5411,1,2665,
5412,1,2790,
5413,1,1840,
5414,1,2930,
5415,1,1850,
5416,1,2320,
5417,1,3195,
5418,1,1900,
5419,1,3050,
5420,1,1980,
5421,1,2700,
5422,1,2855,
5423,1,3385,
5424,1,2800,
5425,1,3185,
5426,1,2300,
5427,1,2740,
5428,1,3539,
5429,1,2500,
5430,1,2610,
5431,1,3220,
5432,1,2320,
5433,1,3300,
5434,1,3380,
5435,1,1860,
5436,1,3835,NO
5437,1,3235,
5438,1,2560,
5439,1,3115,
5440,1,2630,
5441,1,3510,
5442,1,3475,
5443,1,3160,NO
5444,1,3544,
5445,1,3290,
5446,1,2681,
5447,1,3544,
5448,1,3030,
5449,1,2495,
5450,1,3430,
5451,1,3420,
5452,1,2420,
5453,1,3120,
5454,1,3630,
5455,1,3340,
5456,1,2740,
5457,1,2930,
5458,1,3190,
5459,1,3100,
5460,1,2000,
5461,1,3080,
5462,1,3290,
5463,1,4030,
5464,1,1255,
5465,1,2740,
5466,1,3780,NO
5467,1,3790,
5468,1,3165,
5469,1,3355,
5470,1,2930,
5471,1,2875,
5472,1,2605,
5473,1,2875,
5474,1,3420,
5475,1,2505,
5476,1,3530,
5477,1,3415,
5478,1,3280,
5479,1,3840,
5480,1,2960,
5481,1,3105,
5482,1,2605,
5483,1,2800,
5484,1,2860,
5485,1,3065,
5486,1,3590,
5487,1,3045,
5488,1,3360,
5489,1,2845,
5490,1,3035,
5491,1,2670,
5492,1,3395,
5493,1,2865,
5494,1,3490,
5495,1,3165,
5496,1,3200,
5497,1,2470,
5498,1,3835,
5499,1,3995,
5500,1,3245,
5501,1,2995,
5502,1,3310,
5503,1,1895,
5504,1,3195,
5505,1,3500,
5506,1,2170,
5507,1,2775,
5508,1,2960,
5509,1,3510,
5510,1,2920,
5511,1,3520,
5512,1,2545,
5513,1,2975,
5514,1,2975,
5515,1,3164,
5516,1,3810,
5517,1,1860,
5517,2,1880,
5518,1,3210,
5519,1,3450,
5520,1,3135,
5521,1,2895,
5522,1,3145,
5523,1,3455,
5524,1,3330,
5525,1,3255,
5526,1,3495,
5527,1,3415,
5528,1,1970,
5529,1,3105,NO
5530,1,3355,
5531,1,3450,
5532,1,1385,
5533,1,2550,
5534,1,2870,
5535,1,2800,
5536,1,2740,
5537,1,3445,
5538,1,3595,
5539,1,3065,
5540,1,3915,
5541,1,2105,
5542,1,3075,
5543,1,3205,
5544,1,3320,
5545,1,2625,
5546,1,3325,
5547,1,3330,
5548,1,3200,
5549,1,2925,
5550,1,2795,
5551,1,3330,
5552,1,3186,
5553,1,3090,
5554,1,3210,
5555,1,2690,
5556,1,3105,
5557,1,3180,
5558,1,3220,
5559,1,3065,
5560,1,2925,
5561,1,2470,
5562,1,3810,
5563,1,2985,
5564,1,2800,
5565,1,3315,
5566,1,2960,
5567,1,2795,
5568,1,3540,
5569,1,2360,
5569,2,2300,
5570,1,2900,
5571,1,3505,
5572,1,3705,
5573,1,2950,
5574,1,3395,
5575,1,3260,
5576,1,2535,
5577,1,2995,
5578,1,2590,
5579,1,2640,
5580,1,2665,
5581,1,2925,
5582,1,3107,
5583,1,2900,
5584,1,3320,
5585,1,3550,
5586,1,3070,
5587,1,3405,
5588,1,2920,
5589,1,3000,
5590,1,2900,
5591,1,2988,
5592,1,2430,
5593,1,3270,
5594,1,2400,
5595,1,3435,
5596,1,2080,
5597,1,2860,
5598,1,2970,
5599,1,3020,
5600,1,2730,
5601,1,3075,
5602,1,4395,
5603,1,2980,
5604,1,3275,
5605,1,3325,
5606,1,2900,
5607,1,3835,
5608,1,3100,NO
5609,1,3130,
5610,1,3355,
5611,1,3640,
5612,1,2600,
5613,1,3085,
5614,1,1750,
5615,1,3025,
5616,1,3640,
5617,1,3570,
5618,1,2590,
5619,1,3020,
5620,1,3090,
5621,1,3150,
5622,1,2500,
5623,1,3010,
5624,1,3005,
5625,1,2385,
5626,1,2940,
5627,1,2715,
5628,1,2680,
5629,1,2010,
5630,1,2740,
5631,1,3380,
5632,1,2870,
5633,1,2980,
5634,1,3075,
5635,1,2510,
5636,1,2970,
5637,1,2500,
5638,1,2575,
5639,1,3015,
5640,1,3505,
5641,1,3600,
5642,1,4115,NO
5643,1,3300,
5644,1,3505,
5645,1,3380,
5646,1,3225,
5647,1,3045,
5648,1,2445,
5649,1,3050,
5650,1,3095,
5651,1,3000,
5652,1,3630,
5653,1,2880,
5654,1,3000,
5655,1,2425,
5656,1,2010,
5657,1,2640,
5658,1,2900,
5659,1,3225,
5660,1,3610,
5661,1,2905,
5662,1,1965,
5663,1,2385,
5664,1,2865,
5665,1,3150,
5666,1,3170,
5667,1,2630,
5668,1,3140,
5669,1,2790,
5670,1,3130,
5671,1,2945,
5672,1,2888,
5673,1,1935,
5674,1,3375,
5675,1,3730,
5676,1,3730,
5677,1,2910,
5678,1,2980,
5679,1,2700,
5680,1,3695,
5681,1,3065,
5682,1,3175,
5683,1,2550,
5684,1,2565,
5685,1,1315,
5686,1,2350,
5687,1,3540,
5688,1,3090,
5689,1,3115,
5690,1,3240,
5691,1,2780,
5692,1,3140,
5693,1,2770,
5694,1,4120,
5695,1,2940,
5696,1,3135,
5697,1,3260,
5698,1,2840,
5699,1,3505,
5700,1,3275,
5701,1,3475,
5702,1,2870,
5703,1,3070,
5704,1,3695,
5705,1,2455,
5706,1,3045,
5707,1,2530,
5708,1,2665,
5709,1,2800,
5710,1,3000,
5711,1,2910,
5712,1,2350,
5713,1,2865,
5714,1,3020,
5715,1,2245,
5716,1,3235,
5717,1,3325,
5718,1,3360,
5719,1,3310,
5720,1,3200,
5721,1,1340,
5722,1,3690,
5723,1,2910,
5724,1,3035,
5725,1,3480,
5726,1,2415,
5727,1,2730,
5728,1,2660,
5729,1,3345,
5730,1,3590,
5731,1,2790,
5732,1,3250,
5733,1,4140,
5734,1,3230,
5735,1,3385,
5736,1,3095,
5737,1,2970,
5738,1,3420,
5739,1,2800,
5740,1,3125,
5741,1,1985,
5742,1,2770,
5743,1,3205,
5744,1,3105,
5745,1,2656,
5746,1,3285,
5747,1,3285,
5748,1,2710,
5749,1,2895,
5750,1,2870,
5751,1,3300,
5752,1,3140,
5753,1,2740,
5754,1,3160,
5755,1,3605,
5756,1,3480,
5757,1,3298,
5758,1,2685,
5759,1,2950,
5760,1,3170,
5761,1,3080,
5762,1,2475,
5763,1,2520,NO
5764,1,2180,
5765,1,2985,
5766,1,3330,
5767,1,2840,
5768,1,2745,
5769,1,3490,
5770,1,3490,
5771,1,2620,
5772,1,3380,
5773,1,3000,
5774,1,2805,
5775,1,3220,
5776,1,2825,
5777,1,2940,
5778,1,3050,
5779,1,2755,
5780,1,2990,
5781,1,3340,
5782,1,2865,
5783,1,2960,
5784,1,3145,
5785,1,3195,
5786,1,2560,
5787,1,2935,
5788,1,3580,
5789,1,2990,
5790,1,2720,
5791,1,3615,
5792,1,2830,
5793,1,3280,
5794,1,3210,
5795,1,2150,
5796,1,3310,NO
5797,1,3185,
5798,1,3160,
5799,1,3290,
5800,1,2580,
5801,1,3345,
5802,1,2445,
5803,1,2120,
5804,1,2775,
5805,1,2875,
5806,1,3155,
5807,1,2881,
5808,1,2995,
5809,1,3740,
5810,1,3185,
5811,1,3350,
5812,1,3135,
5813,1,2145,
5814,1,3840,
5815,1,3225,
5816,1,2660,
5817,1,3415,
5818,1,3125,
5819,1,3005,
5820,1,2960,
5821,1,3835,
5822,1,3120,
5823,1,3525,
5824,1,3710,
5825,1,3160,NO
5826,1,3500,
5827,1,2740,
5828,1,3200,
5829,1,3200,
5830,1,3455,
5831,1,3330,
5832,1,3080,
5833,1,2990,
5834,1,2750,
5835,1,3400,
5836,1,3495,
5837,1,2575/2720,
5838,1,3585,
5839,1,4370,NO
5840,1,2830,
5841,1,3555,
5842,1,3565,
5843,1,2950,
5844,1,3225,
5845,1,3000,
5846,1,2930,
5847,1,3800,
5848,1,3065,
5849,1,3080,
5850,1,2895,
5851,1,1345,
5852,1,3095,
5853,1,3145,
5854,1,3300,
5855,1,2530,
5856,1,3170,
5857,1,2960,
5858,1,3060,
5859,1,2790,
5860,1,2360,
5861,1,3245,
5862,1,3190,
5863,1,3880,
5864,1,3340,
5865,1,3145,
5866,1,3645,
5867,1,2700,
5868,1,2975,
5869,1,3285,
5870,1,3250,
5871,1,3015,
5872,1,2230,
5873,1,2790,
5874,1,1630,
5875,1,3060,
5876,1,1970/2160,
5877,1,3405,
5878,1,3400,
5879,1,2910,
5880,1,3585,
5881,1,1895,
5882,1,3090,NO
5883,1,2840,
5884,1,3025,
5885,1,3260,
5886,1,3135,
5887,1,3430,
5888,1,3345,
5889,1,3025,
5890,1,2460,
5891,1,2800,
5892,1,2890,
5893,1,3090,
5894,1,3410,
5895,1,3175,
5896,1,3119,
5897,1,2540,
5898,1,3175,
5899,1,3250,
5900,1,3530,NO
5901,1,2585,
5902,1,2655,
5903,1,3780,
5904,1,3035,
5905,1,3265,
5906,1,2725,
5907,1,2720,
5908,1,2985,
5909,1,3150,
5910,1,3440,
5911,1,3185,
5912,1,2579,
5913,1,2600,
5914,1,3355,
5915,1,3500,
5916,1,2230,
5917,1,2745,
5918,1,2860,
5919,1,2950,
5920,1,2675,
5921,1,2005,
5922,1,3125,
5923,1,2980,
5924,1,2795,
5925,1,3030,
5926,1,2830,
5927,1,3270,
5928,1,3195,
5929,1,1810,
5929,2,1640,
5930,1,2855,
5931,1,3335,
5932,1,3480,
5933,1,3320,
5934,1,2655,
5935,1,2735,
5936,1,3400,
5937,1,3180,
5938,1,2655,
5939,1,3090,
5940,1,2805,
5941,1,3085,
5942,1,2750,
5943,1,3185,
5944,1,3510,
5945,1,4035,
5946,1,2990,
5947,1,2645,
5948,1,3490,
5949,1,3440,
5950,1,3040,
5951,1,2234,
5952,1,3040,
5953,1,2825,
5954,1,3140,
5955,1,2685,
5956,1,3165,
5957,1,2160,
5958,1,3300,
5959,1,3745,
5960,1,2985,
5961,1,3500,
5962,1,3210,
5963,1,3150,
5964,1,3990,
5965,1,2320,
5966,1,2600,
5967,1,3130,
5968,1,2360,
5969,1,2750,NO
5970,1,2990,
5971,1,3260,
5972,1,3820,
5973,1,2020,
5974,1,3490,
5975,1,2595,
5976,1,3570,
5977,1,2700,
5978,1,3750,
5979,1,1820,
5980,1,3620,
5981,1,3165,
5982,1,3105,
5983,1,2310,
5984,1,3620,
5985,1,252,
5986,1,2975,
5987,1,2925,
5988,1,2980,
5989,1,3580,
5990,1,2890,
5991,1,2720,
5992,1,2900,
5993,1,2685,
5994,1,2960,
5995,1,2140,
5996,1,3370,
5997,1,2755,
5998,1,3390,
5999,1,5040,
6000,1,3280,
6001,1,2720,
6002,1,3085,
6003,1,2845,
6004,1,3145,
6005,1,2895,
6006,1,3165,
6007,1,2990,
6008,1,3770,
6009,1,2660,
6010,1,1310,NO
6011,1,2480,
6012,1,3980,
6013,1,3415,
6014,1,3665,
6015,1,2890,
6016,1,3120,
6017,1,2650,
6018,1,3125,
6019,1,2785,
6020,1,3260,
6021,1,3110,
6022,1,3405,
6023,1,2795,
6024,1,2180,
6025,1,3435,
6026,1,3025,
6027,1,2465,
6028,1,3205,
6029,1,2740,
6030,1,2710,
6031,1,3320,
6032,1,3050,
6033,1,3685,
6034,1,3265,
6035,1,3050,
6036,1,3185,
6037,1,2715,
6038,1,3215,
6039,1,2900,
6040,1,2915,
6041,1,3375,
6042,1,2180,
6043,1,2945,
6044,1,3400,
6045,1,2365,
6046,1,2295,
6047,1,3660,
6048,1,2765,
6049,1,3210,
6050,1,1780,
6051,1,3005,
6052,1,2585,
6053,1,2730,
6054,1,3575,
6055,1,3195,
6056,1,2950,
6057,1,3475,
6058,1,2765,
6059,1,4295,
6060,1,2795,
6061,1,2320,
6061,2,2330,
6062,1,3690,
6063,1,3110,
6064,1,2455,
6065,1,3230,
6066,1,3295,
6067,1,2855,
6068,1,2780,
6069,1,3195,
6070,1,3180,
6071,1,1830,
6072,1,2520,
6073,1,1660/2220,
6074,1,3765,
6075,1,2935,
6076,1,2885,
6077,1,2780,
6078,1,3195,
6079,1,3540,
6080,1,3530,
6081,1,3260,
6082,1,2665,
6083,1,2230,
6084,1,2665,
6085,1,1935,
6086,1,2985,
6087,1,2460,
6088,1,2915,
6089,1,3155,
6090,1,2630,
6091,1,3225,
6092,1,3065,
6093,1,2475,
6094,1,2385,
6095,1,3075,
6096,1,3805,
6097,1,3110,
6098,1,2640,
6099,1,4390,NO
6100,1,3295,
6101,1,3200,
6102,1,3050,
6103,1,2450,
6104,1,2155,
6105,1,2895,
6106,1,3245,
6107,1,3155,
6108,1,2975,
6109,1,2630,
6110,1,3210,
6111,1,2795,
6112,1,3665,
6113,1,2900,
6114,1,2230,
6115,1,2810,
6116,1,3001,
6117,1,1940,
6118,1,3005,
6119,1,1880,
6120,1,3480,
6121,1,3500,
6122,1,2460,
6123,1,3285,
6124,1,1631,
6125,1,3145,
6126,1,4050,
6127,1,3115,
6128,1,3885,
6129,1,3240,
6130,1,3075,
6131,1,2485,
6132,1,3405,
6133,1,3425,
6134,1,3460,
6135,1,3210,
6136,1,3135,
6137,1,3290,
6138,1,2210,
6139,1,3395,
6140,1,3555,
6141,1,3000,
6142,1,3200,
6143,1,3020,
6144,1,3515,
6145,1,2650,
6146,1,2830,
6147,1,2900,
6148,1,3230,
6149,1,2645,
6150,1,4590,
6151,1,2985,
6152,1,2480,NO
6153,1,2825,
6154,1,2525,
6155,1,3700,
6156,1,3110,
6157,1,3700,
6158,1,3005,
6159,1,3420,
6160,1,2765,
6161,1,2760,
6162,1,3215,
6163,1,2375,
6164,1,3385,
6165,1,3755,
6166,1,3700,
6167,1,3665,
6168,1,2760,
6169,1,2565,
6170,1,3840,
6171,1,2860,
6172,1,2785,
6173,1,3810,
6174,1,3040,
6175,1,2990,
6176,1,2190,
6177,1,2290,
6178,1,3490,
6179,1,4060,
6180,1,3200,NO
6181,1,2925,
6182,1,3540,
6183,1,3055,
6184,1,3985,
6185,1,3410,
6186,1,3335,
6187,1,2710,
6188,1,3080,
6189,1,2900,
6190,1,2420,
6191,1,2700,
6192,1,2820,
6193,1,3325,
6194,1,3320,
6195,1,3720,
6196,1,2515,
6197,1,3005,
6198,1,2845,
6199,1,3710,
6200,1,3570,
6201,1,3025,
6202,1,2355,
6203,1,2330,
6204,1,2980,
6205,1,2805,NO
6206,1,3175,NO
6207,1,3150,
6208,1,2895,
6209,1,3185,
6210,1,3280,
6211,1,3390,
6212,1,3200,
6213,1,2955,NO
6214,1,3460,
6215,1,2200,
6216,1,3450,
6217,1,3300,
6218,1,3330,
6219,1,3135,
6220,1,3110,
6221,1,2665,
6222,1,3565,
6223,1,2770,
6224,1,3300,
6225,1,3160,
6226,1,2850,
6227,1,3195,
6228,1,2935,
6229,1,2725,
6230,1,3510,
6231,1,3775,
6232,1,2900,
6233,1,4060,
6234,1,3075,
6235,1,2830,
6236,1,2720,
6237,1,3410,
6238,1,2505,
6239,1,3375,
6240,1,2605,
6241,1,3215,
6242,1,2340,
6243,1,2125,
6244,1,3875,
6245,1,2535,
6246,1,3140,
6247,1,3290,
6248,1,3700,
6249,1,3630,
6250,1,2315,
6251,1,3475,
6252,1,4040,
6253,1,2360,
6254,1,2865,
6255,1,2660,
6256,1,3625,
6257,1,3340,
6258,1,3085,
6259,1,2640,
6260,1,3195,
6261,1,3350,
6262,1,2745,
6263,1,3800,
6264,1,2680,
6265,1,3160,
6266,1,3355,
6267,1,3205,
6268,1,3320,
6269,1,2290,
6270,1,3315,
6271,1,3105,
6272,1,3350,
6273,1,2850,
6274,1,1500,
6275,1,2805,
6276,1,3200,
6277,1,3635,
6278,1,3035,
6279,1,2015,
6280,1,3360,
6281,1,2755,
6282,1,3240,
6283,1,2690,
6284,1,2810,
6285,1,3100,
6286,1,2740,
6287,1,1315,
6288,1,2990,
6289,1,3395,
6290,1,2995,
6291,1,1775,
6292,1,3435,
6293,1,3430,
6294,1,4250,
6295,1,3200,
6296,1,3300,
6297,1,2775,
6298,1,2995,
6299,1,3485,
6300,1,2925,
6301,1,2675,
6302,1,3890,
6303,1,3480,
6304,1,3170,
6305,1,2810,
6306,1,2550,
6307,1,3550,
6308,1,3510,
6309,1,3200,
6310,1,3410,
6311,1,2500,
6312,1,3985,
6313,1,2710,
6314,1,3010,
6315,1,1880,
6316,1,3200,
6317,1,2610,
6318,1,2660,
6319,1,1460,
6320,1,2360,
6321,1,3360,NO
6322,1,3190,
6323,1,2990,
6324,1,3015,
6325,1,2790,
6326,1,3300,
6327,1,3830,
6328,1,2095,
6329,1,3750,
6330,1,2890,
6331,1,2990,
6332,1,3180,
6333,1,3005,
6334,1,3375,
6335,1,3355,
6336,1,3235,
6337,1,3265,
6338,1,3030,
6339,1,3065,
6340,1,2805,
6341,1,3240,
6342,1,2895,
6343,1,2725,
6344,1,2245,
6345,1,2620,
6346,1,3125,
6347,1,3030,
6348,1,2110,
6349,1,3995,
6350,1,2620,
6351,1,2230,
6352,1,3570,
6353,1,2955,
6354,1,3480,
6355,1,2980,
6356,1,3300,
6357,1,2300,
6358,1,3120,
6359,1,3190,
6360,1,2660,
6361,1,3125,
6362,1,2995,
6363,1,2825,
6364,1,2885,
6365,1,3480,
6366,1,3305,
6367,1,3200,
6368,1,2690,
6369,1,2805,
6370,1,3300,
6371,1,3800,
6372,1,2450,
6373,1,3595,
6374,1,2660,
6375,1,2885,
6376,1,2765,
6377,1,3250,
6378,1,3145,
6379,1,2635,
6380,1,3480,
6381,1,3300,
6382,1,2105,
6383,1,2805,
6384,1,2875,
6385,1,2950,
6386,1,2920,
6387,1,2660,
6388,1,2895,
6389,1,3165,
6390,1,2420,
6391,1,3990,
6392,1,3010,
6393,1,2565,
6394,1,3245,
6395,1,3460,
6396,1,3100,
6397,1,3010,
6398,1,2990,
6399,1,2955,
6400,1,2725,
6401,1,2795,
6402,1,2725,
6403,1,3365,
6404,1,3035,
6405,1,2680,
6406,1,3310,
6407,1,2710,
6408,1,3215,
6409,1,3240,
6410,1,2145,
6411,1,3385,
6412,1,2145,
6413,1,2190/2345,
6414,1,2785,
6415,1,3055,NO
6416,1,3200,NO
6417,1,2810,
6418,1,3120,
6419,1,2755,
6420,1,4340,
6421,1,3685,
6422,1,2955,
6423,1,3090,
6424,1,2485,
6425,1,3460,
6426,1,2770,
6427,1,3605,
6428,1,3800,
6429,1,2970,
6430,1,2435,
6431,1,3050,
6432,1,2735,
6433,1,3265,
6434,1,2795,
6435,1,3905,
6436,1,3550,
6437,1,3050,
6438,1,2710,
6439,1,3295,
6440,1,4035,
6441,1,3710,
6442,1,2600,
6443,1,2330,
6444,1,3190,
6445,1,3300,
6446,1,3300,
6447,1,3510,
6448,1,2835,
6449,1,3755,
6450,1,3680,
6451,1,3160,
6452,1,2925,
6453,1,2130,
6454,1,4410,
6455,1,2815,
6456,1,3690,
6457,1,2730,
6458,1,3315,
6459,1,2860,
6460,1,2550,
6461,1,2465,
6462,1,2350,
6463,1,2765,
6464,1,2085,
6465,1,3580,
6466,1,2840,
6467,1,3825,NO
6468,1,2920,
6469,1,2930,
6470,1,3180,
6471,1,3325,
6472,1,1265,
6473,1,2915,
6474,1,2555,
6475,1,2805,
6476,1,2890,
6477,1,3150,
6478,1,2535,
6479,1,2665,
6480,1,3005,
6481,1,3150,
6482,1,3025,
6483,1,2745,
6484,1,760,
6485,1,3355,
6486,1,2985,
6487,1,3940,
6488,1,3435,
6489,1,4050,
6490,1,3675,
6491,1,3555,
6492,1,2820,
6493,1,3640,
6494,1,3255,
6495,1,3460,
6496,1,3320,
6497,1,2025,
6498,1,3400,
6499,1,2975,
6500,1,3445,
6501,1,2545,
6502,1,3580,
6503,1,2925,
6504,1,2585,
6505,1,2010,
6506,1,3365,
6507,1,3770,
6508,1,3455,
6509,1,3530,
6510,1,1400,
6511,1,2630,
6511,2,2375,
6512,1,2590,
6513,1,3060,
6514,1,2915,
6515,1,3005,
6516,1,3240,
6517,1,2775,
6518,1,2850,
6519,1,2845,
6520,1,3315,NO
6521,1,3460,
6522,1,3330,
6523,1,2895,
6524,1,3125,
6525,1,3065,
6526,1,2915,
6527,1,3570,
6528,1,3215,
6529,1,3045,
6530,1,2780,
6531,1,2930,
6532,1,0,
6533,1,2610,
6534,1,3325,
6535,1,3065,
6536,1,3180,
6537,1,3480,
6538,1,2600,
6539,1,3270,
6540,1,3285,
6541,1,3610,
6542,1,2895,
6543,1,3225,
6544,1,3365,
6545,1,3000,
6546,1,3150,
6547,1,2980,
6548,1,2060,
6549,1,3385,
6550,1,2830,
6551,1,3085,
6552,1,2655,
6553,1,3165,
6554,1,2815,
6555,1,3945,
6556,1,2970,
6557,1,3330,
6558,1,2575,
6559,1,2850,
6560,1,3020,
6561,1,3065,
6562,1,2955,
6563,1,3350,
6564,1,990,
6565,1,2645,
6566,1,2645,
6567,1,3145,
6568,1,3290,
6569,1,3960,
6570,1,3225,
6571,1,3145,
6572,1,2770,
6573,1,3015,
6574,1,3985,
6575,1,3185,
6576,1,3340,
6577,1,3890,
6578,1,2980,
6579,1,1900,NO
6580,1,2780,
6581,1,2980,
6582,1,3515,
6583,1,3250,NO
6584,1,3230,
6585,1,2910,
6586,1,2580,
6587,1,3680,
6588,1,2815,
6589,1,660,
6590,1,3075,
6591,1,3570,
6592,1,3195,
6593,1,3075,
6594,1,2600,
6594,2,2410,
6595,1,2855,
6596,1,2500,
6597,1,2905,
6598,1,3400,
6599,1,2580,
6600,1,2730,
6601,1,3655,
6602,1,2000,
6603,1,3485,
6604,1,2810,
6605,1,2500,
6606,1,2860,
6607,1,2270,
6608,1,3185,
6609,1,3720,
6610,1,4120,
6611,1,2655,
6612,1,3500,
6613,1,2760,
6614,1,3120,
6615,1,3290,
6616,1,3375,
6617,1,2860,
6618,1,3065,
6619,1,3300,
6620,1,3930,
6621,1,3710,
6622,1,3225,
6623,1,3210,
6624,1,2975,
6625,1,2945,
6626,1,1800,
6627,1,2460,
6628,1,3300,
6629,1,3460,
6630,1,2565,
6631,1,3470,
6632,1,3430,
6633,1,2810,
6634,1,3325,
6635,1,3050,
6636,1,4240,
6637,1,2860,
6638,1,3420,
6639,1,1965,
6640,1,3090,
6641,1,2590,
6642,1,3945,
6643,1,3225,
6644,1,2770,
6645,1,3465,
6646,1,3090,
6647,1,3750,
6648,1,3710,
6649,1,2935,NO
6650,1,3055,
6651,1,3155,
6652,1,3180,
6653,1,3255,
6654,1,2650,
6655,1,1865,
6655,2,2320,
6656,1,3626,
6657,1,3195,
6658,1,2850,
6659,1,3055,
6660,1,2520,
6661,1,2999,
6662,1,2720,
6663,1,2905,
6664,1,3095,
6665,1,3915,
6666,1,2825,
6667,1,2945,
6668,1,0,
6669,1,3600,
6670,1,3195,
6671,1,4010,
6672,1,3445,
6673,1,3095,
6674,1,3035,
6675,1,3210,
6676,1,2585,
6677,1,3090,
6678,1,2925,
6679,1,3035,
6680,1,2890,
6681,1,3050,
6682,1,3100,
6683,1,3435,
6684,1,2960,
6685,1,3080,
6686,1,4025,
6687,1,2765,
6688,1,3205,
6689,1,2810,
6690,1,2945,
6691,1,3140,
6692,1,3515,
6693,1,3375,
6694,1,3340,
6695,1,3320,
6696,1,3080,
6697,1,3040,
6698,1,2895,NO
6699,1,2680,
6700,1,2685,
6701,1,3160,
6702,1,4050,
6703,1,3365,
6704,1,3310,
6705,1,3020,
6706,1,3190,
6707,1,2935,
6708,1,2750,
6709,1,3240,
6710,1,3055,
6711,1,2935,
6712,1,3635,
6713,1,2675,
6714,1,2900,
6715,1,2470,
6716,1,3705,NO
6717,1,3185,NO
6718,1,3180,
6719,1,3190,
6720,1,3490,
6721,1,2650,
6722,1,3640,
6723,1,3265,
6724,1,3230,
6725,1,3335,
6726,1,2560,
6727,1,2750,
6728,1,2955,
6729,1,2890,
6730,1,2550,
6731,1,3355,
6732,1,3205,
6733,1,3350,NO
6734,1,2335,
6735,1,2370,
6736,1,3350,
6737,1,2960,
6738,1,3005,
6739,1,3275,
6740,1,3585,
6741,1,3470,
6742,1,2655,
6743,1,2410,
6744,1,3230,
6745,1,3350,
6746,1,3160,
6747,1,3070,
6748,1,3475,
6749,1,3305,
6750,1,2870,
6751,1,2815,
6752,1,3015,
6753,1,3345,
6754,1,3360,
6755,1,3640,
6756,1,3400,
6757,1,1855,
6758,1,3195,
6759,1,2925,
6760,1,3350,
6761,1,3315,
6762,1,3540,
6763,1,2995,NO
6764,1,2340,
6765,1,3200,
6766,1,2555,
6767,1,3130,
6768,1,3325,
6769,1,3015,
6770,1,3180,
6771,1,3100,
6772,1,2758,
6773,1,2345,
6774,1,3575,
6775,1,2625,
6776,1,2750,
6777,1,3620,
6778,1,3075,
6779,1,2635,
6780,1,3490,
6781,1,3145,
6782,1,3000,NO
6783,1,3035,
6784,1,3540,
6785,1,2465,
6786,1,2815,
6787,1,3255,
6788,1,2800,
6789,1,3020,
6790,1,3180,
6791,1,3690,
6792,1,2405,
6793,1,2775,
6794,1,2290,
6795,1,2770,
6796,1,3290,
6797,1,2480,
6798,1,3245,NO
6799,1,3363,
6800,1,3155,
6801,1,3010,
6802,1,3175,
6803,1,3515,
6804,1,3015,
6805,1,2860,
6806,1,2845,
6807,1,2745,
6808,1,2935,
6809,1,3015,
6810,1,4115,NO
6811,1,3065,NO
6812,1,3285,
6813,1,3175,
6814,1,3665,
6815,1,3065,
6816,1,3115,
6817,1,2915,
6818,1,3065,
6819,1,3125,
6820,1,3770,
6821,1,3200,
6822,1,3060,
6823,1,3100,
6824,1,3170,
6825,1,2610,
6826,1,3165,
6827,1,3240,NO
6828,1,3570,NO
6829,1,3755,
6830,1,3140,
6831,1,3450,
6832,1,3815,
6833,1,3540,
6834,1,2930,
6835,1,3450,
6836,1,2920,
6837,1,2926,
6838,1,2850,NO
6839,1,2350,
6840,1,3380,
6841,1,2940,
6842,1,3030,
6843,1,2756,
6844,1,3015,
6845,1,3160,
6846,1,3560,
6847,1,2745,
6848,1,2645,
6849,1,2645,
6850,1,3295,
6851,1,2975,
6852,1,3120,
6853,1,2975,
6854,1,2240,
6855,1,3355,
6856,1,2890,
6857,1,3085,
6858,1,3300,
6859,1,3420,NO
6860,1,2345,
6861,1,2135,
6862,1,3635,
6863,1,3540,
6864,1,3390,
6865,1,2960,
6866,1,2620,
6867,1,2665,
6868,1,2075,
6869,1,2135,
6870,1,2975,
6871,1,3105,
6872,1,3840,
6873,1,3030,
6874,1,2550,
6875,1,3165,
6876,1,3450,
6877,1,2670,
6878,1,3195,
6879,1,2855,
6880,1,3280,
6881,1,2810,
6882,1,2455,
6883,1,2960,
6884,1,3380,
6885,1,1830,
6886,1,3450,NO
6887,1,3265,
6888,1,2890,
6889,1,2985,
6890,1,2920,
6891,1,3410,
6892,1,2575,
6893,1,3150,
6894,1,3130,
6895,1,2720,
6896,1,2990,
6897,1,3120,
6898,1,2490,
6899,1,2820,
6900,1,2820,NO
6901,1,1835,
6902,1,2895,
6903,1,3090,
6904,1,2980,
6905,1,3525,
6906,1,2810,NO
6907,1,2935,
6908,1,2745,NO
6909,1,3475,
6910,1,2205,
6911,1,2905,
6912,1,3170,
6913,1,3485,
6914,1,3640,
6915,1,3900,
6916,1,3140,
6917,1,1980,
6918,1,2600,
6919,1,4250,
6920,1,3150,
6921,1,3045,
6922,1,3090,
6923,1,3945,
6924,1,3550,
6925,1,3115,
6926,1,2765,
6927,1,3395,
6928,1,3610,
6929,1,3215,
6930,1,3350,
6931,1,2785,
6932,1,2450,
6933,1,3540,
6934,1,2695,
6935,1,2630,
6936,1,2815,
6937,1,3785,
6938,1,3130,
6939,1,2595,
6940,1,2935,
6941,1,4260,NO
6942,1,3025,
6943,1,2920,
6944,1,3640,
6945,1,2870,
6946,1,3115,
6947,1,3270,
6948,1,3045,
6949,1,3180,
6950,1,2835,
6951,1,3770,
6952,1,2820,
6953,1,3010,
6954,1,2600,
6955,1,2160,
6956,1,2900,
6957,1,2770,
6958,1,3085,
6959,1,2985,
6960,1,3515,
6961,1,3130,
6962,1,2675,
6963,1,3180,
6964,1,2815,
6965,1,2580,
6966,1,4420,
6967,1,3565,
6968,1,3930,
6969,1,2780,
6970,1,2765,
6971,1,3155,
6972,1,1010,
6973,1,3425,
6974,1,2870,
6975,1,3245,
6976,1,3690,
6977,1,2915,
6978,1,3230,
6979,1,2810,
6980,1,3390,
6981,1,3080,
6982,1,2805,
6983,1,2995,
6984,1,3560,
6985,1,2920,
6986,1,2720,
6987,1,3780,
6988,1,3500,
6989,1,3155,
6990,1,2110,
6991,1,32000,
6992,1,3520,
6993,1,3165,
6994,1,3320,
6995,1,2845,
6996,1,4200,
6997,1,3850,
6998,1,3040,
6999,1,2750,
7000,1,3580,
7001,1,3230,
7002,1,2260,
7003,1,3325,
7004,1,3290,
7005,1,3475,
7006,1,3175,
7007,1,3855,NO
7008,1,3470,
7009,1,2960,
7010,1,2730,
7011,1,2960,
7012,1,2940,
7013,1,2765,
7014,1,2700,
7015,1,3530,
7016,1,2280,
7017,1,2775,
7018,1,3455,
7019,1,3555,
7020,1,2955,
7021,1,2905,
7022,1,1840,
7023,1,2850,
7024,1,2570,
7025,1,2786,
7026,1,3405,
7027,1,4805,
7028,1,2875,
7029,1,3165,
7030,1,3475,
7031,1,3340,
7032,1,2900,
7033,1,3400,NO
7034,1,2855,
7035,1,2510,
7036,1,2810,
7037,1,3390,
7038,1,2990,
7039,1,3440,
7040,1,3085,
7041,1,2930,
7042,1,2735,
7043,1,3300,
7044,1,3290,
7045,1,3300,
7046,1,2380,
7047,1,2320,
7048,1,2830,
7049,1,3220,
7050,1,2155,
7051,1,3265,
7052,1,2430,
7053,1,3235,
7054,1,2550,
7055,1,2740,
7056,1,2885,
7057,1,3045,
7058,1,3300,
7059,1,3415,
7060,1,3000,
7061,1,3205,
7062,1,2850,
7063,1,3005,
7064,1,3380,
7065,1,3665,
7066,1,2595,
7067,1,3055,
7068,1,3700,
7069,1,2950,
7070,1,3530,
7071,1,2970,
7072,1,3540,
7073,1,3055,
7074,1,2700,
7075,1,3635,
7076,1,3330,
7077,1,2540,
7078,1,3065,
7079,1,3520,
7080,1,3235,NO
7081,1,3140,
7082,1,4045,
7083,1,3410,
7084,1,3220,
7085,1,2975,
7086,1,2905,
7087,1,2930,
7088,1,3315,
7089,1,2955,
7090,1,3095,
7091,1,2800,
7092,1,3770,
7093,1,3105,
7094,1,2785,
7095,1,3625,
7096,1,2775,
7097,1,2755,
7098,1,3025,
7099,1,2970,
7100,1,2975,
7101,1,3735,
7102,1,3130,
7103,1,2800,
7104,1,3420,
7105,1,3625,
7106,1,3300,
7107,1,2545,
7108,1,3225,
7109,1,4095,
7110,1,3280,
7111,1,2675,
7112,1,2650,
7113,1,3750,
7114,1,2125,
7115,1,3210,
7116,1,2340,
7117,1,3110,
7118,1,3810,
7119,1,3430,
7120,1,2425,
7121,1,3735,
7122,1,3750,
7123,1,2985,
7124,1,3025,
7125,1,2550,
7126,1,2740,
7127,1,2770,
7128,1,2420,
7129,1,2915,
7130,1,3270,
7131,1,3245,
7132,1,3290,
7133,1,3185,
7134,1,3190,
7135,1,3060,
7136,1,3185,
7137,1,2960,
7138,1,2920,
7139,1,2230,
7140,1,3165,
7141,1,2745,
7142,1,3410,
7143,1,3620,
7144,1,3140,
7145,1,2875,
7146,1,2757,
7147,1,2860,
7148,1,2810,
7149,1,3375,
7150,1,4255,
7151,1,3210,
7152,1,3675,
7153,1,1960,
7154,1,3570,
7155,1,3447,
7156,1,2775,
7157,1,2975,
7158,1,2885,
7159,1,2890,
7160,1,3450,
7161,1,2740,
7162,1,3365,
7163,1,2315,
7164,1,3565,
7165,1,3210,
7166,1,2870,
7167,1,3175,
7168,1,2960,
7169,1,2625,
7170,1,2670,
7171,1,1750,
7172,1,3805,
7173,1,1855,
7173,2,1775,
7174,1,3710,
7175,1,2870,
7176,1,3055,
7177,1,3835,
7178,1,750,
7179,1,2860,
7180,1,2915,
7181,1,2060,
7181,2,2435,
7182,1,4290,
7183,1,2685,
7184,1,3395,
7185,1,3055,
7186,1,3055,
7187,1,2845,
7188,1,3145,
7189,1,2645,
7190,1,2885,
7191,1,2950,
7192,1,2575,
7193,1,3645,
7194,1,3095,
7195,1,3080,
7196,1,3175,
7197,1,3100,
7198,1,2840,
7199,1,2865,
7200,1,2360,
7201,1,2375,
7202,1,2515,
7203,1,2825,
7204,1,3330,
7205,1,3295,
7206,1,2790,
7207,1,3040,
7208,1,3430,
7209,1,600,
7210,1,3240,
7211,1,3430,
7212,1,2925,
7213,1,3580,
7214,1,3325,
7215,1,2915,
7216,1,3770,
7217,1,2540,
7218,1,3415,
7219,1,3425,
7220,1,3070,
7221,1,2915,
7222,1,2710,
7223,1,3625,
7224,1,3490,
7225,1,3095,
7226,1,2925,
7227,1,2700,
7228,1,3405,
7229,1,2850,
7230,1,2060,
7231,1,3165,
7232,1,3165,
7233,1,3460,
7234,1,3635,
7235,1,3355,
7236,1,3160,
7237,1,2065,
7238,1,3330,
7239,1,3185,
7240,1,3085,
7241,1,3100,
7242,1,3200,
7243,1,4125,
7244,1,2420,
7245,1,3755,
7246,1,2750,
7247,1,2405,
7248,1,2020,
7249,1,2510,
7250,1,3315,
7251,1,3250,
7252,1,3130,
7253,1,3125,
7254,1,2885,
7255,1,3145,
7256,1,2310,
7257,1,3210,
7258,1,3110,
7259,1,2850,
7260,1,1735,
7261,1,2900,
7262,1,2980,
7263,1,2890,
7264,1,3190,
7265,1,3070,
7266,1,3130,
7267,1,3335,
7268,1,3035,
7269,1,3190,
7270,1,2935,
7271,1,4380,
7272,1,3745,
7273,1,3230,
7274,1,3880,
7275,1,2295,
7276,1,3250,
7277,1,2640,
7278,1,2040,
7279,1,1975,
7280,1,2735,
7281,1,2580,
7282,1,2950,
7283,1,3745,
7284,1,3695,
7285,1,3825,
7286,1,2505,
7287,1,2940,
7288,1,3455,
7289,1,2565,
7290,1,3675,
7291,1,2695,
7292,1,1015,
7293,1,2109,
7294,1,3600,
7295,1,2600,
7296,1,3515,
7297,1,3260,
7298,1,3610,
7299,1,2525,
7300,1,3610,
7301,1,3300,
7302,1,3070,
7303,1,3320,
7304,1,2305,
7305,1,2925,
7306,1,3380,
7307,1,2110,
7308,1,2755,
7309,1,3225,
7310,1,1675,
7311,1,3915,
7312,1,2835,
7313,1,2875,
7314,1,2115,
7315,1,2375,
7316,1,3150,
7317,1,3525,
7318,1,3320,
7319,1,2925,
7320,1,3280,
7321,1,2510,
7322,1,3560,
7323,1,2995,
7324,1,3605,
7325,1,3680,
7326,1,2800,
7327,1,3040,
7328,1,3470,
7329,1,3000,
7330,1,2855,
7331,1,3280,
7332,1,3650,
7333,1,2675,
7334,1,280,
7335,1,2855,
7336,1,2630,
7337,1,3015,
7338,1,3070,
7339,1,2030,
7340,1,2580,
7341,1,3625,
7342,1,2440,
7343,1,3080,
7344,1,2750,
7345,1,2930,
7346,1,3200,
7347,1,3370,
7348,1,3130,
7349,1,3010,
7350,1,3375,
7351,1,2740,
7352,1,3075,
7353,1,3095,
7354,1,2140,
7355,1,2925,
7356,1,3055,
7357,1,3205,
7358,1,2480,
7359,1,2950,
7360,1,2940,
7361,1,3170,
7362,1,2900,
7363,1,3280,
7364,1,2955,
7365,1,2540,
7366,1,2915,
7367,1,2920,
7368,1,3205,
7369,1,2545,
7370,1,3420,
7371,1,2115,
7372,1,3015,
7373,1,3235,
7374,1,2955,
7375,1,2980,
7376,1,2895,
7377,1,3125,
7378,1,2980,
7379,1,3085,
7380,1,3315,
7381,1,3950,
7382,1,3210,
7383,1,2980,
7384,1,2480,
7385,1,3915,
7386,1,2760,
7387,1,3465,
7388,1,3375,
7389,1,3155,
7390,1,3135,
7391,1,3050,
7392,1,2330,
7393,1,2810,
7394,1,2790,
7395,1,2795,
7396,1,2865,
7397,1,3745,
7398,1,3400,
7399,1,3355,
7400,1,3050,
7401,1,3765,
7402,1,2560,
7403,1,3325,
7404,1,3565,
7405,1,3670,
7406,1,240,
7407,1,1625,
7408,1,3315,
7409,1,2980,
7410,1,2950,
7411,1,2800,
7412,1,3170,
7413,1,2895,
7414,1,2895,
7415,1,3095,
7416,1,3515,
7417,1,2995,
7418,1,1825,
7419,1,1955,
7420,1,2175,
7421,1,3180,
7422,1,3295,
7423,1,3075,
7424,1,1645,
7425,1,2410,
7426,1,3155,
7427,1,3335,
7428,1,3340,
7429,1,2665,
7430,1,3125,
7431,1,3100,
7432,1,2815,
7433,1,2410,
7434,1,3805,
7435,1,4040,
7436,1,3620,
7437,1,2780,
7438,1,2950,
7439,1,3625,
7440,1,2440,
7441,1,3185,
7442,1,2930,
7443,1,2700,
7444,1,3390,
7445,1,1885,
7446,1,3120,
7447,1,2990,
7448,1,3080,
7449,1,2935,
7450,1,3355,
7451,1,3030,
7452,1,3335,
7453,1,3150,
7454,1,4210,
7455,1,2215,
7456,1,3005,
7457,1,3045,
7458,1,2435,
7459,1,1620,
7460,1,2095,
7461,1,3185,
7462,1,3195,
7463,1,2676,
7464,1,3085,
7465,1,2755,
7466,1,2730,
7467,1,2945,
7468,1,3695,
7469,1,2595,
7470,1,3390,
7471,1,3010,
7472,1,2530,
7473,1,2915,
7474,1,2885,
7475,1,2965,
7476,1,1990,
7477,1,3345,
7478,1,3030,
7479,1,2885,
7480,1,2715,
7481,1,1675,
7482,1,2495,
7483,1,2665,
7484,1,3005,
7485,1,2755,
7486,1,2955,
7487,1,2955,
7488,1,2420,
7489,1,2765,
7490,1,3300,
7491,1,3100,
7492,1,2675,
7493,1,3005,
7494,1,2265,
7495,1,3250,
7496,1,3105,
7497,1,2965,
7498,1,3380,
7499,1,2740,
7500,1,1735,
7501,1,2785,
7502,1,2535,
7503,1,3030,
7504,1,3065,NO
7505,1,3075,
7506,1,3550,
7507,1,2075,
7507,2,1655,
7508,1,3330,
7509,1,2995,NO
7510,1,2810,
7511,1,3495,
7512,1,2390,
7513,1,3530,
7514,1,3430,
7515,1,2655,
7516,1,3230,
7517,1,2610,
7518,1,3235,
7519,1,3915,
7520,1,2950,
7521,1,3390,
7522,1,2525,
7523,1,3060,
7524,1,3095,
7525,1,3240,
7526,1,2725,
7527,1,3040,
7528,1,3530,
7529,1,2810,
7530,1,2945,
7531,1,2700,
7532,1,2940,
7533,1,3345,
7534,1,2800,
7535,1,2750,
7536,1,2350,
7537,1,2615,
7538,1,2990,
7539,1,2985,
7540,1,3100,
7541,1,2660,
7542,1,2615,
7543,1,3885,
7544,1,3050,
7545,1,3310,
7546,1,3370,
7547,1,3790,
7548,1,2660,
7549,1,2295,
7550,1,3445,
7551,1,3110,
7552,1,2490,
7553,1,3880,
7554,1,3180,
7555,1,2450,
7556,1,2665,
7557,1,2135,
7558,1,3155,
7559,1,2335,
7560,1,4240,
7561,1,2635,
7562,1,3290,
7563,1,3640,
7564,1,3435,
7565,1,3550,
7566,1,2280,
7567,1,2340,
7568,1,3415,
7569,1,3390,
7570,1,3390,
7571,1,2945,NO
7572,1,3680,
7573,1,3040,
7574,1,3015,
7575,1,1760,
7576,1,2930,
7577,1,3585,
7578,1,2970,
7579,1,2590,NO
7580,1,2680,
7581,1,2945,
7582,1,3330,
7583,1,2645,
7584,1,2645,
7585,1,3220,
7586,1,1970,
7587,1,1995,
7588,1,3065,
7589,1,2290,
7590,1,2525,
7591,1,1780,
7592,1,2275,
7593,1,2875,
7594,1,2970,
7595,1,1970,
7596,1,2880,
7597,1,3065,
7598,1,4760,
7599,1,3000,
7600,1,2230,
7601,1,2995,
7602,1,3485,
7603,1,2805,
7604,1,2895,
7605,1,3465,
7606,1,3670,
7607,1,2770,
7608,1,3420,
7609,1,2605,
7610,1,2845,
7611,1,2675,
7612,1,3190,
7613,1,2935,
7614,1,3115,
7615,1,3590,
7616,1,2340,
7617,1,3230,
7618,1,3570,
7619,1,3010,
7620,1,3770,
7621,1,3445,
7622,1,1915,
7623,1,3170,
7624,1,3960,
7625,1,3295,
7626,1,2650,
7627,1,2825,
7628,1,3070,
7629,1,3040,
7630,1,2965,
7631,1,3455,
7632,1,2775,
7633,1,1885,
7634,1,2905,
7635,1,3595,
7636,1,3865,
7637,1,2655,
7638,1,3035,
7639,1,2765,
7640,1,3085,
7641,1,3680,
7642,1,2925,
7643,1,3175,
7644,1,3240,
7645,1,3175,
7646,1,3295,
7647,1,2045,
7648,1,3045,
7649,1,1465,
7650,1,2575,
7651,1,3205,
7652,1,3195,
7653,1,3945,
7654,1,1265,
7655,1,1925,
7656,1,3000,
7657,1,3235,
7658,1,3410,
7659,1,2925,
7660,1,2990,
7661,1,3145,
7662,1,2055,
7663,1,3455,
7664,1,3295,
7665,1,3110,
7666,1,3315,
7667,1,2445,
7668,1,2600,
7669,1,2810,
7670,1,2750,
7671,1,3245,
7672,1,3195,
7673,1,3220,
7674,1,2890,
7675,1,3680,
7676,1,3070,
7677,1,2555,
7678,1,3320,
7679,1,2845,
7680,1,2520,
7681,1,3065,
7682,1,3140,
7683,1,2785,
7684,1,2725,
7685,1,3180,
7686,1,2910,
7687,1,2760,
7688,1,2910,
7689,1,3015,
7690,1,2835,
7691,1,2885,
7692,1,3025,
7693,1,3325,
7694,1,2580,
7695,1,2850,
7696,1,3075,
7697,1,3320,
7698,1,2865,
7699,1,3145,
7700,1,3120,
7701,1,2855,
7702,1,3060,
7703,1,2905,
7704,1,3240,
7705,1,3235,
7706,1,2460,
7707,1,3270,
7708,1,3125,
7709,1,2815,
7710,1,3260,
7711,1,2960,
7712,1,2675,
7713,1,3720,
7714,1,3510,
7715,1,3490,
7716,1,3265,
7717,1,3235,
7718,1,2835,
7719,1,3610,
7720,1,4035,
7721,1,2800,
7722,1,3220,
7723,1,3380,
7724,1,3370,
7725,1,3035,
7726,1,3555,
7727,1,2700,
7728,1,2970,
7729,1,2300,
7730,1,2400,
7731,1,3350,
7732,1,3525,
7733,1,2875,
7734,1,3115,
7735,1,3040,
7736,1,2730,
7737,1,3865,
7738,1,3100,
7739,1,3175,
7740,1,2940,
7741,1,3145,
7742,1,3035,
7743,1,3065,
7744,1,3090,
7745,1,2625,
7746,1,3455,
7747,1,2965,
7748,1,2975,
7749,1,1800,NO
7750,1,3140,
7751,1,3140,
7752,1,3175,
7753,1,2980,
7754,1,2830,
7755,1,2450,
7756,1,3400,
7757,1,3345,
7758,1,3190,
7759,1,2685,
7760,1,2950,
7761,1,3020,
7762,1,3310,
7763,1,3285,
7764,1,2735,
7765,1,2430,
7766,1,2480,
7767,1,3300,
7768,1,2800,
7769,1,3785,
7770,1,2730,
7771,1,2835,
7772,1,2970,
7773,1,2625,
7774,1,2295,
7775,1,2875,
7776,1,3130,
7777,1,3195,
7778,1,3125,
7779,1,2865,
7780,1,2595,
7781,1,2565,
7782,1,2675,
7783,1,3350,
7784,1,3905,
7785,1,3500,
7786,1,3560,
7787,1,3295,
7788,1,3190,
7789,1,3245,
7790,1,3285,
7791,1,2580,
7792,1,3015,
7793,1,3270,
7794,1,2830,
7795,1,2565,
7796,1,2850,
7797,1,3260,
7798,1,2955,
7799,1,2465,
7800,1,2315,
7801,1,2890,
7802,1,3045,
7803,1,2735,
7804,1,3780,
7805,1,2875,
7806,1,3570,
7807,1,2840,
7808,1,3275,
7809,1,3085,
7810,1,2975,
7811,1,2805,
7812,1,2370,
7813,1,2880,
7814,1,3580,
7815,1,2992,
7816,1,3275,
7817,1,3120,
7818,1,2625,
7819,1,2275,
7820,1,3360,
7821,1,2740,
7822,1,3075,
7823,1,2820,
7824,1,2975,
7825,1,2195,
7826,1,2905,
7827,1,2655,
7828,1,3045,
7829,1,2670,
7830,1,22/02/1907,NO
7831,1,3260,
7832,1,3090,
7833,1,2350,
7834,1,2540,
7835,1,2900,
7836,1,2225,
7837,1,3375,
7838,1,3090,
7839,1,3395,
7840,1,3390,
7841,1,2980,
7842,1,3860,
7843,1,2680,
7844,1,3350,
7845,1,2330,
7846,1,3435,
7847,1,2495,
7848,1,2800,
7849,1,3045,
7850,1,3195,
7851,1,2900,
7852,1,3070,
7853,1,2910,
7854,1,2295,
7855,1,3460,
7856,1,2900,
7857,1,4900,
7858,1,3165,
7859,1,1980,
7860,1,3400,
7861,1,2325,
7862,1,2825,
7863,1,2880,
7864,1,3035,
7865,1,3260,
7866,1,2660,
7867,1,2000,
7868,1,3175,
7869,1,2230,
7870,1,2920,
7871,1,2470,
7872,1,2415,
7873,1,3400,
7874,1,3525,
7875,1,3005,
7876,1,2640,
7877,1,2520,
7878,1,2310,
7879,1,3310,
7880,1,2380,
7881,1,2485,
7882,1,2805,
7883,1,2985,
7884,1,3070,
7885,1,3025,
7886,1,3070,
7887,1,2970,
7888,1,2445,
7889,1,3205,
7890,1,3675,
7891,1,3300,
7892,1,3005,
7893,1,3140,
7894,1,3120,
7895,1,3200,
7896,1,3590,
7897,1,3025,
7898,1,2940,
7899,1,2500,
7900,1,2760,
7901,1,3475,
7902,1,4160,
7903,1,3620,
7904,1,3405,
7905,1,2265,
7906,1,2735,
7907,1,2990,
7908,1,3220,
7909,1,2485,
7910,1,3065,
7911,1,2745,
7912,1,2965,
7913,1,2860,
7914,1,2950,NO
7915,1,2955,
7916,1,3750,
7917,1,2505,
7918,1,3250,
7919,1,3735,
7920,1,1415,
7921,1,3220,
7922,1,3485,
7923,1,3920,
7924,1,1025,
7925,1,3625,
7926,1,3200,
7927,1,3245,
7928,1,2540,
7929,1,3055,
7930,1,2700,
7931,1,2700,
7932,1,2520,
7933,1,2410,
7934,1,3540,
7935,1,3205,
7936,1,3060,
7937,1,3195,
7938,1,3290,NO
7939,1,2680,
7940,1,3220,
7941,1,2915,
7942,1,3360,NO
7943,1,3015,
7944,1,3285,
7945,1,3450,
7946,1,3505,NO
7947,1,2560,
7948,1,3440,
7949,1,3260,
7950,1,2985,
7951,1,3360,
7952,1,3505,
7953,1,2735,
7954,1,3240,
7955,1,2460,
7956,1,2875,
7957,1,3110,
7958,1,3600,
7959,1,2435,
7960,1,3360,
7961,1,3900,
7962,1,3665,
7963,1,3260,
7964,1,2840,
7965,1,3435,
7966,1,2240,
7967,1,3875,
7968,1,3070,
7969,1,2595,
7970,1,4510,
7971,1,3325,
7972,1,3120,
7973,1,3780,
7974,1,2290,
7975,1,3070,
7976,1,3300,
7977,1,3065,
7978,1,2840,
7979,1,3245,
7980,1,3165,
7981,1,3015,
7982,1,2950,
7983,1,2845,
7984,1,2775,
7985,1,1795,
7986,1,2311,
7987,1,3185,
7988,1,3180,
7989,1,2385,
7990,1,4025,
7991,1,3245,
7992,1,3555,
7993,1,3005,
7994,1,2665,
7995,1,2715,
7996,1,3145,
7997,1,1975,
7998,1,3020,
7999,1,4080,
8000,1,3155,
8001,1,2850,
8002,1,2915,
8003,1,2860,
8004,1,4410,
8005,1,2765,
8006,1,3345,
8007,1,3435,
8008,1,4070,
8009,1,2705,
8010,1,3435,NO
8011,1,3155,
8012,1,3245,
8013,1,3895,
8014,1,3005,
8015,1,3385,
8016,1,3325,
8017,1,3020,
8018,1,3445,
8019,1,2810,
8020,1,3125,
8021,1,2970,
8022,1,3560,
8023,1,2539,
8024,1,3645,
8025,1,2840,
8026,1,3165,
8027,1,2655,
8028,1,3180,
8029,1,3855,
8030,1,2600,
8031,1,2985,
8032,1,2740,
8033,1,2705,
8034,1,3560,
8035,1,2650,
8036,1,2640,
8037,1,3025,
8038,1,2775,NO
8039,1,3330,
8040,1,3125,
8041,1,2990,
8042,1,2520,
8043,1,1965,
8044,1,3100,
8045,1,3815,
8046,1,2420,
8047,1,1750,
8048,1,2980,
8049,1,2580,
8050,1,3470,
8051,1,2745,NO
8052,1,3150,
8053,1,2843,
8054,1,2410,
8055,1,3050,
8056,1,3140,
8057,1,2850,
8058,1,3305,
8059,1,2955,
8060,1,3290,
8061,1,3230,
8062,1,2675,
8063,1,3920,
8064,1,2850,
8065,1,1920,
8066,1,3070,
8067,1,2995,
8068,1,3330,
8069,1,3270,
8070,1,3190,
8071,1,2940,
8072,1,3060,
8073,1,3175,
8074,1,3020,
8075,1,2725,
8076,1,3595,
8077,1,3475,
8078,1,2785,
8079,1,3020,
8080,1,3300,
8081,1,2920,
8082,1,3700,
8083,1,2440,
8084,1,3430,
8085,1,3390,
8086,1,2720,
8087,1,3320,
8088,1,440/415,
8089,1,3025,
8090,1,3680,
8091,1,2875,
8092,1,3010,
8093,1,3365,
8094,1,2560,
8095,1,2730,
8096,1,3855,
8097,1,3480,
8098,1,3390,
8099,1,3215,
8100,1,3550,
8101,1,3110,
8102,1,3450,
8103,1,3190,
8104,1,3220,
8105,1,3130,
8106,1,3085,
8107,1,2600,
8108,1,1765,
8109,1,3105,
8110,1,3055,
8111,1,3190,
8112,1,2595,
8113,1,3465,
8114,1,3185,
8115,1,2355,
8116,1,2930,
8117,1,2810,
8118,1,3125,
8119,1,2120,
8119,2,2475,
8120,1,3245,
8121,1,3300,
8122,1,2730,
8123,1,3270,
8124,1,2790,
8125,1,3580,
8126,1,2985,
8127,1,2750,
8128,1,2610,
8129,1,1470,
8130,1,3015,
8131,1,2960,
8132,1,3435,
8133,1,2515,
8134,1,2755,
8135,1,2710,
8136,1,2550,
8137,1,3165,
8138,1,2820,
8139,1,2825,
8140,1,0,
8141,1,3065,
8142,1,3215,
8143,1,3200,
8144,1,2935,NO
8145,1,3065,
8146,1,2940,
8147,1,2540,
8148,1,3720,
8149,1,3550,
8150,1,3025,
8151,1,2545,
8152,1,3045,
8153,1,3025,
8154,1,3000,
8155,1,2705,
8156,1,2350,NO
8157,1,3180,
8158,1,3735,
8159,1,2975,
8160,1,2820,
8161,1,2770,
8162,1,2790,
8163,1,2760,
8164,1,3105,
8165,1,3275,
8166,1,2615,
8167,1,3275,
8168,1,2685,
8169,1,2685,
8170,1,2515,
8171,1,2430,
8172,1,2025,
8173,1,2900,
8174,1,2845,
8175,1,3235,
8176,1,2895,
8177,1,3005,
8178,1,3170,
8179,1,3010,
8180,1,4075,
8181,1,3830,
8182,1,3710,
8183,1,2460,
8184,1,3275,
8185,1,2905,
8186,1,1955,
8187,1,2580,
8188,1,2920,
8189,1,1310,
8189,2,2300,
8190,1,2780,
8191,1,3260,
8192,1,2775,
8193,1,3290,NO
8194,1,3135,
8195,1,3330,
8196,1,2585,
8197,1,2635,
8198,1,2405,
8199,1,2940,
8200,1,2760,
8201,1,3020,
8202,1,3140,
8203,1,2730,
8204,1,3570,
8205,1,2720,
8206,1,2530,
8207,1,3210,
8208,1,3510,
8209,1,2660,
8210,1,3128,
8211,1,2400,
8212,1,3305,
8213,1,2670,
8214,1,3810,
8215,1,3055,
8216,1,2395,
8217,1,3040,
8218,1,3120,
8219,1,3085,
8220,1,2415,
8221,1,2705,
8222,1,2723,
8223,1,2570,
8224,1,2900,
8225,1,3055,
8226,1,2395,
8227,1,2835,
8228,1,3340,
8229,1,3410,
8230,1,3185,
8231,1,3300,
8232,1,2515,
8233,1,2955,
8234,1,3230,
8235,1,3100,
8236,1,3440,
8237,1,2645,
8238,1,3645,
8239,1,3890,
8240,1,2965,
8241,1,2370,
8242,1,3675,
8243,1,2870,
8244,1,3590,
8245,1,3255,
8246,1,3225,
8247,1,3690,
8248,1,2480,
8249,1,3185,
8250,1,2695,
8251,1,2930,
8252,1,3065,
8253,1,2950,
8254,1,2100,
8255,1,3480,
8256,1,2820,
8257,1,3035,
8258,1,2980,
8259,1,3130,
8260,1,3015,
8261,1,2435,
8262,1,3150,
8263,1,2275,
8264,1,2640,
8265,1,3020,
8266,1,2520,
8267,1,3295,
8268,1,3740,
8269,1,3430,
8270,1,3455,
8271,1,3355,
8272,1,2695,
8273,1,3285,
8274,1,3170,
8275,1,2930,
8276,1,3075,
8277,1,2855,
8278,1,3335,
8279,1,3500,
8280,1,2880,
8281,1,3700,
8282,1,2810,
8283,1,3660,
8284,1,2835,
8285,1,3870,
8286,1,2950,
8287,1,2760,
8288,1,1170,
8289,1,2955,
8290,1,2555,
8291,1,3300,
8292,1,3350,
8293,1,3570,
8294,1,3370,
8295,1,2380,
8296,1,2970,
8297,1,4080,
8298,1,2895,
8299,1,2490,
8300,1,3650,
8301,1,4130,
8302,1,2900,
8303,1,2750,
8304,1,2985,
8305,1,3390,
8306,1,1560,
8307,1,3160,
8308,1,2750,NO
8309,1,3570,
8310,1,3250,
8311,1,2585,
8312,1,3630,
8313,1,3280,
8314,1,3088,
8315,1,2760,
8316,1,3905,
8317,1,3445,
8318,1,2655,
8319,1,3265,
8320,1,3010,
8321,1,2900,
8322,1,2365,
8322,2,2300,
8323,1,2795,
8324,1,3065,
8325,1,3070,
8326,1,2770,
8327,1,2940,
8328,1,3760,
8329,1,3100,
8330,1,3121,
8331,1,3255,
8332,1,3120,
8333,1,2175,
8334,1,2990,
8335,1,2885,
8336,1,2350,
8337,1,3700,
8338,1,1880,
8339,1,3180,
8340,1,2755,
8341,1,2840,
8342,1,2800,
8343,1,3550,
8344,1,2660,
8345,1,2955,
8346,1,2800,
8347,1,3005,
8348,1,3340,
8349,1,1870,
8350,1,1995,
8351,1,3285,
8352,1,3446,
8353,1,3465,
8354,1,2580,
8355,1,3060,
8356,1,3020,
8357,1,3555,
8358,1,3750,
8359,1,3180,
8360,1,2825,
8361,1,3620,
8362,1,2985,
8363,1,2740,
8364,1,2835,
8365,1,2615,
8366,1,2705,
8367,1,2430,
8368,1,3315,
8369,1,2420,
8370,1,2720,
8371,1,2835,
8372,1,3300,
8373,1,2980,
8374,1,3795,
8375,1,3145,
8376,1,1545,
8377,1,3275,
8378,1,3020,
8379,1,2865,
8380,1,2685,
8381,1,2460,
8382,1,3600,
8383,1,2750,
8384,1,3165,
8385,1,3215,
8386,1,3310,
8387,1,2975,
8388,1,3215,
8389,1,3640,
8390,1,2870,
8391,1,3165,
8392,1,3450,
8393,1,3245,
8394,1,2765,
8395,1,3770,
8396,1,2940,
8397,1,2945,
8398,1,3480,
8399,1,3600,
8400,1,2715,
8401,1,3320,
8402,1,2620,
8403,1,3245,
8404,1,3220,
8405,1,2895,
8406,1,3618,
8407,1,2480,
8408,1,3205,
8409,1,3610,
8410,1,2635,
8411,1,2940,
8412,1,3030,
8413,1,2655,
8414,1,3170,
8415,1,2705,
8416,1,3250,
8417,1,3930,
8418,1,3135,
8419,1,2620,
8420,1,2790,
8421,1,3435,
8422,1,2610,
8423,1,1830,
8423,2,2150,
8424,1,3430,
8425,1,3215,
8426,1,4100,
8427,1,2600,
8428,1,4600,
8429,1,3015,
8430,1,2500,
8431,1,2835,
8432,1,805,
8433,1,3535,
8434,1,3310,
8435,1,3535,
8436,1,3025,
8437,1,2630,
8438,1,3305,
8439,1,2740,
8440,1,3310,
8441,1,3170,
8442,1,3055,
8443,1,3395,
8444,1,3040,
8445,1,3090,
8446,1,3185,
8447,1,3020,
8448,1,2500,
8449,1,1480,
8450,1,3065,
8451,1,3685,
8452,1,3410,
8453,1,3115,
8454,1,2875,
8455,1,3000,
8456,1,2920,
8457,1,3215,
8458,1,3145,
8459,1,3105,
8460,1,3285,
8461,1,2955,
8462,1,2855,
8463,1,3525,
8464,1,2740,
8465,1,2450,
8466,1,3270,
8467,1,2505,
8468,1,3605,
8469,1,2890,
8470,1,3175,
8471,1,3080,
8472,1,3245,
8473,1,3145,
8474,1,2800,
8475,1,3175,
8476,1,3090,
8477,1,2640,
8478,1,3245,
8479,1,2650,
8480,1,2890,
8481,1,3200,
8482,1,2900,
8483,1,2950,
8484,1,2780,
8485,1,3795,
8486,1,2950,
8487,1,3110,
8488,1,2905,
8489,1,2740,
8490,1,2235,
8491,1,3005,
8492,1,3497,
8493,1,2830,
8494,1,2750,
8495,1,3130,
8496,1,3790,
8497,1,3285,
8498,1,3160,
8499,1,3715,
8500,1,2945,
8501,1,2915,
8502,1,2990,
8503,1,2835,
8504,1,3225,
8505,1,3465,
8506,1,3215,
8507,1,4080,
8508,1,3910,
8509,1,3345,
8510,1,2900,
8511,1,2840,
8512,1,2620,NO
8513,1,2740,
8514,1,2690,
8515,1,3705,
8516,1,3540,
8517,1,3165,
8518,1,2700,
8519,1,2755,
8520,1,3225,
8521,1,3005,
8522,1,2975,
8523,1,3200,
8524,1,2380,
8525,1,3020,
8526,1,2845,
8527,1,2930,
8528,1,2765,
8529,1,2820,
8530,1,2310,
8531,1,3390,
8532,1,3620,
8533,1,2965,
8534,1,2920,
8535,1,3250,
8536,1,3040,
8537,1,2120,
8538,1,2915,
8539,1,2695,
8540,1,2430,
8541,1,2250,
8542,1,3020,
8543,1,3205,
8544,1,3795,
8545,1,3260,
8546,1,3595,
8547,1,3190,
8548,1,3180,
8549,1,2815,
8550,1,3405,
8551,1,3670,NO
8552,1,2835,
8553,1,2935,
8554,1,2505,
8555,1,2795,
8556,1,2835,
8557,1,3350,
8558,1,3085,NO
8559,1,2350,
8560,1,3020,
8561,1,3270,
8562,1,3135,
8563,1,3750,
8564,1,2295,
8565,1,3430,
8566,1,2825,
8567,1,3195,
8568,1,3425,
8569,1,2115,
8570,1,2935,
8571,1,3090,
8572,1,3305,
8573,1,2770,
8574,1,3575,
8575,1,3675,
8576,1,2445,
8577,1,2820,
8578,1,2630,
8579,1,3070,
8580,1,3665,
8581,1,2490,
8582,1,3295,
8583,1,3000,
8584,1,3245,
8585,1,3220,
8586,1,2345,
8587,1,3105,
8588,1,3380,
8589,1,3310,
8590,1,3185,
8591,1,2645,
8592,1,3080,
8593,1,3380,
8594,1,3200,
8595,1,4470,
8596,1,3605,
8597,1,3245,
8598,1,3320,
8599,1,3075,
8600,1,3070,
8601,1,2625,
8602,1,2010,
8603,1,3225,
8604,1,3355,
8605,1,3030,
8606,1,2465,
8607,1,3035,
8608,1,3145,
8609,1,3410,
8610,1,2820,
8611,1,2120,
8612,1,2865,
8613,1,3365,
8614,1,3940,
8615,1,2765,
8616,1,2295,
8617,1,2635,
8618,1,2915,
8619,1,2920,
8620,1,2555,
8621,1,3280,
8622,1,2500,
8623,1,2475,
8624,1,3505,
8625,1,2235,
8626,1,3060,
8627,1,3305,
8628,1,3085,
8629,1,3210,
8630,1,2996,
8631,1,3465,
8632,1,3305,
8633,1,3100,
8634,1,3445,
8635,1,2450,
8636,1,3485,
8637,1,3590,
8638,1,3270,
8639,1,3180,
8640,1,3440,
8641,1,2670,
8642,1,3670,
8643,1,2860,
8644,1,2370,
8645,1,3835,
8646,1,2940,
8647,1,3145,
8648,1,3165,
8649,1,3775,
8650,1,3860,
8651,1,3325,NO
8652,1,3770,
8653,1,4030,
8654,1,3040,
8655,1,3155,
8656,1,3045,
8657,1,3790,
8658,1,2830,
8659,1,3650,NO
8660,1,2920,
8661,1,3175,
8662,1,3225,
8663,1,2900,
8664,1,3205,
8665,1,3635,
8666,1,3000,
8667,1,3655,
8668,1,3280,
8669,1,2620,
8670,1,2830,
8671,1,2645,
8672,1,2750,
8673,1,2725,
8674,1,3355,
8675,1,2175,
8676,1,3460,
8677,1,3320,
8678,1,4250,
8679,1,3350,
8680,1,3330,
8681,1,3275,
8682,1,2965,
8683,1,3190,
8684,1,2790,
8685,1,3005,
8685,2,2995,
8686,1,3720,
8687,1,3370,
8688,1,2675,
8689,1,2925,
8690,1,3090,
8691,1,3020,
8692,1,3145,
8693,1,1950,
8694,1,3770,
8695,1,2450,
8696,1,2840,
8697,1,3130,
8698,1,3275,
8699,1,3275,
8700,1,3830,
8701,1,2290,
8702,1,2450,
8703,1,2835,NO
8704,1,2600,
8705,1,2925,
8706,1,3550,
8707,1,3345,
8708,1,1785,
8709,1,2880,
8710,1,3665,
8711,1,3680,
8712,1,2580,
8713,1,1940,
8714,1,2585,
8715,1,2215,
8716,1,2795,
8717,1,2825,
8718,1,2910,
8719,1,3875,
8720,1,2235,
8721,1,4435,
8722,1,2810,
8723,1,3330,
8724,1,2880,
8725,1,3180,
8726,1,2769,
8727,1,2510,
8728,1,2770,
8729,1,3330,
8730,1,2470,
8731,1,3085,
8732,1,2345,
8733,1,0,
8734,1,2075,
8735,1,3170,
8736,1,2365,
8737,1,2515,
8738,1,3255,
8739,1,3000,
8740,1,3030,
8741,1,2575,
8742,1,3215,
8743,1,3305,
8744,1,3170,
8745,1,3000,
8746,1,2205,
8747,1,3160,
8748,1,2690,
8749,1,3555,
8750,1,3380,
8751,1,2585,
8752,1,2730,
8753,1,2020,
8754,1,2865,
8755,1,3060,
8756,1,2515,
8757,1,2445,
8758,1,2710,
8759,1,3020,
8760,1,2405,
8761,1,3040,
8762,1,2475,
8763,1,3095,
8764,1,2465,
8765,1,2690,
8766,1,2370,
8767,1,2700,
8768,1,3510,
8769,1,4235,
8770,1,3550,
8771,1,3070,
8772,1,2985,
8773,1,2750,
8774,1,3440,
8775,1,2895,
8776,1,3205,
8777,1,2650,
8778,1,3080,
8779,1,3320,
8780,1,3500,
8781,1,3005,
8782,1,3525,
8783,1,2445,
8784,1,3530,
8785,1,3580,
8786,1,2810,
8787,1,3120,
8788,1,2505,
8789,1,2225,
8790,1,2940,
8791,1,2775,
8792,1,3655,
8793,1,2915,
8794,1,3120,
8795,1,2775,
8796,1,2680,
8797,1,3005,
8798,1,3150,
8799,1,3180,
8800,1,3075,
8801,1,2660,
8802,1,2985,
8803,1,2960,
8804,1,3725,
8805,1,3210,
8806,1,2835,
8807,1,2655,
8808,1,2010,
8809,1,3435,
8810,1,3970,
8811,1,3065,
8812,1,2160,
8813,1,3465,
8814,1,2810,
8815,1,2860,
8816,1,3465,
8817,1,3495,
8818,1,3370,
8819,1,3160,
8820,1,3055,
8821,1,3165,
8822,1,2720,
8823,1,2535,
8824,1,3380,
8825,1,3445,
8826,1,2965,
8827,1,4150,
8828,1,3480,
8829,1,2925,
8830,1,2795,
8831,1,2010,
8832,1,3985,
8833,1,3010,
8834,1,3335,
8835,1,3650,
8836,1,3070,
8837,1,3545,
8838,1,3170,
8839,1,2779,
8840,1,2575,
8841,1,2205,
8842,1,2150,
8843,1,3300,
8844,1,3121,
8845,1,2665,
8846,1,3665,
8847,1,3540,
8848,1,3315,
8849,1,2745,
8850,1,2290,
8851,1,2965,
8852,1,2855,
8853,1,2820,
8854,1,3140,
8855,1,2935,
8856,1,3230,
8857,1,3030,
8858,1,2985,
8859,1,2465,
8860,1,3185,
8861,1,3530,
8862,1,2710,
8863,1,3180,
8864,1,3620,
8865,1,3065,
8866,1,1605,
8867,1,3130,
8868,1,0,
8869,1,4025,
8870,1,3300,
8871,1,3100,
8872,1,3270,
8873,1,2740,
8874,1,2610,
8875,1,2120,
8876,1,2940,
8877,1,2800,
8878,1,3985,
8879,1,3035,
8880,1,2410,
8881,1,3535,
8882,1,2480,
8883,1,4020,
8884,1,2640,
8885,1,3390,
8886,1,3190,
8887,1,3010,
8888,1,3025,
8889,1,3855,
8890,1,3580,
8891,1,3045,
8892,1,3260,
8893,1,2815,
8894,1,2055,
8895,1,3740,
8896,1,2970,
8897,1,2130,
8898,1,3020,
8899,1,2570,
8900,1,2845,
8901,1,2205,
8902,1,3590,
8903,1,3150,
8904,1,2960,
8905,1,2640,
8906,1,3330,
8907,1,3300,
8908,1,3905,
8909,1,3180,
8910,1,2450,
8911,1,3160,NO
8912,1,2820,
8913,1,2455,
8914,1,3215,
8915,1,3920,
8916,1,2430,
8917,1,3740,
8918,1,3095,
8919,1,2795,
8920,1,3020,
8921,1,2730,
8922,1,2975,
8923,1,2990,
8924,1,2495,
8925,1,3145,
8926,1,3055,
8927,1,2075,
8928,1,,
8928,2,,
8929,1,2805,
8930,1,3585,
8931,1,2545,
8932,1,2945,
8933,1,2560,
8934,1,2220,
8935,1,3095,
8936,1,3570,
8937,1,3105,
8938,1,2430,
8939,1,2860,
8940,1,2585,
8941,1,3680,
8942,1,3465,
8943,1,2865,
8944,1,2695,
8945,1,2315,
8946,1,2825,
8947,1,2810,
8948,1,3495,
8949,1,2925,
8950,1,3215,
8951,1,2755,
8952,1,2675,
8953,1,2195,
8954,1,2610,
8955,1,2640,
8956,1,2125,
8957,1,3075,
8958,1,3675,
8959,1,2770,
8960,1,3050,
8961,1,4065,
8962,1,2275,
8963,1,3165,
8964,1,2830,
8965,1,3260,
8966,1,3780,
8967,1,3705,
8968,1,3475,
8969,1,2880,
8970,1,2510,
8971,1,2835,
8972,1,2895,
8973,1,2890,
8974,1,2690,
8975,1,3280,
8976,1,2660,
8977,1,3180,
8978,1,3370,
8979,1,2230,
8980,1,2885,
8981,1,3485,
8982,1,3740,
8983,1,2025,
8984,1,3000,
8985,1,3470,
8986,1,3280,
8987,1,2545,
8988,1,3380,
8989,1,3880,
8990,1,3120,
8991,1,3560,
8992,1,3545,
8993,1,3540,
8994,1,2920,
8995,1,2930,
8996,1,2430,
8997,1,3775,
8998,1,3400,
8999,1,3390,
9000,1,3180,
9001,1,2890,
9002,1,2410,
9003,1,3295,
9004,1,4075,
9005,1,3010,
9006,1,2595,
9007,1,2745,
9008,1,2900,
9009,1,2400,
9010,1,3555,
9011,1,2920,
9012,1,3155,
9013,1,3340,
9014,1,2625,
9015,1,2920,
9016,1,2545,
9017,1,3060,
9018,1,0,
9019,1,,
9019,2,,
9020,1,3125,
9021,1,3425,
9022,1,2920,
9023,1,2600,
9024,1,3380,
9025,1,3695,
9026,1,3245,
9027,1,2035,
9028,1,3055,
9029,1,3185,
9030,1,3935,
9031,1,3045,
9032,1,2925,
9033,1,3125,
9034,1,2750,
9035,1,2935,
9036,1,3315,
9037,1,2795,
9038,1,3760,
9039,1,3150,
9040,1,3265,
9041,1,3680,
9042,1,3505,
9043,1,2715,
9044,1,3210,
9045,1,2815,
9046,1,3695,
9047,1,2755,
9048,1,3205,
9049,1,3535,
9050,1,3245,
9051,1,3465,
9052,1,2740,
9053,1,3535,
9054,1,2930,
9055,1,3205,
9056,1,2945,
9057,1,2890,
9058,1,3690,
9059,1,2185,
9060,1,3110,
9061,1,3465,
9062,1,,
9062,2,,
9063,1,2420,
9064,1,0,
9065,1,3260,
9066,1,2975,
9067,1,2535,
9068,1,3235,
9069,1,3530,
9070,1,3085,
9071,1,0,
9072,1,2930,
9073,1,2185,
9074,1,3275,
9075,1,2250,
9076,1,3890,
9077,1,4010,
9078,1,3215,
9079,1,2995,
9080,1,2485,
9081,1,2755,
9082,1,3205,
9083,1,3685,
9084,1,3150,
9085,1,0,
9086,1,2120,NO
9087,1,0,
9088,1,3060,
9089,1,3115,
9090,1,0,
9091,1,4000,
9092,1,3715,
9093,1,2985,
9094,1,2775,
9095,1,2835,
9096,1,2500,
9097,1,3680,
9098,1,3490,
9099,1,0,
9100,1,3890,
9101,1,3230,
9102,1,2940,
9103,1,2355,
9104,1,2580,
9105,1,2935,
9106,1,2770,
9107,1,3360,
9108,1,3200,
9109,1,3062,
9110,1,2825,
9111,1,3685,
9112,1,3010,
9113,1,2925,
9114,1,2800,
9115,1,3480,
9116,1,2625,
9117,1,2835,
9118,1,3510,
9119,1,2400,
9120,1,3160,
9121,1,2645,
9122,1,2780,
9123,1,3420,
9124,1,2490,
9125,1,3430,
9126,1,3030,
9127,1,2815,
9128,1,3490,
9129,1,3076,
9130,1,2770,NO
9131,1,2770,
9132,1,3130,
9133,1,2730,
9134,1,3125,
9135,1,2830,
9136,1,3445,
9137,1,3540,
9138,1,3480,
9139,1,3185,
9140,1,3220,
9141,1,3120,
9142,1,3365,
9143,1,3485,
9144,1,2800,
9145,1,2370,
9146,1,3380,
9147,1,2490,
9148,1,2885,
9149,1,3030,
9150,1,3225,
9151,1,3105,
9152,1,3390,
9153,1,2290,
9154,1,3360,
9155,1,2950,
9156,1,2500,
9157,1,3170,
9158,1,3500,
9159,1,3430,
9160,1,,
9160,2,,
9160,3,,
9160,4,,
9161,1,3435,
9162,1,2887,
9163,1,2890,
9164,1,3215,
9165,1,2155,
9166,1,3530,
9167,1,3320,
9168,1,3620,
9169,1,3400,
9170,1,2455,
9171,1,3810,
9172,1,2870,
9173,1,4190,
9174,1,3160,
9175,1,3420,
9176,1,2445,
9177,1,3460,
9178,1,590,NO
9179,1,3830,
9180,1,2745,
9181,1,2730,
9182,1,2490,
9183,1,3520,
9184,1,3120,
9185,1,2945,
9186,1,3470,
9187,1,3505,
9188,1,2680,
9189,1,3965,
9190,1,1920,
9191,1,3120,
9192,1,2275,
9193,1,3510,
9194,1,2760,
9195,1,3200,
9196,1,3450,
9197,1,3945,
9198,1,2945,
9199,1,3570,
9200,1,2955,
9201,1,2490,
9202,1,4020,
9203,1,3270,
9204,1,3450,
9205,1,3075,
9206,1,3175,
9207,1,3260,
9208,1,2890,
9209,1,3820,
9210,1,2720,
9211,1,3905,
9212,1,3340,
9213,1,2940,
9214,1,3095,
9215,1,3400,
9216,1,3000,
9217,1,2450,
9218,1,3280,
9219,1,2820,
9220,1,3270,
9221,1,3220,
9222,1,0,
9223,1,3465,
9224,1,0,
9225,1,2515,
9226,1,3400,
9227,1,2370,
9228,1,2605,
9229,1,3515,
9230,1,3080,
9231,1,2400,
9232,1,3390,
9233,1,3180,
9234,1,2290,
9235,1,2240,
9236,1,3135,
9237,1,2380,
9238,1,2705,
9239,1,3030,
9240,1,0,
9241,1,3170,
9242,1,3160,
9243,1,3020,
9244,1,2615,
9245,1,2920,
9246,1,3025,
9247,1,3495,
9248,1,2880,
9249,1,2645,
9250,1,3805,
9251,1,3000,
9252,1,2745,
9253,1,2990,
9254,1,2550,
9255,1,3010,
9256,1,3200,
9257,1,0,
9258,1,3900,
9259,1,2405,
9260,1,3340,
9261,1,3760,
9262,1,3535,
9263,1,2760,
9264,1,3320,
9265,1,2520,
9266,1,2300,
9267,1,2710,
9268,1,2935,
9269,1,3295,
9270,1,3475,
9271,1,2855,
9272,1,3640,
9273,1,3310,
9274,1,2660,
9275,1,2080,
9276,1,0,
9277,1,2295,
9278,1,3200,
9279,1,2900,
9280,1,2705,
9281,1,1595,
9282,1,2420,
9283,1,2820,
9284,1,2960,
9285,1,2900,
9286,1,3085,
9287,1,3075,
9288,1,0,
9289,1,3089,
9290,1,3620,
9291,1,2365,
9292,1,3330,
9293,1,3290,
9294,1,3235,
9295,1,2105,
9296,1,3185,
9297,1,0,
9298,1,2625,
9299,1,3945,
9300,1,2405,
9301,1,3130,
9302,1,2610,
9303,1,2965,
9304,1,2045,
9305,1,3475,
9306,1,3845,
9307,1,3040,
9308,1,3480,
9309,1,2960,
9310,1,2525,
9311,1,3030,
9312,1,0,
9313,1,3290,
9314,1,2460,
9315,1,3275,
9316,1,3640,
9317,1,3320,
9318,1,3075,
9319,1,2110,
9320,1,3000,
9321,1,2770,
9322,1,0,
9323,1,3450,
9324,1,3115,
9325,1,3230,
9326,1,2970,
9327,1,2470,
9328,1,3660,
9329,1,2230,
9330,1,2945,
9331,1,2620,
9332,1,3540,
9333,1,4345,
9334,1,2890,
9335,1,2865,
9336,1,2230,
9337,1,3155,
9338,1,0,
9339,1,2905,
9340,1,3130,
9341,1,2970,
9342,1,3170,
9343,1,3740,
9344,1,0,
9345,1,2925,NO
9346,1,3040,
9347,1,2570,
9348,1,3050,
9349,1,2360,
9350,1,2995,
9351,1,3620,
9352,1,3915,
9353,1,3485,
9354,1,3130,
9355,1,2930,
9356,1,2340,
9357,1,2500,
9358,1,2145,
9359,1,3500,
9360,1,2825,
9361,1,3430,
9362,1,2360,
9363,1,4115,
9364,1,3910,
9365,1,3045,
9366,1,3440,
9367,1,3700,
9368,1,2455,
9369,1,2805,
9370,1,2180,
9371,1,2935,
9372,1,3340,
9373,1,2550,
9374,1,2350,
9375,1,2815,
9376,1,3010,
9377,1,3020,
9378,1,2870,
9379,1,3285,
9380,1,3690,
9381,1,2940,
9382,1,2515,
9383,1,2775,
9384,1,2935,
9385,1,3320,
9386,1,2800,
9387,1,0,
9388,1,1935,
9389,1,2890,
9390,1,3495,
9391,1,3180,
9392,1,3000,
9393,1,3010,
9394,1,3330,
9395,1,3500,
9396,1,2445,
9397,1,3255,
9398,1,2555,
9399,1,2695,
9400,1,4090,
9401,1,2705,
9402,1,3340,
9403,1,2930,
9404,1,3290,
9405,1,2310,
9406,1,3365,
9407,1,3135,
9408,1,3420,
9409,1,2370,
9410,1,25250,
9411,1,1870,
9412,1,1222,
9413,1,2290,
9414,1,0,
9415,1,2230,
9416,1,1900,
9417,1,1785,
9418,1,2170,
9419,1,740,
9420,1,2395,
9421,1,3130,
9422,1,3200,
9423,1,2550,
9424,1,2945,
9425,1,3215,NO
9426,1,2905,
9427,1,3150,
9428,1,3430,
9429,1,4280,
9430,1,0,
9431,1,3295,
9432,1,2580,
9433,1,3750,
9434,1,3250,
9435,1,2475,
9436,1,3250,
9437,1,2890,
9438,1,2820,
9439,1,3480,
9440,1,2950,
9441,1,3545,
9442,1,3205,
9443,1,3970,
9444,1,3000,
9445,1,3785,
9446,1,3050,
9447,1,2360,
9448,1,,
9448,2,,
9449,1,2945,
9450,1,3410,
9451,1,2985,
9452,1,3100,
9453,1,3060,
9454,1,2990,
9455,1,3600,
9456,1,3225,
9457,1,3060,
9458,1,3885,
9459,1,2520,
9460,1,2110,
9461,1,3410,
9462,1,3390,
9463,1,3295,
9464,1,2905,
9465,1,2890,
9466,1,3200,
9467,1,2350,
9468,1,3090,
9469,1,3695,
9470,1,2335,
9471,1,3680,
9472,1,3145,
9473,1,3300,
9474,1,3130,
9475,1,3790,
9476,1,2590,
9477,1,2635,
9478,1,3950,
9479,1,2230,
9480,1,2760,
9481,1,3115,
9482,1,3095,NO
9483,1,4200,
9484,1,2930,
9485,1,2815,
9486,1,2900,
9487,1,3450,
9488,1,3090,
9489,1,0,NO
9490,1,0,
9491,1,3715,
9492,1,3170,
9493,1,2985,
9494,1,3270,
9495,1,3130,
9496,1,3180,
9497,1,3395,
9498,1,3145,
9499,1,3585,
9500,1,2900,
9501,1,2565,
9502,1,2970,
9503,1,2740,
9504,1,3145,
9505,1,2965,
9506,1,2840,
9507,1,3165,
9508,1,2450,
9509,1,2860,
9510,1,2665,
9511,1,2560,
9512,1,3195,
9513,1,3445,
9514,1,2660,
9515,1,2335,
9516,1,3160,
9517,1,2685,
9518,1,2925,
9519,1,3005,
9520,1,2970,
9521,1,2320,
9522,1,3130,
9523,1,3040,
9524,1,3205,
9525,1,2585,
9526,1,2650,
9527,1,2980,
9528,1,2895,
9529,1,2850,
9530,1,3795,
9531,1,2865,
9532,1,2705,
9533,1,2465,
9534,1,3385,
9535,1,2575,
9536,1,3170,
9537,1,3970,
9538,1,2575,
9539,1,2950,
9540,1,3490,
9541,1,2990,
9542,1,3410,NO
9543,1,3255,
9544,1,2910,
9545,1,3145,
9546,1,2555,
9547,1,2875,
9548,1,3270,
9549,1,1885,
9550,1,3265,
9551,1,3125,
9552,1,3715,
9553,1,3350,
9554,1,3920,
9555,1,3055,
9556,1,3225,
9557,1,3140,
9558,1,2845,
9559,1,2920,
9560,1,3560,
9561,1,2620,
9562,1,3543,
9563,1,2590,
9564,1,3235,
9565,1,2975,
9566,1,3255,
9567,1,3335,
9568,1,3000,
9569,1,2875,
9570,1,2360,
9571,1,2880,
9572,1,3020,
9573,1,2455,
9574,1,2700,
9575,1,3185,
9576,1,3015,
9577,1,2480,
9578,1,2600,
9579,1,3495,
9580,1,2420,
9581,1,3055,
9582,1,2100,
9583,1,3450,
9584,1,3370,
9585,1,2665,
9586,1,2550,
9587,1,2760,
9588,1,2865,
9589,1,4115,
9590,1,2600,
9591,1,3515,
9592,1,3455,
9593,1,2675,
9594,1,2235,
9595,1,3545,
9596,1,3875,NO
9597,1,3130,
9598,1,2830,
9599,1,2670,
9600,1,3110,
9601,1,2475,
9602,1,3000,
9603,1,2385,
9604,1,3170,
9605,1,3070,
9606,1,2360,
9607,1,2765,
9608,1,3070,
9609,1,2510,
9610,1,3150,
9611,1,3260,
9612,1,3170,
9613,1,3460,
9614,1,3500,
9615,1,2960,NO
9616,1,2565,
9617,1,4275,
9618,1,3350,
9619,1,3290,
9620,1,3500,
9621,1,2990,
9622,1,2915,
9623,1,2458,
9624,1,2450,
9625,1,3200,
9626,1,2305,
9627,1,3425,
9628,1,2305,
9629,1,3420,
9630,1,2510,
9631,1,3250,
9632,1,2610,
9633,1,2710,
9634,1,2885,
9635,1,3340,
9636,1,3235,
9637,1,2518,
9638,1,2460,
9639,1,2570,
9640,1,3940,
9641,1,3390,
9642,1,2310,
9643,1,2575,
9644,1,3585,
9645,1,2930,
9646,1,2940,
9647,1,3030,
9648,1,2695,
9649,1,2965,
9650,1,3480,
9651,1,2615,
9652,1,2480,
9653,1,3150,
9654,1,3870,
9655,1,3030,
9656,1,3250,
9657,1,3520,
9658,1,1900,
9659,1,3000,
9660,1,3300,
9661,1,2735,
9662,1,2730,
9663,1,4010,
9664,1,2595,
9665,1,3260,
9666,1,2825,
9667,1,3270,
9668,1,2990,
9669,1,3105,
9670,1,3470,
9671,1,2790,
9672,1,2965,
9673,1,3505,
9674,1,2795,NO
9675,1,3055,
9676,1,2915,
9677,1,3485,
9678,1,2365,
9679,1,3365,
9680,1,2830,
9681,1,3360,
9682,1,3190,
9683,1,3660,
9684,1,3760,
9685,1,3530,
9686,1,2920,
9687,1,3010,
9688,1,2930,
9689,1,2790,
9690,1,3890,
9691,1,3240,
9692,1,2045,
9693,1,2620,
9694,1,2855,
9695,1,2820,
9696,1,2890,
9697,1,2600,
9698,1,3325,
9699,1,2680,
9700,1,2670,
9701,1,3105,
9702,1,2695,
9703,1,3250,
9704,1,3480,
9705,1,3045,
9706,1,3450,
9707,1,2645,
9708,1,2440,
9709,1,2980,NO
9710,1,3300,NO
9711,1,3830,
9712,1,2800,
9713,1,3593,
9714,1,4220,
9715,1,3255,
9716,1,3300,
9717,1,3710,
9718,1,2230,
9719,1,2770,
9720,1,1990,
9721,1,3485,
9722,1,3700,
9723,1,3545,
9724,1,2920,NO
9725,1,2780,
9726,1,4105,
9727,1,2965,
9728,1,4695,
9729,1,0,
9730,1,2290,
9731,1,1635,
9732,1,3315,
9733,1,3160,
9734,1,2485,
9735,1,1780,
9736,1,2670,
9737,1,3765,
9738,1,3310,
9739,1,2570,
9740,1,1870,
9741,1,3315,
9742,1,1635,
9743,1,2545,
9744,1,3400,
9745,1,3575,
9746,1,3250,
9747,1,2960,
9748,1,2970,
9749,1,3305,
9750,1,2935,
9751,1,3350,
9752,1,2070,
9753,1,3090,
9754,1,2445,
9755,1,2255,
9756,1,3150,
9757,1,2185,
9758,1,1870,
9759,1,2945,
9760,1,2580,
9761,1,3610,
9762,1,2490,
9763,1,2860,
9764,1,2840,
9765,1,3125,
9766,1,0,
9767,1,3435,
9768,1,3826,
9769,1,2755,
9770,1,1355,
9771,1,3105,
9772,1,3340,
9773,1,0,
9774,1,3665,
9775,1,2650,
9776,1,2970,
9777,1,1935,
9778,1,2100,
9779,1,2605,
9780,1,3650,
9781,1,3375,
9782,1,3495,
9783,1,2940,
9784,1,3255,
9785,1,3105,
9786,1,2900,
9787,1,3190,
9788,1,3020,
9789,1,2890,
9790,1,3270,
9791,1,2370,
9792,1,3010,
9793,1,3685,
9794,1,2485,
9795,1,3735,
9796,1,2495,
9797,1,2805,
9798,1,3615,
9799,1,3340,
9800,1,3305,
9801,1,2135,
9802,1,3520,
9803,1,3335,
9804,1,3100,
9805,1,3635,
9806,1,2510,
9807,1,3010,
9808,1,3260,
9809,1,2930,
9810,1,2910,
9811,1,3015,
9812,1,2825,
9813,1,2395,
9814,1,2290,
9815,1,3660,
9816,1,2790,
9817,1,3495,
9818,1,3440,
9819,1,3000,
9820,1,3395,
9821,1,2985,
9822,1,3160,
9823,1,3305,
9824,1,2890,
9825,1,3060,
9826,1,4005,
9827,1,2760,
9828,1,2682,
9829,1,2390,
9830,1,3210,
9831,1,3095,
9832,1,2405,
9833,1,3390,
9834,1,3040,
9835,1,3220,
9836,1,3410,
9837,1,3850,
9838,1,3490,
9839,1,3320,
9840,1,3235,
9841,1,3065,
9842,1,3080,
9843,1,3280,
9844,1,3525,
9845,1,0,
9846,1,3550,
9847,1,3040,
9848,1,2940,
9849,1,3240,
9850,1,2809,
9851,1,2940,
9852,1,3005,
9853,1,3200,
9854,1,905,
9855,1,4720,
9856,1,2510,
9857,1,2785,
9858,1,3080,
9859,1,3110,
9860,1,2710,
9861,1,2890,
9862,1,2800,
9863,1,2820,
9864,1,2965,
9865,1,3020,
9866,1,2805,
9867,1,3280,
9868,1,2230,
9869,1,3365,
9870,1,3195,
9871,1,3055,
9872,1,2960,
9873,1,3270,
9874,1,2795,
9875,1,2970,
9876,1,2840,
9877,1,3260,
9878,1,3530,
9879,1,2610,
9880,1,3065,
9881,1,3390,
9882,1,3155,
9883,1,2690,
9884,1,0,
9885,1,3960,
9886,1,3340,
9887,1,2955,
9888,1,3305,
9889,1,2800,
9890,1,3120,
9891,1,3360,
9892,1,2560,
9893,1,2650,
9894,1,3845,
9895,1,3020,
9896,1,0,
9897,1,2725,
9898,1,2805,
9899,1,1900,
9900,1,3550,
9901,1,3005,
9902,1,2990,
9903,1,2845,
9904,1,3430,
9905,1,3115,
9906,1,2895,
9907,1,2100,
9908,1,3030,
9909,1,3320,
9910,1,3580,
9911,1,2330,
9912,1,3270,
9913,1,2985,
9914,1,3450,
9915,1,3290,
9916,1,2995,
9917,1,2985,
9918,1,3550,
9919,1,3360,
9920,1,3005,
9921,1,3280,
9922,1,3500,
9923,1,3060,
9924,1,3350,
9925,1,3340,
9926,1,2935,
9927,1,2690,
9928,1,2830,
9929,1,3635,
9930,1,3310,
9931,1,3335,
9932,1,2840,
9933,1,3190,
9934,1,1585,
9935,1,3515,
9936,1,2905,
9937,1,2860,
9938,1,3695,
9939,1,2850,
9940,1,3175,
9941,1,3150,
9942,1,3050,
9943,1,3070,
9944,1,2535,
9945,1,2835,
9946,1,3695,
9947,1,495,
9948,1,3380,
9949,1,2910,
9950,1,3005,
9951,1,3705,
9952,1,2880,
9953,1,2445,
9954,1,2935,
9955,1,2985,
9956,1,3290,
9957,1,2560,
9958,1,2465,
9959,1,2605,
9960,1,4000,
9961,1,3445,
9962,1,2960,
9963,1,3590,
9964,1,2610,
9965,1,3120,
9966,1,0,
9967,1,3490,
9968,1,2410,
9969,1,3019,
9970,1,3030,
9971,1,3150,
9972,1,3415,
9973,1,2725,
9974,1,2570,
9975,1,2225,
9976,1,2700,
9977,1,2890,
9978,1,2445,
9979,1,2990,
9980,1,2645,
9981,1,2710,
9982,1,2340,
9983,1,3720,
9984,1,2819,
9985,1,,
9985,2,,
9986,1,2665,
9987,1,3100,
9988,1,3225,
9989,1,2850,
9990,1,1440,
9991,1,3120,
9992,1,3170,
9993,1,3680,
9994,1,4000,
9995,1,2270,
9996,1,3200,
9997,1,2310,
9998,1,2240,
9999,1,3130,
10000,1,3320,
10001,1,3400,
10002,1,2260,
10003,1,3980,
10004,1,2870,
10005,1,3347,
10006,1,2960,
10007,1,2235,NO
10008,1,3030,
10009,1,2920,
10010,1,3695,
10011,1,2980,
10012,1,2780,
10013,1,3045,
10014,1,3735,
10015,1,3630,
10016,1,3680,
10017,1,2970,
10018,1,2730,
10019,1,3075,
10020,1,2765,
10021,1,1745,
10022,1,2895,
10023,1,2350,
10024,1,3070,
10025,1,3250,
10026,1,3620,
10027,1,3035,
10028,1,2970,NO
10029,1,3330,
10030,1,4300,
10031,1,2700,
10032,1,3270,
10033,1,1915,
10034,1,3290,
10035,1,2500,
10036,1,3580,
10037,1,3330,
10038,1,3855,
10039,1,2525,
10040,1,3040,
10041,1,3590,
10042,1,3405,
10043,1,1780,
10044,1,3350,
10045,1,2635,
10046,1,3445,
10047,1,3450,NO
10048,1,3320,
10049,1,2860,
10050,1,3020,
10051,1,,
10052,1,2970,
10053,1,2895,
10054,1,,
10055,1,3140,
10056,1,2965,
10057,1,2920,
10058,1,2545,
10059,1,3085,
10060,1,3780,
10061,1,2370,
10062,1,3195,
10063,1,4675,
10064,1,2430,
10065,1,3060,
10066,1,2975,
10067,1,3360,
10068,1,2650,
10069,1,36008,
10070,1,3380,
10071,1,3940,
10072,1,3085,NO
10073,1,3240,
10074,1,2600,
10075,1,3140,
10076,1,2190,
10077,1,3690,
10078,1,2940,
10079,1,3400,NO
10080,1,2700,
10081,1,2860,
10082,1,3150,
10083,1,3100,
10084,1,2750,
10085,1,2805,
10086,1,2960,
10087,1,2780,
10088,1,1490,
10089,1,3025,
10090,1,2745,
10091,1,3755,
10092,1,3240,
10093,1,2690,
10094,1,3295,
10095,1,2960,
10096,1,2380,
10097,1,3190,
10098,1,2910,
10099,1,2640,
10100,1,2700,
10101,1,3220,
10102,1,2650,
10103,1,3580,
10104,1,3355,
10105,1,3060,
10106,1,3020,
10107,1,3380,
10108,1,2600,
10109,1,2775,
10110,1,2680,
10111,1,2965,
10112,1,3115,
10113,1,3090,
10114,1,3180,
10115,1,3055,
10116,1,3310,
10117,1,2655,NO
10118,1,2650,
10119,1,2645,
10120,1,2710,
10121,1,2950,
10122,1,3230,
10123,1,3475,
10124,1,3370,
10125,1,3675,
10126,1,2890,
10127,1,3655,
10128,1,3800,
10129,1,2880,
10130,1,905,
10131,1,2695,
10132,1,3550,
10133,1,2010,
10134,1,2940,
10135,1,2960,
10136,1,0,
10137,1,2750,
10138,1,2625,
10139,1,2245,
10140,1,3230,
10141,1,3245,
10142,1,1610,
10143,1,3000,
10144,1,3075,
10145,1,3580,
10146,1,2225,
10147,1,2640,
10148,1,2530,
10149,1,3430,
10150,1,3469,
10151,1,2720,
10152,1,3350,
10153,1,3410,
10154,1,3140,
10155,1,2630,
10156,1,3065,
10157,1,3470,
10158,1,2565,
10159,1,3190,
10160,1,3180,
10161,1,2600,
10162,1,3500,
10163,1,3105,
10164,1,3065,
10165,1,3010,
10166,1,2370,
10167,1,2360,
10168,1,3595,
10169,1,3600,
10170,1,3610,
10171,1,2955,
10172,1,0,NO
10173,1,3210,
10174,1,2935,
10175,1,2820,
10176,1,1390,
10177,1,4015,
10178,1,3710,
10179,1,3090,
10180,1,2865,
10181,1,3080,
10182,1,2830,
10183,1,0,
10184,1,3320,
10185,1,3405,
10186,1,4150,
10187,1,0,
10188,1,2765,
10189,1,3680,
10190,1,3060,
10191,1,2770,
10192,1,2995,
10193,1,3485,
10194,1,3140,
10195,1,2520,
10196,1,3380,
10197,1,3385,
10198,1,2350,
10199,1,3075,
10200,1,2370,
10201,1,3200,
10202,1,2750,
10203,1,2500,
10204,1,3490,
10205,1,3440,
10206,1,3190,
10207,1,2710,
10208,1,2775,
10209,1,2350,
10210,1,2560,
10211,1,3450,
10212,1,2805,
10213,1,33701,
10214,1,2915,
10215,1,2610,
10216,1,3765,
10217,1,2190,
10218,1,3265,
10219,1,2295,
10220,1,3360,
10221,1,4030,
10222,1,3105,
10223,1,3015,
10224,1,3715,
10225,1,2740,
10226,1,2970,
10227,1,3065,
10228,1,2580,
10229,1,3330,
10230,1,3475,
10231,1,705,
10232,1,4070,
10233,1,3015,
10234,1,3030,
10235,1,3450,NO
10236,1,2970,
10237,1,1835,
10238,1,3210,
10239,1,2965,
10240,1,3190,
10241,1,2205,
10242,1,3165,
10243,1,1495,
10244,1,3455,
10245,1,3260,
10246,1,2635,
10247,1,2820,
10248,1,2790,
10249,1,2845,NO
10250,1,2870,
10251,1,2890,
10252,1,2290,
10253,1,3550,
10254,1,3680,
10255,1,2285,
10256,1,3375,
10257,1,2430,
10258,1,3390,
10259,1,3005,
10260,1,3975,
10261,1,3360,
10262,1,3875,
10263,1,3280,
10264,1,2740,
10265,1,2975,
10266,1,2570,
10267,1,3440,
10268,1,2765,
10269,1,3190,
10270,1,2260,
10271,1,2920,
10272,1,3360,
10273,1,2805,
10274,1,3080,
10275,1,3335,
10276,1,2905,
10277,1,3180,
10278,1,2970,
10279,1,3130,
10280,1,2815,
10281,1,3030,
10282,1,3100,
10283,1,3470,
10284,1,3370,
10285,1,3210,
10286,1,3120,
10287,1,2880,
10288,1,3110,
10289,1,2990,
10290,1,3045,
10291,1,3115,
10292,1,2890,
10293,1,2615,
10294,1,3000,NO
10295,1,3495,
10296,1,3735,
10297,1,2475,
10298,1,2680,
10299,1,2660,
10300,1,3080,
10301,1,3195,
10302,1,3710,
10303,1,3700,
10304,1,3160,
10305,1,2150,
10306,1,3855,
10307,1,2375,
10308,1,3020,
10309,1,3035,
10310,1,2980,
10311,1,2980,
10312,1,2480,
10313,1,2005,
10314,1,3314,
10315,1,3750,NO
10316,1,3110,
10317,1,2990,
10318,1,2680,
10319,1,3395,
10320,1,3075,
10321,1,2040,
10322,1,3920,
10323,1,3175,
10324,1,2845,
10325,1,2260,
10326,1,3235,
10327,1,2600,
10328,1,3055,
10329,1,2440,
10330,1,3030,
10331,1,3560,
10332,1,3010,
10333,1,3330,
10334,1,3735,NO
10335,1,2025,
10336,1,3465,
10337,1,3670,
10338,1,3445,
10339,1,3065,
10340,1,2825,
10341,1,1950,
10342,1,3115,
10343,1,2755,
10344,1,3675,
10345,1,2600,
10346,1,3200,NO
10347,1,3310,
10348,1,2510,
10349,1,2380,
10350,1,2360,NO
10351,1,2654,
10352,1,3325,
10353,1,3075,
10354,1,2890,
10355,1,2700,
10356,1,1380,
10357,1,3130,
10358,1,3025,
10359,1,2730,
10360,1,3265,
10361,1,3340,
10362,1,3515,
10363,1,3425,
10364,1,3990,
10365,1,2240,
10366,1,0,
10367,1,2935,
10368,1,3160,
10369,1,2655,
10370,1,2890,
10371,1,2970,
10372,1,3405,
10373,1,3215,
10374,1,3670,
10375,1,3220,
10376,1,3180,
10377,1,2080,
10378,1,3350,
10379,1,4140,
10380,1,2470,
10381,1,2835,
10382,1,3740,NO
10383,1,3440,
10384,1,3345,
10385,1,3700,
10386,1,2835,
10387,1,3550,
10388,1,520,
10389,1,2390,
10390,1,2755,
10391,1,3055,
10392,1,3030,
10393,1,1965,
10394,1,2950,
10395,1,3200,
10396,1,780,
10397,1,2580,
10398,1,3795,NO
10399,1,3940,
10400,1,3070,
10401,1,2340,
10402,1,3810,
10403,1,2965,
10404,1,2870,
10405,1,3025,
10406,1,3440,
10407,1,2930,
10408,1,3200,
10409,1,2665,
10410,1,3230,
10411,1,3050,
10412,1,3525,
10413,1,3550,
10414,1,3040,
10415,1,2,
10416,1,3030,
10417,1,3170,
10418,1,2885,
10419,1,3105,
10420,1,2765,
10421,1,2155,
10422,1,4770,
10423,1,0,
10424,1,3570,
10425,1,2340,
10426,1,3320,
10427,1,3220,
10428,1,2630,
10429,1,3180,
10430,1,2560,
10431,1,3090,
10432,1,3440,
10433,1,3260,
10434,1,3170,
10435,1,3160,
10436,1,0,
10437,1,3335,
10438,1,2800,
10439,1,3265,
10440,1,1760,
10441,1,2725,
10442,1,2455,
10443,1,2445,
10444,1,3190,
10445,1,2745,
10446,1,2575,
10447,1,3320,
10448,1,3545,
10449,1,2835,
10450,1,3575,
10451,1,4005,
10452,1,3180,
10453,1,2640,
10454,1,3170,
10455,1,3290,
10456,1,3950,
10457,1,1175,
10458,1,2440,
10459,1,3550,
10460,1,3160,
10461,1,3040,
10462,1,2680,
10463,1,2880,
10464,1,3660,
10465,1,3380,
10466,1,4529,
10467,1,2245,
10468,1,2435,
10469,1,2365,
10470,1,2815,
10471,1,3210,
10472,1,2955,
10473,1,3020,
10474,1,2770,
10475,1,3465,
10476,1,3060,
10477,1,2330,
10478,1,2625,
10479,1,2570,
10480,1,3055,
10481,1,3000,
10482,1,3305,
10483,1,3170,
10484,1,2880,
10485,1,2040,
10486,1,3595,
10487,1,2925,
10488,1,2435,NO
10489,1,2400,
10490,1,3410,
10491,1,3585,
10492,1,3925,
10493,1,2969,
10494,1,2950,
10495,1,2480,
10496,1,3025,
10497,1,3050,
10498,1,3100,
10499,1,3280,
10500,1,3240,
10501,1,2710,
10502,1,2770,
10503,1,2470,
10504,1,3210,
10505,1,3160,
10506,1,4035,
10507,1,2500,
10508,1,3645,
10509,1,2045,
10510,1,3750,
10511,1,3170,
10512,1,3300,
10513,1,,
10513,2,,
10514,1,2600,
10515,1,2630,
10516,1,3270,
10517,1,3070,
10518,1,3320,
10519,1,2960,
10520,1,3355,
10521,1,3550,
10522,1,3200,
10523,1,0,
10524,1,1960,
10525,1,3610,
10526,1,2375,
10527,1,2966,
10528,1,3155,
10529,1,2810,
10530,1,3330,
10531,1,2895,
10532,1,3335,
10533,1,3575,
10534,1,2515,
10535,1,2830,
10536,1,3245,
10537,1,3030,
10538,1,2965,
10539,1,3175,
10540,1,3050,
10541,1,3090,
10542,1,2995,
10543,1,3585,
10544,1,3870,
10545,1,2580,
10546,1,2545,
10547,1,3170,
10548,1,3170,
10549,1,2580,
10550,1,2420,
10551,1,3120,
10552,1,2995,
10553,1,2425,
10554,1,3200,
10555,1,3000,
10556,1,3390,
10557,1,3920,
10558,1,3390,
10559,1,3705,
10560,1,3395,
10561,1,3200,
10562,1,2930,
10563,1,3230,
10564,1,3050,
10565,1,3230,
10566,1,2800,
10567,1,3585,
10568,1,2400,
10569,1,3285,
10570,1,2780,
10571,1,2840,
10572,1,3585,
10573,1,2860,
10574,1,4120,
10575,1,3580,
10576,1,0,
10577,1,3240,
10578,1,3390,
10579,1,2975,
10580,1,2775,
10581,1,2615,
10582,1,3245,
10583,1,3255,
10584,1,2715,
10585,1,3590,
10586,1,2835,
10587,1,2395,
10588,1,3010,
10589,1,2780,
10590,1,3655,
10591,1,3370,
10592,1,3045,
10593,1,2955,
10594,1,3940,
10595,1,2855,
10596,1,3080,
10597,1,2900,
10598,1,3345,
10599,1,3605,
10600,1,2225,
10601,1,3170,
10602,1,2540,
10603,1,3170,
10604,1,3845,NO
10605,1,2870,
10606,1,3480,
10607,1,3115,
10608,1,3370,
10609,1,3205,
10610,1,2950,
10611,1,3090,
10612,1,3545,
10613,1,3940,
10614,1,2250,
10615,1,,
10616,1,3035,
10617,1,3230,
10618,1,3000,
10619,1,2810,
10620,1,0,
10621,1,2970,
10622,1,3045,
10623,1,3430,
10624,1,3005,
10625,1,2740,
10626,1,2945,
10627,1,3505,
10628,1,2795,
10629,1,2780,
10630,1,2615,
10631,1,2675,
10632,1,3045,
10633,1,2085,
10634,1,2690,
10635,1,3310,
10636,1,2940,
10637,1,2950,NO
10638,1,3085,
10639,1,2670,
10640,1,3160,
10641,1,3170,
10642,1,3420,
10643,1,2915,
10644,1,2800,
10645,1,3870,
10646,1,3185,
10647,1,3100,
10648,1,3070,
10649,1,2810,
10650,1,3235,
10651,1,3475,
10652,1,3455,
10653,1,3060,
10654,1,3135,
10655,1,2495,
10656,1,3490,
10657,1,2746,
10658,1,2395,
10659,1,3385,
10660,1,3285,
10661,1,3050,
10662,1,2710,
10663,1,3750,
10664,1,3300,
10665,1,3405,
10666,1,2485,
10667,1,3035,
10668,1,2900,
10669,1,3005,
10670,1,3655,
10671,1,2805,
10672,1,2790,
10673,1,3360,
10674,1,2270,
10675,1,2690,
10676,1,3460,
10677,1,2415,
10678,1,3165,
10679,1,2635,
10680,1,2215,
10681,1,2430,
10682,1,2235,
10683,1,3200,
10684,1,2885,
10685,1,3180,
10686,1,2320,
10687,1,2765,
10688,1,2940,
10689,1,3530,
10690,1,2870,
10691,1,3345,
10692,1,2655,
10693,1,2845,
10694,1,3010,
10695,1,2690,
10696,1,2820,
10697,1,3065,
10698,1,3160,
10699,1,3400,
10700,1,2730,
10701,1,3370,
10702,1,2815,
10703,1,3180,
10704,1,2900,
10705,1,3490,
10706,1,2895,
10707,1,2990,
10708,1,2635,
10709,1,3170,
10710,1,2440,
10711,1,2300,
10712,1,3360,
10713,1,3140,
10714,1,2625,
10715,1,3540,
10716,1,3560,
10717,1,2625,
10718,1,3130,
10719,1,2765,
10720,1,,
10721,1,3585,
10722,1,3380,
10723,1,2820,
10724,1,2915,
10725,1,2935,
10726,1,2640,
10727,1,3530,
10728,1,3015,
10729,1,3035,
10730,1,2930,
10731,1,0,
10732,1,3955,
10733,1,2825,
10734,1,3520,
10735,1,2620,
10736,1,3170,
10737,1,2655,NO
10738,1,3085,
10739,1,3330,NO
10740,1,3470,
10741,1,2930,
10742,1,2495,
10743,1,,
10743,2,,
10744,1,1700,
10745,1,2020,
10746,1,1930,
10747,1,2380,
10748,1,2740,
10749,1,2800,
10750,1,2320,
10751,1,2850,
10752,1,2550,
10753,1,2490,
10754,1,2475,
10755,1,2605,
10756,1,2125,
10757,1,2895,
10758,1,1470,NO
10759,1,1510,
10760,1,2440,NO
10761,1,3305,
10762,1,2580,
10763,1,2515,
10764,1,2150,
10765,1,0,
10766,1,2465,
10767,1,3330,
10768,1,1915,
10769,1,2840,
10770,1,4280,
10771,1,2915,
10772,1,2175,
10773,1,3240,
10774,1,3205,
10775,1,3410,
10776,1,3210,
10777,1,4040,
10778,1,3460,
10779,1,3105,
10780,1,3530,
10781,1,3300,
10782,1,3070,
10783,1,2340,
10784,1,3170,
10785,1,2820,
10786,1,2640,
10787,1,3000,
10788,1,2370,
10789,1,3050,
10790,1,3000,
10791,1,2925,
10792,1,2415,
10793,1,3510,
10794,1,3285,
10795,1,3085,
10796,1,3040,
10797,1,2980,
10798,1,2520,NO
10799,1,3420,
10800,1,3180,
10801,1,2840,
10802,1,1650,
10803,1,3160,
10804,1,2690,
10805,1,4230,
10806,1,2510,
10807,1,3060,
10808,1,3180,
10809,1,2130,
10810,1,3470,
10811,1,3480,
10812,1,3170,NO
10813,1,2455,
10814,1,3630,
10815,1,2384,
10816,1,3000,
10817,1,1405,
10818,1,2805,
10819,1,2335,
10820,1,3045,
10821,1,3055,
10822,1,1915,
10823,1,2450,
10824,1,2735,
10825,1,2480,
10826,1,2885,
10827,1,3160,
10828,1,2745,
10829,1,1745,
10830,1,2755,
10831,1,2985,
10832,1,2980,
10833,1,1745,
10834,1,2540,
10835,1,3185,
10836,1,2960,
10837,1,3650,
10838,1,2355,
10839,1,3115,
10840,1,3170,
10841,1,2745,
10842,1,2935,
10843,1,2750,
10844,1,2355,
10845,1,3085,
10846,1,2585,
10847,1,3175,
10848,1,2675,
10849,1,2930,
10850,1,2390,
10851,1,2860,
10852,1,3165,
10853,1,2725,
10854,1,3380,
10855,1,3550,
10856,1,2920,
10857,1,2920,
10858,1,3425,
10859,1,3785,
10860,1,3215,
10861,1,3465,
10862,1,2405,
10863,1,2150,
10864,1,2770,NO
10865,1,0,
10866,1,2450,
10867,1,2650,
10868,1,3930,
10869,1,3135,
10870,1,3530,
10871,1,2768,
10872,1,3380,
10873,1,3560,
10874,1,3325,
10875,1,2710,
10876,1,2920,
10877,1,3065,NO
10878,1,3590,
10879,1,3575,
10880,1,3570,
10881,1,3180,
10882,1,3655,
10883,1,2775,
10884,1,2995,
10885,1,3425,
10886,1,3040,
10887,1,2955,
10888,1,3130,
10889,1,2495,
10890,1,3675,
10891,1,0,
10892,1,2890,
10893,1,3005,
10894,1,3410,
10895,1,,
10895,2,,
10896,1,3070,
10897,1,2850,
10898,1,2985,
10899,1,3355,
10900,1,3200,
10901,1,3210,
10902,1,2975,
10903,1,3400,
10904,1,3430,
10905,1,3220,
10906,1,4040,
10907,1,2885,
10908,1,4350,
10909,1,3110,
10910,1,2970,
10911,1,2635,
10912,1,2970,
10913,1,3180,
10914,1,3545,
10915,1,3130,
10916,1,3220,
10917,1,2615,
10918,1,2455,
10919,1,2425,
10920,1,0,
10921,1,3560,
10922,1,2450,
10923,1,3715,
10924,1,,
10924,2,,
10925,1,3700,
10926,1,2555,
10927,1,2780,NO
10928,1,2735,
10929,1,3720,
10930,1,3525,
10931,1,2975,
10932,1,4100,
10933,1,3630,
10934,1,3180,
10935,1,3520,
10936,1,3250,
10937,1,3585,
10938,1,3640,
10939,1,3375,
10940,1,3140,
10941,1,0,
10942,1,2825,
10943,1,3650,
10944,1,3375,
10945,1,3285,
10946,1,3115,
10947,1,3495,
10948,1,3250,
10949,1,3635,
10950,1,3145,
10951,1,2760,
10952,1,2850,
10953,1,3345,
10954,1,2480,
10955,1,4150,
10956,1,3670,
10957,1,2725,
10958,1,2725,
10959,1,2430,
10960,1,2860,
10961,1,2740,
10962,1,2750,
10963,1,3165,
10964,1,3170,
10965,1,2910,
10966,1,3450,
10967,1,2925,
10968,1,3630,
10969,1,3595,
10970,1,2600,
10971,1,2345,
10972,1,3020,NO
10973,1,2625,
10974,1,3400,
10975,1,2865,
10976,1,2950,
10977,1,3490,
10978,1,3360,
10979,1,3455,
10980,1,2930,
10981,1,3250,
10982,1,3010,
10983,1,2975,
10984,1,2725,
10985,1,2945,
10986,1,2840,
10987,1,2795,
10988,1,3460,
10989,1,2995,
10990,1,3135,
10991,1,3570,
10992,1,4230,
10993,1,3370,
10994,1,4080,
10995,1,3645,
10996,1,2965,
10997,1,3310,
10998,1,2405,
10999,1,3350,
11000,1,3155,
11001,1,2970,
11002,1,3070,
11003,1,3430,
11004,1,2760,
11005,1,3945,
11006,1,2940,
11007,1,2730,
11008,1,2775,
11009,1,2945,
11010,1,3370,
11011,1,2805,
11012,1,3445,
11013,1,2850,
11014,1,2390,
11015,1,3331,
11016,1,3155,
11017,1,3150,
11018,1,2586,
11019,1,3210,
11020,1,2740,
11021,1,3695,
11022,1,3065,
11023,1,3700,
11024,1,2115,
11025,1,3005,
11026,1,3205,
11027,1,3265,
11028,1,1145,
11029,1,3120,
11030,1,2315,
11031,1,3870,
11032,1,3315,
11033,1,2645,
11034,1,3230,
11035,1,3585,
11036,1,3815,
11037,1,3430,
11038,1,3000,
11039,1,2745,
11040,1,3050,
11041,1,2600,
11042,1,3135,
11043,1,3170,
11044,1,3145,
11045,1,2505,
11046,1,3145,
11047,1,3065,
11048,1,2905,
11049,1,3760,
11050,1,3325,
11051,1,3070,
11052,1,4005,
11053,1,3020,
11054,1,3075,
11055,1,2875,
11056,1,3510,NO
11057,1,2600,
11058,1,3085,
11059,1,3225,
11060,1,3040,
11061,1,3270,
11062,1,2980,
11063,1,3310,
11064,1,,
11065,1,3675,
11066,1,3560,
11067,1,3140,
11068,1,2985,
11069,1,3660,
11070,1,3420,
11071,1,3020,
11072,1,3105,
11073,1,3600,NO
11074,1,4030,
11075,1,,
11076,1,3305,
11077,1,3005,
11078,1,2675,
11079,1,2810,
11080,1,2670,NO
11081,1,2885,
11082,1,2830,
11083,1,3530,
11084,1,2145,
11085,1,3040,
11086,1,2820,
11087,1,2430,
11088,1,2475,
11089,1,3715,
11090,1,0,
11091,1,2830,
11092,1,2675,
11093,1,3405,
11094,1,2275,
11095,1,1930,
11096,1,2370,
11097,1,2215,
11098,1,2440,
11099,1,2410,
11100,1,2005,
11101,1,2430,
11102,1,2390,
11103,1,2390,
11104,1,2335,
11105,1,1875,
11106,1,2310,
11107,1,2260,
11108,1,1720,
11109,1,2485,
11110,1,2305,
11111,1,2296,
11112,1,2435,
11113,1,1915,
11114,1,2145,
11115,1,2420,
11116,1,2435,
11117,1,2250,
11118,1,2155,
11119,1,2155,
11120,1,1835,
11121,1,2370,
11122,1,2450,
11123,1,2195,
11124,1,2185,
11125,1,2100,
11126,1,2275,
11127,1,2365,
11128,1,2020,
11129,1,1985,
11130,1,1810,
11131,1,2005,
11132,1,2410,
11133,1,2410,
11134,1,2450,
11135,1,2420,
11136,1,2190,
11137,1,1950,
11138,1,2485,
11139,1,2120,
11140,1,2375,
11141,1,2495,
11142,1,3070,
11143,1,3535,
11144,1,3090,
11145,1,3650,
11146,1,2695,
11147,1,3335,
11148,1,3325,
11149,1,2629,
11150,1,3085,
11151,1,3600,
11152,1,3250,
11153,1,2730,
11154,1,3375,
11155,1,2780,
11156,1,3385,
11157,1,2645,
11158,1,3060,
11159,1,3445,
11160,1,2990,
11161,1,2670,
11162,1,3370,
11163,1,2900,
11164,1,3270,
11165,1,3180,
11166,1,0,
11167,1,3420,
11168,1,3090,
11169,1,3085,
11170,1,3140,
11171,1,2965,
11172,1,2540,
11173,1,3175,
11174,1,3535,
11175,1,3260,
11176,1,2505,
11177,1,3110,
11178,1,0,
11179,1,3390,
11180,1,3110,
11181,1,2965,
11182,1,3030,
11183,1,2800,
11184,1,2760,
11185,1,2870,
11186,1,2640,
11187,1,2510,
11188,1,3110,
11189,1,2500,
11190,1,3155,
11191,1,2980,
11192,1,2880,
11193,1,3195,
11194,1,3210,
11195,1,3250,
11196,1,3115,
11197,1,2670,
11198,1,3845,
11199,1,3045,
11200,1,3605,
11201,1,2670,
11202,1,3175,
11203,1,3285,
11204,1,3535,
11205,1,2725,
11206,1,3145,
11207,1,3690,
11208,1,4350,
11209,1,3165,
11210,1,3040,
11211,1,2735,
11212,1,3175,
11213,1,3185,NO
11214,1,2930,
11215,1,3265,
11216,1,2670,
11217,1,3405,
11218,1,2925,
11219,1,3340,
11220,1,3280,
11221,1,3400,
11222,1,3130,
11223,1,3390,NO
11224,1,3255,
11225,1,3330,
11226,1,2715,
11227,1,2655,
11228,1,0,
11229,1,2695,
11230,1,2728,
11231,1,3480,
11232,1,3365,
11233,1,2825,
11234,1,3000,
11235,1,2900,
11236,1,3220,
11237,1,3180,
11238,1,3140,
11239,1,3005,
11240,1,2830,
11241,1,3300,
11242,1,2670,
11243,1,2710,
11244,1,2730,
11245,1,3315,
11246,1,3116,
11247,1,3085,
11248,1,3365,
11249,1,3410,
11250,1,3395,
11251,1,3945,NO
11252,1,3115,
11253,1,3165,
11254,1,2970,
11255,1,3860,
11256,1,3380,
11257,1,0,NO
11258,1,3280,
11259,1,3320,
11260,1,2900,
11261,1,3045,
11262,1,2745,
11263,1,3040,
11264,1,3120,
11265,1,3790,
11266,1,3715,
11267,1,3400,
11268,1,2840,
11269,1,3250,
11270,1,2550,
11271,1,2890,
11272,1,2955,
11273,1,2940,
11274,1,2950,
11275,1,3135,
11276,1,3425,
11277,1,2995,
11278,1,2565,
11279,1,3435,
11280,1,2960,
11281,1,3425,
11282,1,3375,
11283,1,3220,NO
11284,1,3200,
11285,1,2920,
11286,1,3675,
11287,1,3315,
11288,1,3420,
11289,1,2695,
11290,1,3445,
11291,1,2855,
11292,1,3590,
11293,1,2930,
11294,1,3280,
11295,1,2725,
11296,1,3480,
11297,1,3470,
11298,1,2980,
11299,1,3505,
11300,1,0,
11301,1,3235,
11302,1,3115,
11303,1,3200,
11304,1,3165,
11305,1,3655,
11306,1,3455,
11307,1,2995,
11308,1,2775,
11309,1,2915,
11310,1,3865,
11311,1,3325,
11312,1,3260,
11313,1,2805,
11314,1,2580,
11315,1,2825,
11316,1,2920,
11317,1,2995,
11318,1,2825,
11319,1,3315,NO
11320,1,3140,
11321,1,3310,
11322,1,3370,
11323,1,3240,
11324,1,2570,
11325,1,3005,
11326,1,3500,
11327,1,3305,
11328,1,3100,
11329,1,2800,
11330,1,2800,
11331,1,2770,
11332,1,2825,
11333,1,3785,
11334,1,2990,
11335,1,3245,
11336,1,3345,
11337,1,3110,
11338,1,3320,
11339,1,2830,
11340,1,2700,
11341,1,3795,
11342,1,2925,
11343,1,3100,
11344,1,2750,
11345,1,2935,
11346,1,3285,
11347,1,3580,
11348,1,3275,
11349,1,3055,
11350,1,2750,
11351,1,3410,
11352,1,3835,
11353,1,3330,
11354,1,2605,
11355,1,2590,
11356,1,3110,
11357,1,2530,
11358,1,3320,
11359,1,3050,
11360,1,2885,
11361,1,2575,
11362,1,3090,
11363,1,4290,
11364,1,3020,
11365,1,3285,
11366,1,3095,
11367,1,3025,
11368,1,3035,
11369,1,2795,
11370,1,3870,
11371,1,2840,
11372,1,3775,
11373,1,2965,
11374,1,3030,
11375,1,2715,
11376,1,2850,
11377,1,3440,
11378,1,2570,
11379,1,2950,
11380,1,3040,NO
11381,1,2700,
11382,1,2685,
11383,1,2840,
11384,1,3485,
11385,1,2955,
11386,1,2880,
11387,1,3420,
11388,1,3425,
11389,1,3090,
11390,1,3985,
11391,1,3260,
11392,1,2730,
11393,1,2900,
11394,1,3210,
11395,1,2755,
11396,1,3005,
11397,1,2730,
11398,1,3255,
11399,1,3115,
11400,1,3450,
11401,1,3680,
11402,1,3400,
11403,1,3385,
11404,1,3050,
11405,1,2560,
11406,1,3025,
11407,1,3045,
11408,1,2870,
11409,1,2810,
11410,1,3740,
11411,1,2760,
11412,1,2810,
11413,1,3915,
11414,1,2860,
11415,1,3480,
11416,1,3970,
11417,1,1690,
11418,1,3200,
11419,1,3355,
11420,1,3080,
11421,1,2990,
11422,1,2790,
11423,1,2640,
11424,1,2500,
11425,1,3300,
11426,1,3060,
11427,1,2870,
11428,1,3090,
11429,1,2510,
11430,1,3940,
11431,1,3680,
11432,1,3516,
11433,1,3030,
11434,1,3340,
11435,1,3430,
11436,1,3775,
11437,1,3385,
11438,1,3405,
11439,1,3465,
11440,1,3050,
11441,1,2960,
11442,1,3270,
11443,1,2760,
11444,1,2975,
11445,1,3405,
11446,1,3360,
11447,1,3445,
11448,1,2770,
11449,1,3370,
11450,1,2670,
11451,1,2895,
11452,1,2855,
11453,1,3430,
11454,1,2975,
11455,1,3425,
11456,1,3365,
11457,1,2975,
11458,1,2955,
11459,1,3810,
11460,1,3080,
11461,1,3200,
11462,1,3450,
11463,1,2870,
11464,1,3055,
11465,1,1050,
11466,1,3255,
11467,1,3265,
11468,1,3160,
11469,1,3580,
11470,1,3580,
11471,1,3020,
11472,1,2935,
11473,1,2965,
11474,1,2915,
11475,1,3010,
11476,1,3405,
11477,1,2885,
11478,1,2765,
11479,1,2810,
11480,1,3025,
11481,1,2565,
11482,1,2545,
11483,1,2515,
11484,1,3675,
11485,1,3535,
11486,1,3220,
11487,1,2995,
11488,1,3400,
11489,1,2955,
11490,1,3270,
11491,1,3060,
11492,1,3185,
11493,1,,
11493,2,,
11494,1,2775,
11495,1,,
11495,2,,
11496,1,3380,
11497,1,2965,
11498,1,2860,
11499,1,2660,
11500,1,3420,
11501,1,2950,
11502,1,3825,
11503,1,3080,
11504,1,3560,
11505,1,3015,
11506,1,2905,
11507,1,3690,
11508,1,3295,
11509,1,1940,
11510,1,2515,
11511,1,2165,
11512,1,2945,NO
11513,1,3730,
11514,1,1500,
11515,1,3110,
11516,1,3260,
11517,1,2920,
11518,1,2895,
11519,1,3500,
11520,1,4320,
11521,1,3600,
11522,1,2605,
11523,1,3040,
11524,1,3215,
11525,1,3160,
11526,1,2890,
11527,1,3280,
11528,1,2950,
11529,1,3245,
11530,1,3315,
11531,1,2875,
11532,1,3475,
11533,1,3870,
11534,1,3840,
11535,1,2815,
11536,1,2870,
11537,1,3470,
11538,1,3440,
11539,1,3300,
11540,1,3785,
11541,1,3210,
11542,1,3110,
11543,1,2600,
11544,1,3420,
11545,1,3000,
11546,1,3480,
11547,1,3065,
11548,1,2935,
11549,1,3206,
11550,1,2245,
11551,1,3300,
11552,1,3325,
11553,1,2015,
11554,1,2770,
11555,1,2930,
11556,1,2310,
11557,1,2130,
11558,1,3330,
11559,1,3120,
11560,1,3260,
11561,1,2425,
11562,1,3000,
11563,1,2550,
11564,1,3415,
11565,1,3380,
11566,1,3160,
11567,1,2920,
11568,1,3080,
11569,1,2790,
11570,1,2960,
11571,1,3505,
11572,1,3550,
11573,1,3465,
11574,1,3730,
11575,1,4175,
11576,1,2795,
11577,1,2950,
11578,1,2875,
11579,1,3410,
11580,1,2300,
11581,1,0,
11582,1,3390,
11583,1,3170,
11584,1,3215,
11585,1,3405,
11586,1,2980,
11587,1,2820,
11588,1,2805,
11589,1,3690,
11590,1,3375,
11591,1,2955,
11592,1,3265,
11593,1,3595,
11594,1,3590,
11595,1,3700,
11596,1,2910,
11597,1,2790,
11598,1,2470,
11599,1,3200,
11600,1,3965,
11601,1,3850,
11602,1,0,
11603,1,3530,
11604,1,4210,
11605,1,3275,
11606,1,2500,
11607,1,2665,
11608,1,2360,
11609,1,3325,
11610,1,3260,
11611,1,3100,
11612,1,3635,
11613,1,3955,
11614,1,3480,
11615,1,2740,
11616,1,3290,
11617,1,2960,
11618,1,3360,
11619,1,2750,
11620,1,2650,
11621,1,2645,
11622,1,2720,
11623,1,3135,
11624,1,3845,
11625,1,3105,
11626,1,3340,
11627,1,2940,
11628,1,3250,
11629,1,3255,
11630,1,3250,
11631,1,2415,
11632,1,3210,
11633,1,3030,
11634,1,3635,
11635,1,2570,
11636,1,2555,
11637,1,3015,
11638,1,2790,
11639,1,2395,
11640,1,3115,
11641,1,2770,
11642,1,3395,
11643,1,2865,
11644,1,2555,
11645,1,2730,
11646,1,2100,
11647,1,3250,
11648,1,2920,
11649,1,2720,
11650,1,3025,
11651,1,3225,
11652,1,3065,
11653,1,2260,
11654,1,3525,
11655,1,2560,
11656,1,3085,
11657,1,2745,
11658,1,3250,
11659,1,2895,
11660,1,2865,
11661,1,3635,
11662,1,5010,
11663,1,4080,
11664,1,3100,
11665,1,3225,
11666,1,2570,
11667,1,2655,
11668,1,3080,
11669,1,2795,
11670,1,2855,
11671,1,2775,
11672,1,3775,
11673,1,2985,
11674,1,3155,
11675,1,3305,
11676,1,3700,
11677,1,2750,
11678,1,3115,
11679,1,2875,
11680,1,3940,
11681,1,3185,
11682,1,2785,
11683,1,2980,
11684,1,3530,
11685,1,2760,
11686,1,3385,
11687,1,3200,
11688,1,2585,
11689,1,3520,
11690,1,2360,
11691,1,2975,
11692,1,3350,
11693,1,26665,
11694,1,3800,
11695,1,2700,
11696,1,3490,
11697,1,2925,
11698,1,3090,
11699,1,3975,
11700,1,3375,
11701,1,2690,
11702,1,3025,
11703,1,2555,
11704,1,2265,
11705,1,2970,
11706,1,3335,
11707,1,3470,
11708,1,2920,
11709,1,3920,
11710,1,2415,
11711,1,2885,
11712,1,2730,
11713,1,3280,
11714,1,3045,
11715,1,4025,
11716,1,2835,
11717,1,2220,
11718,1,3650,
11719,1,2930,
11720,1,2710,
11721,1,2800,
11722,1,2255,
11723,1,2610,
11724,1,2700,
11725,1,3590,
11726,1,3380,
11727,1,3400,
11728,1,2800,
11729,1,3165,
11730,1,2510,
11731,1,2835,
11732,1,3250,
11733,1,3080,
11734,1,2860,
11735,1,3405,
11736,1,0,
11737,1,3075,
11738,1,3535,
11739,1,3015,
11740,1,3035,
11741,1,2655,
11742,1,2695,
11743,1,3191,
11744,1,3130,
11745,1,2475,
11746,1,1730,
11747,1,2635,
11748,1,3405,
11749,1,3530,
11750,1,3440,
11751,1,2765,
11752,1,2820,
11753,1,2945,
11754,1,2720,
11755,1,2845,
11756,1,3350,
11757,1,3595,
11758,1,2910,
11759,1,3150,
11760,1,3040,
11761,1,0,
11762,1,3300,
11763,1,3135,
11764,1,2940,
11765,1,2585,
11766,1,3055,
11767,1,3350,
11768,1,3460,
11769,1,2945,
11770,1,2680,
11771,1,2945,
11772,1,3030,
11773,1,3470,
11774,1,3430,
11775,1,3160,
11776,1,4025,
11777,1,2975,
11778,1,2910,
11779,1,3350,
11780,1,2925,
11781,1,3420,
11782,1,3405,
11783,1,3200,
11784,1,2590,
11785,1,3555,
11786,1,2710,
11787,1,2940,
11788,1,2845,
11789,1,3250,
11790,1,3025,
11791,1,3110,
11792,1,3015,
11793,1,1765,
11794,1,2100,
11795,1,2920,
11796,1,2860,
11797,1,3055,
11798,1,3720,
11799,1,3510,
11800,1,2390,
11801,1,3555,
11802,1,3920,
11803,1,3960,
11804,1,3320,
11805,1,3435,
11806,1,2735,
11807,1,2740,
11808,1,3010,
11809,1,3580,
11810,1,3745,NO
11811,1,2530,
11812,1,3620,
11813,1,3730,
11814,1,3270,
11815,1,1990,
11816,1,3770,
11817,1,3675,
11818,1,3435,
11819,1,3185,
11820,1,0,
11821,1,3425,
11822,1,3665,
11823,1,2560,
11824,1,2830,
11825,1,3465,
11826,1,2805,
11827,1,2960,
11828,1,3320,
11829,1,3125,
11830,1,3305,
11831,1,2600,
11832,1,2855,
11833,1,2995,
11834,1,3605,
11835,1,2750,
11836,1,2626,
11837,1,3205,
11838,1,2820,
11839,1,3275,
11840,1,3145,
11841,1,2585,
11842,1,2230,
11843,1,3245,
11844,1,3165,
11845,1,,
11846,1,3140,
11847,1,1940,
11848,1,3065,
11849,1,3440,
11850,1,3040,
11851,1,3135,
11852,1,2540,
11853,1,2805,
11854,1,1725,
11855,1,2915,
11856,1,2805,
11857,1,3310,
11858,1,3310,
11859,1,3405,
11860,1,1785,
11861,1,0,
11862,1,2460,
11863,1,3075,
11864,1,3920,
11865,1,,
11866,1,3170,
11867,1,3310,
11868,1,2965,
11869,1,3125,
11870,1,3800,
11871,1,3580,
11872,1,3775,
11873,1,3940,
11874,1,2735,
11875,1,2450,
11876,1,2825,
11877,1,3570,
11878,1,3040,
11879,1,3230,
11880,1,3460,
11881,1,3050,
11882,1,2840,
11883,1,2250,
11884,1,2640,
11885,1,3990,
11886,1,3310,
11887,1,2215,
11888,1,3435,
11889,1,3135,
11890,1,2240,
11891,1,2270,
11892,1,3030,
11893,1,3545,
11894,1,3100,
11895,1,3330,
11896,1,3420,
11897,1,2230,
11898,1,2565,
11899,1,1225,
11900,1,2935,
11901,1,3355,
11902,1,2730,
11903,1,3190,
11904,1,3175,
11905,1,3215,
11906,1,3255,
11907,1,3255,
11908,1,4280,
11909,1,3200,
11910,1,3755,
11911,1,2665,
11912,1,2840,
11913,1,2365,
11914,1,3650,
11915,1,3260,
11916,1,3230,
11917,1,1775,
11918,1,2359,
11919,1,2635,
11920,1,3070,
11921,1,3840,
11922,1,3340,
11923,1,2695,
11924,1,2655,
11925,1,2430,
11926,1,3800,
11927,1,3100,
11928,1,2865,
11929,1,3000,
11930,1,2740,
11931,1,3370,
11932,1,2690,
11933,1,3310,
11934,1,3585,
11935,1,3340,
11936,1,3115,
11937,1,3135,
11938,1,2750,
11939,1,2925,
11940,1,3180,
11941,1,3805,
11942,1,3075,NO
11943,1,3885,
11944,1,1540,
11945,1,2155,
11946,1,3435,
11947,1,3280,
11948,1,0,
11949,1,3510,
11950,1,,
11951,1,3230,
11952,1,0,
11953,1,0,
11954,1,2975,
11955,1,3010,
11956,1,3230,
11957,1,3380,
11958,1,2680,
11959,1,3910,
11960,1,2435,
11961,1,3320,
11962,1,3430,
11963,1,2755,
11964,1,3020,NO
11965,1,2295,
11966,1,2585,
11967,1,2815,
11968,1,3125,
11969,1,6135,
11970,1,3170,
11971,1,3175,
11972,1,2780,
11973,1,3170,
11974,1,2730,
11975,1,3510,
11976,1,3040,
11977,1,3550,
11978,1,3140,
11979,1,2070,
11980,1,3475,
11981,1,3325,
11982,1,3030,
11983,1,3510,
11984,1,3625,
11985,1,2585,
11986,1,3350,
11987,1,2425,
11988,1,3185,
11989,1,3475,
11990,1,2735,
11991,1,3055,
11992,1,3280,
11993,1,2830,
11994,1,2700,
11995,1,3075,
11996,1,2040,
11997,1,3725,
11998,1,0,
11999,1,2875,
12000,1,2610,
12001,1,3870,
12002,1,2190,
12003,1,2905,
12004,1,3040,
12005,1,3270,
12006,1,2700,
12007,1,2075,
12008,1,3725,
12009,1,2800,
12010,1,2435,
12011,1,3455,
12012,1,3310,
12013,1,2810,
12014,1,3610,
12015,1,2620,
12016,1,2075,
12017,1,0,
12018,1,3355,
12019,1,2720,
12020,1,3690,
12021,1,3190,
12022,1,1985,
12023,1,2970,
12024,1,2585,
12025,1,3475,
12026,1,2750,
12027,1,2885,
12028,1,3150,
12029,1,2800,
12030,1,2670,
12031,1,2915,
12032,1,4065,
12033,1,,
12033,2,,
12034,1,3255,
12035,1,2750,
12036,1,2970,
12037,1,2400,
12038,1,0,NO
12039,1,1650,
12040,1,3100,
12041,1,2830,
12042,1,3040,
12043,1,2580,
12044,1,3225,
12045,1,3330,
12046,1,3595,
12047,1,3490,
12048,1,2975,
12049,1,2450,
12050,1,3365,
12051,1,3075,
12052,1,3495,
12053,1,2515,
12054,1,3220,
12055,1,3415,
12056,1,0,
12057,1,3410,
12058,1,3140,
12059,1,3190,
12060,1,2135,
12061,1,2800,
12062,1,3505,
12063,1,2710,
12064,1,2890,
12065,1,2195,
12066,1,2725,
12067,1,2955,
12068,1,0,
12069,1,3490,
12070,1,3065,
12071,1,3780,
12072,1,3460,
12073,1,3065,
12074,1,3625,
12075,1,2815,
12076,1,3295,
12077,1,3285,
12078,1,3160,
12079,1,3220,
12080,1,3570,
12081,1,3065,
12082,1,3005,
12083,1,2665,
12084,1,3125,
12085,1,0,
12086,1,2440,
12087,1,2920,
12088,1,3305,
12089,1,3175,
12090,1,3310,
12091,1,3595,
12092,1,2610,
12093,1,2585,
12094,1,3740,
12095,1,3370,
12096,1,3020,
12097,1,3145,
12098,1,2985,
12099,1,1865,
12100,1,4245,
12101,1,2825,
12102,1,4265,
12103,1,3020,
12104,1,3290,
12105,1,2385,
12106,1,3495,
12107,1,2705,
12108,1,3200,
12109,1,3075,
12110,1,2830,
12111,1,2910,
12112,1,3580,
12113,1,2800,
12114,1,3055,
12115,1,2530,
12116,1,3740,
12117,1,3310,
12118,1,2685,
12119,1,,
12120,1,3120,
12121,1,3050,
12122,1,2795,
12123,1,2405,
12124,1,3215,
12125,1,3390,
12126,1,,
12127,1,3180,
12128,1,2980,
12129,1,2745,
12130,1,2800,
12131,1,3345,
12132,1,3310,
12133,1,2605,
12134,1,2720,
12135,1,2670,
12136,1,3275,
12137,1,3250,
12138,1,2940,
12139,1,3075,
12140,1,2980,
12141,1,3175,
12142,1,3050,
12143,1,2970,
12144,1,2945,
12145,1,2805,
12146,1,2715,
12147,1,3235,
12148,1,3655,
12149,1,2675,
12150,1,2735,
12151,1,3075,
12152,1,3550,
12153,1,2020,
12154,1,3515,
12155,1,3410,
12156,1,3110,
12157,1,2690,
12158,1,3150,
12159,1,2790,
12160,1,2800,
12161,1,3280,
12162,1,2395,
12163,1,3935,
12164,1,,
12165,1,2985,
12166,1,2775,
12167,1,3315,
12168,1,3540,
12169,1,2110,
12170,1,2465,
12171,1,,
12172,1,2905,
12173,1,2710,
12174,1,2835,
12175,1,4740,
12176,1,2950,
12177,1,2910,
12178,1,2706,
12179,1,2815,
12180,1,2390,
12181,1,3475,
12182,1,2440,
12183,1,2865,
12184,1,1940,
12185,1,2900,
12186,1,2105,
12187,1,3255,
12188,1,,
12189,1,2610,
12190,1,3915,
12191,1,2785,
12192,1,3230,NO
12193,1,2810,
12194,1,3470,
12195,1,3535,
12196,1,3495,
12197,1,3065,
12198,1,2645,
12199,1,3080,
12200,1,3010,
12201,1,3380,
12202,1,3195,
12203,1,2980,
12204,1,2185,
12205,1,2915,
12206,1,3155,
12207,1,2735,
12208,1,2985,
12209,1,3080,
12210,1,3500,
12211,1,3065,NO
12212,1,2150,
12213,1,3130,
12214,1,2815,
12215,1,3095,
12216,1,2785,
12217,1,2910,
12218,1,3190,
12219,1,2890,
12220,1,2875,
12221,1,3160,
12222,1,2385,
12223,1,3155,
12224,1,2690,
12225,1,2950,
12226,1,3030,
12227,1,3125,
12228,1,3115,
12229,1,3110,
12230,1,2975,
12231,1,2985,
12232,1,3310,
12233,1,2900,
12234,1,3325,
12235,1,3455,
12236,1,2965,
12237,1,2855,
12238,1,2610,
12239,1,2735,
12240,1,2935,
12241,1,3255,
12242,1,2550,
12243,1,2365,
12244,1,3255,
12245,1,3075,
12246,1,3325,
12247,1,3120,
12248,1,2970,
12249,1,2865,
12250,1,2785,
12251,1,3135,
12252,1,3605,
12253,1,3140,
12254,1,3500,
12255,1,3305,
12256,1,3175,
12257,1,2820,
12258,1,0,
12259,1,3158,
12260,1,2695,
12261,1,2780,
12262,1,3115,
12263,1,2675,
12264,1,3120,
12265,1,4000,NO
12266,1,2705,
12267,1,3620,
12268,1,3825,
12269,1,2760,
12270,1,3495,
12271,1,3005,
12272,1,3090,
12273,1,2665,
12274,1,3515,
12275,1,2795,
12276,1,2805,
12277,1,3100,
12278,1,2140,
12279,1,3430,
12280,1,3060,
12281,1,3710,
12282,1,3315,
12283,1,3375,
12284,1,3080,
12285,1,3080,
12286,1,2835,
12287,1,3460,
12288,1,3985,
12289,1,2935,
12290,1,2840,
12291,1,3280,
12292,1,2285,
12293,1,2810,
12294,1,2305,
12295,1,3385,
12296,1,2965,
12297,1,2700,
12298,1,3620,
12299,1,3290,
12300,1,3185,
12301,1,1715,
12302,1,3053,
12303,1,3950,
12304,1,3255,
12305,1,3380,
12306,1,3685,
12307,1,2370,
12308,1,48,
12309,1,3080,
12310,1,3460,
12311,1,3730,
12312,1,3365,
12313,1,3565,
12314,1,2725,
12315,1,3450,
12316,1,3295,
12317,1,2960,
12318,1,3655,
12319,1,3130,
12320,1,2970,
12321,1,2730,
12322,1,3580,
12323,1,3300,
12324,1,2895,
12325,1,2915,NO
12326,1,3640,
12327,1,2325,NO
12328,1,3025,
12329,1,3540,
12330,1,3450,
12331,1,2830,
12332,1,2905,
12333,1,3230,
12334,1,2615,
12335,1,3625,
12336,1,1975,
12337,1,2785,
12338,1,2725,
12339,1,3210,
12340,1,3185,
12341,1,3650,
12342,1,2985,
12343,1,2680,
12344,1,3015,
12345,1,3080,
12346,1,2030,
12347,1,2750,
12348,1,3175,
12349,1,3250,
12350,1,3255,
12351,1,2695,
12352,1,3065,
12353,1,3450,
12354,1,2970,
12355,1,3085,
12356,1,3330,
12357,1,3550,
12358,1,3390,
12359,1,3020,
12360,1,3295,
12361,1,3440,
12362,1,3075,
12363,1,3170,
12364,1,2640,
12365,1,3070,
12366,1,2900,
12367,1,2660,
12368,1,2955,
12369,1,3110,
12370,1,3505,
12371,1,3085,
12372,1,2730,
12373,1,2020,
12374,1,3080,
12375,1,2625,
12376,1,2950,
12377,1,,
12378,1,3275,
12379,1,2905,
12380,1,3430,
12381,1,3685,
12382,1,2875,
12383,1,2875,
12384,1,3300,
12385,1,3230,
12386,1,2955,
12387,1,2810,
12388,1,3950,
12389,1,3437,
12390,1,3525,
12391,1,2740,
12392,1,2725,
12393,1,2515,
12394,1,3475,
12395,1,2580,
12396,1,2125,
12397,1,3635,
12398,1,3160,
12399,1,3200,
12400,1,2430,
12401,1,2825,
12402,1,2980,
12403,1,3265,
12404,1,2280,
12405,1,3325,
12406,1,3340,
12407,1,3384,
12408,1,2260,
12409,1,3270,
12410,1,2860,
12411,1,2895,
12412,1,3040,
12413,1,2585,
12414,1,3220,
12415,1,2050,
12416,1,2935,
12417,1,2740,
12418,1,2695,
12419,1,2960,
12420,1,2940,
12421,1,3530,
12422,1,3310,
12423,1,3085,
12424,1,2515,
12425,1,2825,
12426,1,2680,
12427,1,2235,
12428,1,2895,
12429,1,2837,
12430,1,3185,
12431,1,2005,
12432,1,3585,
12433,1,3670,
12434,1,2660,
12435,1,3540,
12436,1,3270,
12437,1,2290,
12438,1,3735,
12439,1,3265,
12440,1,3435,
12441,1,2625,
12442,1,2245,
12443,1,3990,
12444,1,2890,
12445,1,3970,
12446,1,2285,
12447,1,3975,
12448,1,2435,
12449,1,4250,
12450,1,3495,
12451,1,2985,
12452,1,1395,
12453,1,3950,
12454,1,3065,
12455,1,2940,
12456,1,2470,
12457,1,3275,
12458,1,2740,
12459,1,2205,
12460,1,3275,
12461,1,3700,
12462,1,1695,
12463,1,2430,
12464,1,1895,
12465,1,3330,
12466,1,3300,
12467,1,1585,
12468,1,2980,
12469,1,4480,
12470,1,1525,
12471,1,3070,
12472,1,3000,
12473,1,3065,
12474,1,3140,
12475,1,3590,
12476,1,2765,
12477,1,3065,
12478,1,3095,
12479,1,2930,
12480,1,2795,
12481,1,2780,
12482,1,3145,
12483,1,2615,
12484,1,3040,
12485,1,3270,
12486,1,0,NO
12487,1,2650,
12488,1,2755,
12489,1,3710,
12490,1,3740,
12491,1,2700,
12492,1,2560,
12493,1,3270,
12494,1,2590,
12495,1,3105,
12496,1,2830,
12497,1,3075,
12498,1,2960,
12499,1,3420,
12500,1,3530,
12501,1,3125,
12502,1,2900,
12503,1,3125,
12504,1,,
12504,2,,
12505,1,2865,
12506,1,3385,
12507,1,3590,
12508,1,3545,
12509,1,3140,
12510,1,2575,
12511,1,3225,
12512,1,2965,
12513,1,2735,
12514,1,2885,
12515,1,3400,
12516,1,3520,
12517,1,2220,
12518,1,2725,
12519,1,3880,
12520,1,1975,
12521,1,3025,
12522,1,3095,
12523,1,3720,
12524,1,2965,
12525,1,2870,
12526,1,2910,
12527,1,3040,
12528,1,3655,
12529,1,2650,
12530,1,3270,
12531,1,2900,
12532,1,2315,
12533,1,3310,
12534,1,3520,
12535,1,2545,
12536,1,2740,
12537,1,3230,
12538,1,2880,
12539,1,2700,
12540,1,2065,
12541,1,2745,
12542,1,3310,
12543,1,3080,
12544,1,2740,
12545,1,3280,
12546,1,2575,
12547,1,2990,
12548,1,3140,
12549,1,2560,
12550,1,3510,
12551,1,3120,
12552,1,3075,
12553,1,1505,
12554,1,3875,
12555,1,2870,
12556,1,3185,
12557,1,3705,
12558,1,,
12558,2,,
12559,1,3165,
12560,1,3355,
12561,1,3060,
12562,1,2750,
12563,1,3110,
12564,1,3025,
12565,1,2905,
12566,1,3755,
12567,1,2740,
12568,1,2935,
12569,1,1745,
12570,1,2865,
12571,1,3690,
12572,1,2880,
12573,1,2835,
12574,1,3480,
12575,1,3145,
12576,1,3240,
12577,1,3750,
12578,1,2140,
12579,1,3110,
12580,1,3500,
12581,1,3040,
12582,1,3535,
12583,1,2640,
12584,1,2465,
12585,1,2630,
12586,1,2660,
12587,1,2265,
12588,1,2980,
12589,1,1760,
12590,1,3135,
12591,1,2815,
12592,1,2730,
12593,1,2470,
12594,1,3170,
12595,1,3775,
12596,1,3280,
12597,1,3275,
12598,1,2825,
12599,1,2050,
12600,1,3135,
12601,1,3495,
12602,1,3550,
12603,1,2210,
12604,1,3100,
12605,1,2960,
12606,1,3500,
12607,1,2765,
12608,1,2895,
12609,1,2895,
12610,1,2375,
12611,1,2795,
12612,1,3510,
12613,1,3715,
12614,1,3070,
12615,1,3720,
12616,1,2585,
12617,1,4210,
12618,1,3480,
12619,1,3150,
12620,1,2580,
12621,1,3190,
12622,1,2945,NO
12623,1,2365,
12624,1,2325,
12625,1,2840,NO
12626,1,3460,
12627,1,3910,
12628,1,3210,
12629,1,3085,
12630,1,3700,
12631,1,2850,
12632,1,2810,
12633,1,33,
12634,1,2305,
12635,1,2530,
12636,1,2780,
12637,1,3490,
12638,1,3405,
12639,1,3435,
12640,1,2750,
12641,1,3200,
12642,1,855,
12643,1,1500,
12644,1,2830,
12645,1,2780,
12646,1,3300,
12647,1,2905,
12648,1,3245,
12649,1,3275,
12650,1,2930,
12651,1,3435,
12652,1,3065,
12653,1,3515,
12654,1,3015,
12655,1,1410,
12656,1,3480,
12657,1,2815,
12658,1,3105,
12659,1,2930,
12660,1,2965,
12661,1,2555,
12662,1,2830,
12663,1,3130,
12664,1,3305,
12665,1,2790,
12666,1,3350,
12667,1,3290,
12668,1,2635,
12669,1,3020,
12670,1,4280,
12671,1,3560,
12672,1,2805,
12673,1,3320,
12674,1,3145,
12675,1,3035,
12676,1,3460,
12677,1,3240,
12678,1,2595,
12679,1,3380,
12680,1,2690,
12681,1,3110,
12682,1,3085,
12683,1,3290,
12684,1,3785,
12685,1,3715,
12686,1,3025,
12687,1,3065,
12688,1,2675,
12689,1,2350,
12690,1,3080,
12691,1,2650,
12692,1,3220,
12693,1,3005,
12694,1,3140,
12695,1,2770,
12696,1,2700,
12697,1,2720,
12698,1,3030,
12699,1,3330,
12700,1,2355,NO
12701,1,1900,
12702,1,3210,
12703,1,2735,
12704,1,2940,
12705,1,2575,
12706,1,3495,
12707,1,2650,
12708,1,3175,
12709,1,3025,
12710,1,2665,
12711,1,3020,
12712,1,3905,
12713,1,3590,
12714,1,3250,
12715,1,2580,
12716,1,3910,
12717,1,3071,
12718,1,3405,
12719,1,2270,
12720,1,3275,
12721,1,3215,
12722,1,2470,
12723,1,3275,
12724,1,2935,
12725,1,3150,
12726,1,3035,
12727,1,2620,
12728,1,3420,
12729,1,3150,
12730,1,3530,
12731,1,3785,
12732,1,2910,
12733,1,3200,
12734,1,3960,
12735,1,3040,
12736,1,3455,
12737,1,2345,
12738,1,4230,
12739,1,2820,
12740,1,3955,
12741,1,2245,
12742,1,2975,
12743,1,2705,
12744,1,2725,
12745,1,3465,
12746,1,2880,
12747,1,2520,
12748,1,3215,
12749,1,2290,
12750,1,3350,
12751,1,2945,
12752,1,2500,
12753,1,2265,
12754,1,3290,
12755,1,2390,
12756,1,2320,
12757,1,2600,
12758,1,3160,
12759,1,2955,
12760,1,3015,
12761,1,3090,
12762,1,3560,
12763,1,3060,
12764,1,4100,
12765,1,3185,
12766,1,3300,
12767,1,3200,
12768,1,3960,
12769,1,3090,
12770,1,3395,
12771,1,3175,
12772,1,3565,
12773,1,2820,
12774,1,2675,
12775,1,3150,
12776,1,3730,
12777,1,3875,
12778,1,3615,
12779,1,2980,
12780,1,3530,
12781,1,2455,
12782,1,3090,
12783,1,1790,
12784,1,3240,
12785,1,2755,
12786,1,2770,
12787,1,2530,NO
12788,1,2910,
12789,1,3305,
12790,1,3125,
12791,1,3410,
12792,1,3050,
12793,1,2655,NO
12794,1,3475,
12795,1,3895,
12796,1,3630,
12797,1,3070,
12798,1,3710,
12799,1,2480,
12800,1,2660,
12801,1,3255,
12802,1,0,
12803,1,2615,
12804,1,3430,NO
12805,1,3440,
12806,1,2830,
12807,1,2995,
12808,1,2710,
12809,1,3125,
12810,1,4040,NO
12811,1,2840,
12812,1,2370,
12813,1,2330,
12814,1,3020,
12815,1,3085,
12816,1,2740,
12817,1,3780,
12818,1,2840,
12819,1,3655,
12820,1,3410,
12821,1,2640,NO
12822,1,2870,
12823,1,1985,
12824,1,3255,
12825,1,3275,
12826,1,3495,
12827,1,2125,
12828,1,4180,
12829,1,3015,
12830,1,2650,
12831,1,3755,
12832,1,3160,
12833,1,2640,
12834,1,3500,
12835,1,3480,
12836,1,2660,
12837,1,4140,
12838,1,3120,
12839,1,2985,
12840,1,3055,
12841,1,2315,
12842,1,3060,
12843,1,3245,
12844,1,2595,
12845,1,2360,
12846,1,3050,
12847,1,3640,
12848,1,3250,
12849,1,3515,
12850,1,3130,
12851,1,2880,NO
12852,1,2595,
12853,1,2185,
12854,1,3130,
12855,1,3155,
12856,1,3120,
12857,1,2985,
12858,1,2605,
12859,1,3365,
12860,1,2220,
12861,1,3660,
12862,1,3570,
12863,1,3315,
12864,1,2870,
12865,1,3750,
12866,1,3110,
12867,1,3135,
12868,1,3587,
12869,1,3225,
12870,1,0,
12871,1,3155,
12872,1,3010,
12873,1,3010,
12874,1,3115,
12875,1,3065,
12876,1,2800,
12877,1,1310,
12878,1,2765,
12879,1,3505,
12880,1,2805,
12881,1,2705,
12882,1,3530,
12883,1,3170,
12884,1,2505,
12885,1,2980,
12886,1,3950,
12887,1,2620,
12888,1,2095,
12889,1,2570,
12890,1,3210,
12891,1,2975,
12892,1,3120,
12893,1,3510,
12894,1,2770,
12895,1,2940,
12896,1,2880,
12897,1,3300,
12898,1,3075,
12899,1,2700,
12900,1,3035,
12901,1,3260,
12902,1,2835,
12903,1,2830,
12904,1,2935,
12905,1,3840,
12906,1,1760,
12907,1,2840,
12908,1,3015,
12909,1,3080,
12910,1,3320,
12911,1,2805,
12912,1,2965,
12913,1,2990,
12914,1,3470,
12915,1,3165,
12916,1,2790,
12917,1,2900,
12918,1,2975,
12919,1,3810,
12920,1,2940,
12921,1,3335,
12922,1,3210,
12923,1,3200,NO
12924,1,,
12924,2,,
12925,1,2830,
12926,1,2930,
12927,1,2870,
12928,1,3935,
12929,1,3160,
12930,1,3130,
12931,1,1950,
12932,1,2350,
12933,1,2682,
12934,1,3800,
12935,1,2930,
12936,1,2850,
12937,1,3785,
12938,1,2865,
12939,1,3220,
12940,1,2875,
12941,1,3440,
12942,1,2975,
12943,1,2585,
12944,1,3830,
12945,1,3045,
12946,1,3080,
12947,1,3250,
12948,1,3160,
12949,1,3590,
12950,1,2565,
12951,1,4130,
12952,1,3020,
12953,1,2730,
12954,1,3750,
12955,1,3610,
12956,1,3020,
12957,1,3725,
12958,1,3060,
12959,1,2410,NO
12960,1,3185,
12961,1,3270,
12962,1,3165,
12963,1,2640,
12964,1,2995,
12965,1,3090,
12966,1,2440,
12967,1,2600,
12968,1,3535,
12969,1,3760,
12970,1,3230,
12971,1,3495,
12972,1,2495,
12973,1,2120,
12974,1,3000,
12975,1,2950,
12976,1,3000,
12977,1,1860,
12978,1,3570,
12979,1,3340,
12980,1,2900,
12981,1,3650,
12982,1,3130,
12983,1,2427,
12984,1,2175,
12985,1,3020,NO
12986,1,0,
12987,1,3560,
12988,1,2910,
12989,1,2840,
12990,1,3355,
12991,1,3500,
12992,1,2995,
12993,1,3730,
12994,1,2950,
12995,1,2610,
12996,1,3160,
12997,1,3410,
12998,1,0,
12999,1,2470,
13000,1,3515,
13001,1,3470,
13002,1,2690,
13003,1,3290,
13004,1,2800,
13005,1,2930,
13006,1,2650,
13007,1,2810,
13008,1,3300,
13009,1,2690,
13010,1,0,
13011,1,3295,
13012,1,3665,
13013,1,2575,
13014,1,3405,
13015,1,3840,
13016,1,3145,
13017,1,3260,
13018,1,2680,
13019,1,3105,
13020,1,3860,
13021,1,3055,
13022,1,1160,
13023,1,3530,
13024,1,3035,
13025,1,,
13026,1,2885,
13027,1,3260,
13028,1,,
13029,1,3115,
13030,1,3755,
13031,1,1375,
13032,1,2120,
13033,1,3200,
13034,1,3320,
13035,1,4800,
13036,1,3090,
13037,1,3490,
13038,1,3740,NO
13039,1,3275,
13040,1,3100,
13041,1,3030,
13042,1,2445,
13043,1,3275,
13044,1,3260,
13045,1,2845,
13046,1,3885,
13047,1,2825,
13048,1,3125,
13049,1,2430,
13050,1,3505,
13051,1,2835,
13052,1,3100,
13053,1,,
13054,1,2705,
13055,1,2205,
13056,1,3250,
13057,1,2610,
13058,1,2400,
13059,1,,
13060,1,3615,
13061,1,3015,
13062,1,,
13063,1,3040,
13064,1,3050,
13065,1,3275,
13066,1,2770,
13067,1,3180,
13068,1,,
13068,2,,
13069,1,3110,
13070,1,2790,
13071,1,3050,
13072,1,3555,
13073,1,3265,
13074,1,3185,
13075,1,3620,
13076,1,2365,
13077,1,3795,
13078,1,3215,
13079,1,3060,
13080,1,3430,
13081,1,2600,
13082,1,3583,
13083,1,3025,
13084,1,2955,
13085,1,3075,
13086,1,3870,
13087,1,3035,
13088,1,3245,
13089,1,0,
13090,1,3310,
13091,1,1485,
13092,1,3065,
13093,1,3195,
13094,1,3405,
13095,1,3320,
13096,1,2785,
13097,1,3015,
13098,1,2365,
13099,1,2730,
13100,1,2180,
13101,1,2795,
13102,1,3245,
13103,1,3180,
13104,1,3415,
13105,1,3440,
13106,1,3115,
13107,1,2890,
13108,1,3050,
13109,1,3535,NO
13110,1,3095,
13111,1,3095,NO
13112,1,2540,
13113,1,2560,
13114,1,2630,
13115,1,2490,
13116,1,,
13117,1,2540,
13118,1,2880,
13119,1,2790,
13120,1,2900,
13121,1,2300,
13122,1,2970,
13123,1,3265,
13124,1,3020,
13125,1,3110,
13126,1,3595,
13127,1,2900,
13128,1,2870,
13129,1,3155,
13130,1,3750,
13131,1,2785,
13132,1,3070,
13133,1,2665,
13134,1,3435,
13135,1,3655,
13136,1,3280,
13137,1,2910,
13138,1,3430,
13139,1,2210,
13140,1,2710,
13141,1,,
13142,1,2520,
13143,1,2870,
13144,1,2583,
13145,1,2820,
13146,1,2445,
13147,1,2895,
13148,1,3590,
13149,1,3150,
13150,1,2850,
13151,1,2975,
13152,1,2755,
13153,1,3075,
13154,1,3585,
13155,1,3580,
13156,1,2960,
13157,1,2985,
13158,1,,
13159,1,2060,
13160,1,,
13161,1,2715,
13162,1,3450,
13163,1,3360,
13164,1,2440,
13165,1,3070,
13166,1,2875,
13167,1,3940,
13168,1,3480,
13169,1,3230,
13170,1,2790,
13171,1,3120,
13172,1,2750,
13173,1,2725,
13174,1,2625,
13175,1,2785,
13176,1,3540,
13177,1,3590,
13178,1,2405,
13179,1,2450,
13180,1,3140,
13181,1,2060,
13182,1,3005,
13183,1,2585,
13184,1,2785,
13185,1,2990,
13186,1,2585,
13187,1,,
13188,1,3845,
13189,1,2050,
13190,1,2570,
13191,1,2895,
13192,1,3635,
13193,1,2530,
13194,1,2130,
13195,1,2780,
13196,1,2940,
13197,1,3300,
13198,1,3630,
13199,1,3595,
13200,1,3485,
13201,1,3325,
13202,1,3515,
13203,1,3255,
13204,1,2810,
13205,1,2790,
13206,1,,
13207,1,2180,
13208,1,3065,
13209,1,2135,
13210,1,2925,
13211,1,2825,
13212,1,2335,
13213,1,2925,
13214,1,2900,
13215,1,3135,
13216,1,3600,
13217,1,3385,
13218,1,0,
13219,1,2955,
13220,1,2240,
13221,1,4010,
13222,1,3415,
13223,1,3765,
13224,1,3470,
13225,1,705,
13226,1,3055,
13227,1,2515,
13228,1,3150,
13229,1,3160,
13230,1,3120,
13231,1,3140,
13232,1,2825,
13233,1,2870,
13234,1,3090,
13235,1,,
13236,1,2755,
13237,1,2910,
13238,1,2050,
13239,1,3460,
13240,1,,
13241,1,2795,
13242,1,2715,
13243,1,3475,NO
13244,1,3095,
13245,1,3218,
13246,1,2750,
13247,1,,
13248,1,3545,
13249,1,3225,
13250,1,2875,
13251,1,2700,
13252,1,,
13253,1,2685,
13254,1,2690,
13255,1,2890,
13256,1,2760,
13257,1,3600,
13258,1,3820,
13259,1,2420,
13260,1,3030,
13261,1,2820,
13262,1,3255,
13263,1,3275,
13264,1,,
13265,1,2320,
13266,1,3015,
13267,1,2988,
13268,1,3165,
13269,1,2850,
13270,1,2910,
13271,1,3165,
13272,1,2520,
13273,1,3185,
13274,1,3075,
13275,1,3160,
13276,1,2655,
13277,1,3050,
13278,1,3135,
13279,1,3900,
13280,1,3750,
13281,1,4030,
13282,1,3110,
13283,1,3020,
13284,1,3240,
13285,1,32,
13286,1,,
13287,1,2920,
13288,1,4185,
13289,1,2970,
13290,1,3625,
13291,1,2740,
13292,1,3180,
13293,1,3254,
13294,1,2635,
13295,1,2690,
13296,1,2520,
13297,1,3365,
13298,1,3340,
13299,1,3410,
13300,1,3205,
13301,1,3020,
13302,1,2600,
13303,1,2110,
13304,1,,
13305,1,3280,
13306,1,3235,
13307,1,3265,
13308,1,4070,
13309,1,,
13310,1,2860,
13311,1,3040,
13312,1,3180,
13313,1,3180,
13314,1,2870,
13315,1,2890,
13316,1,2525,
13317,1,2810,
13318,1,3935,NO
13319,1,2845,
13320,1,2815,
13321,1,35550,
13322,1,2940,NO
13323,1,3030,
13324,1,2800,
13325,1,3500,
13326,1,3685,
13327,1,2945,
13328,1,2009,
13329,1,2290,
13330,1,3115,
13331,1,2870,
13332,1,2785,
13333,1,2950,
13334,1,2525,
13335,1,2985,
13336,1,3100,
13337,1,,
13338,1,2830,
13339,1,2320,
13340,1,2260,
13341,1,2725,
13342,1,2900,
13343,1,3250,
13344,1,2700,
13345,1,2640,
13346,1,3025,
13347,1,3695,
13348,1,2975,
13349,1,3570,
13350,1,1920,
13351,1,3129,
13352,1,,
13353,1,2635,
13354,1,3385,
13355,1,3090,
13356,1,2690,
13357,1,3200,
13358,1,2740,
13359,1,2880,
13360,1,2420,
13361,1,1420,
13362,1,2910,
13363,1,3210,
13364,1,2715,
13365,1,2850,
13366,1,3340,
13367,1,2770,
13368,1,,
13369,1,2890,
13370,1,2800,
13371,1,2840,
13372,1,2625,
13373,1,3765,
13374,1,2915,
13375,1,1830,
13376,1,2890,
13377,1,3385,
13378,1,2870,
13379,1,3035,
13380,1,3595,
13381,1,3555,
13382,1,2790,
13383,1,3040,
13384,1,3415,
13385,1,,
13386,1,3255,
13387,1,3405,
13388,1,3060,
13389,1,3195,
13390,1,3155,
13391,1,2360,
13392,1,1985,
13393,1,3550,
13394,1,4475,
13395,1,3030,
13396,1,2820,
13397,1,3350,
13398,1,3370,
13399,1,3110,
13400,1,2540,
13401,1,,
13402,1,3440,
13403,1,3680,
13404,1,3280,
13405,1,2700,
13406,1,2625,
13407,1,3295,
13408,1,2865,
13409,1,3487,
13410,1,2990,
13411,1,2875,
13412,1,3340,
13413,1,3350,
13414,1,3295,
13415,1,3085,
13416,1,2255,
13417,1,3120,
13418,1,2990,
13419,1,3898,
13420,1,2345,
13421,1,3190,
13422,1,3505,
13423,1,3335,
13424,1,1010,
13425,1,3905,
13426,1,3695,
13427,1,3690,
13428,1,3490,
13429,1,3020,
13430,1,3085,
13431,1,,
13432,1,2155,
13433,1,27000,
13434,1,3380,
13435,1,3325,
13436,1,2940,
13437,1,3675,
13438,1,2670,
13439,1,3050,
13440,1,2335,
13441,1,2970,
13442,1,3845,
13443,1,3520,
13444,1,2965,
13445,1,3890,
13446,1,3085,
13447,1,3085,
13448,1,3125,
13449,1,3020,
13450,1,1950,
13451,1,3500,
13452,1,3180,
13453,1,2550,
13454,1,3115,
13455,1,2425,
13456,1,,
13456,2,,
13457,1,,
13458,1,2775,
13459,1,,
13460,1,2505,
13461,1,3490,
13462,1,2540,
13463,1,2570,
13464,1,2825,
13465,1,2690,
13466,1,3135,
13467,1,2965,
13468,1,2970,
13469,1,3135,
13470,1,3370,
13471,1,2400,
13472,1,2705,
13473,1,2355,
13474,1,3573,
13475,1,0,
13476,1,3095,
13477,1,3100,
13478,1,3150,
13479,1,3070,
13480,1,3240,
13481,1,2855,
13482,1,3315,
13483,1,3305,
13484,1,4270,
13485,1,4170,
13486,1,2280,
13487,1,3950,
13488,1,2550,
13489,1,3480,
13490,1,2580,
13491,1,2910,
13492,1,3335,
13493,1,,
13494,1,2945,
13495,1,,
13496,1,2895,
13497,1,3430,
13498,1,3075,
13499,1,3185,
13500,1,2545,
13501,1,3775,
13502,1,2670,
13503,1,2855,
13504,1,,
13505,1,1990,
13506,1,2495,
13507,1,3205,
13508,1,1460,
13509,1,3040,
13510,1,3960,
13511,1,3050,
13512,1,2970,
13513,1,2550,
13514,1,2850,
13515,1,3010,
13516,1,3070,
13517,1,2890,
13518,1,2330,
13519,1,3355,
13520,1,3200,
13521,1,2580,
13522,1,2510,
13523,1,3200,
13524,1,3045,
13525,1,2730,
13526,1,2460,
13527,1,2475,
13528,1,1580,
13529,1,,
13530,1,2995,
13531,1,2105,
13532,1,3105,
13533,1,3005,
13534,1,2455,
13535,1,3065,
13536,1,,
13537,1,3485,
13538,1,3005,
13539,1,2700,
13540,1,2780,
13541,1,2200,
13542,1,2780,
13543,1,3355,
13544,1,3380,
13545,1,266,
13546,1,3350,
13547,1,3265,
13548,1,2890,
13549,1,3640,
13550,1,3240,
13551,1,3220,
13552,1,2055,
13553,1,2750,
13554,1,3090,
13555,1,3095,
13556,1,3345,
13557,1,2655,
13558,1,4070,
13559,1,2905,
13560,1,2915,
13561,1,,
13562,1,3745,
13563,1,3145,
13564,1,,
13565,1,3475,
13566,1,3275,
13567,1,3025,
13568,1,3410,
13569,1,3265,
13570,1,2810,
13571,1,2670,
13572,1,1695,
13573,1,3790,
13574,1,3270,
13575,1,3175,
13576,1,3525,
13577,1,3700,
13578,1,3135,
13579,1,2345,
13580,1,3098,
13581,1,4125,
13582,1,2830,
13583,1,3225,
13584,1,3190,
13585,1,3840,
13586,1,3160,
13587,1,2605,
13588,1,2410,
13589,1,2690,
13590,1,3155,
13591,1,3680,
13592,1,3730,
13593,1,3260,
13594,1,2835,
13595,1,3180,
13596,1,2950,
13597,1,2000,
13598,1,3030,
13599,1,2805,
13600,1,3815,
13601,1,2760,
13602,1,3135,
13603,1,3460,
13604,1,3260,
13605,1,2855,
13606,1,3440,
13607,1,3010,
13608,1,2985,
13609,1,3225,
13610,1,3510,
13611,1,2920,
13612,1,2730,
13613,1,2250,
13614,1,3250,
13615,1,3260,
13616,1,3115,
13617,1,3425,
13618,1,3420,
13619,1,2175,
13620,1,2710,
13621,1,2355,
13622,1,2750,
13623,1,2975,
13624,1,3140,NO
13625,1,2870,
13626,1,2895,
13627,1,3925,
13628,1,3470,
13629,1,3120,
13630,1,2830,
13631,1,3925,
13632,1,3905,
13633,1,3690,
13634,1,3025,
13635,1,3380,
13636,1,2560,
13637,1,3225,
13638,1,3220,
13639,1,3155,
13640,1,3060,
13641,1,2265,
13642,1,3465,
13643,1,3195,
13644,1,,
13645,1,3515,
13646,1,765,
13647,1,3740,
13648,1,3445,
13649,1,3505,
13650,1,4510,
13651,1,3300,
13652,1,2760,
13653,1,2490,
13654,1,2430,
13655,1,3100,
13656,1,2810,
13657,1,3825,
13658,1,2900,
13659,1,3550,
13660,1,2920,
13661,1,2570,
13662,1,2745,
13663,1,3045,
13664,1,3175,
13665,1,3130,
13666,1,3170,
13667,1,2760,
13668,1,3050,
13669,1,3095,
13670,1,3250,
13671,1,3940,
13672,1,2500,
13673,1,3160,
13674,1,2860,
13675,1,3045,NO
13676,1,3100,
13677,1,2335,
13678,1,2850,
13679,1,2860,
13680,1,3190,
13681,1,3360,
13682,1,3160,
13683,1,3630,
13684,1,3070,
13685,1,2780,
13686,1,3685,
13687,1,1420,
13688,1,2015,
13689,1,2905,
13690,1,3020,
13691,1,2795,
13692,1,3280,
13693,1,2925,
13694,1,3095,
13695,1,3065,
13696,1,3040,
13697,1,2780,
13698,1,3380,
13699,1,2895,
13700,1,3005,
13701,1,2860,
13702,1,3220,
13703,1,3200,
13704,1,3480,
13705,1,1950,
13706,1,2845,
13707,1,2920,
13708,1,3230,
13709,1,2615,
13710,1,3390,
13711,1,3200,
13712,1,3125,
13713,1,3025,
13714,1,2725,
13715,1,2745,
13716,1,3740,
13717,1,1850,
13718,1,2860,
13719,1,3325,
13720,1,3255,
13721,1,3380,
13722,1,3370,
13723,1,3130,
13724,1,3420,
13725,1,3935,
13726,1,2690,
13727,1,3045,
13728,1,2495,
13729,1,2790,
13730,1,2850,
13731,1,2630,
13732,1,2220,
13733,1,3570,
13734,1,2750,
13735,1,2295,
13736,1,3125,
13737,1,2645,
13738,1,3345,
13739,1,3205,
13740,1,3155,
13741,1,2425,
13742,1,3450,
13743,1,2670,
13744,1,3005,
13745,1,3450,
13746,1,2825,
13747,1,3720,
13748,1,2870,
13749,1,,
13750,1,2760,
13751,1,3050,
13752,1,2990,
13753,1,3100,
13754,1,3685,
13755,1,3835,
13756,1,3280,
13757,1,2850,
13758,1,3350,
13759,1,3525,
13760,1,3225,
13761,1,2585,
13762,1,2605,
13763,1,2495,
13764,1,1955,
13765,1,1970,
13766,1,3530,
13767,1,2910,
13768,1,2395,
13769,1,,
13770,1,1130,
13771,1,2860,
13772,1,2175,
13773,1,3185,
13774,1,3470,
13775,1,1910,
13776,1,2660,
13777,1,665,NO
13778,1,3375,
13779,1,3520,
13780,1,2465,
13781,1,3540,
13782,1,2595,
13783,1,3045,
13784,1,3380,
13785,1,3145,
13786,1,3400,
13787,1,2840,
13788,1,2705,
13789,1,3635,
13790,1,2790,
13791,1,4265,
13792,1,3400,
13793,1,2990,
13794,1,3070,
13795,1,2335,
13796,1,2510,
13797,1,3390,
13798,1,2940,
13799,1,3125,
13800,1,3520,
13801,1,3815,
13802,1,3535,
13803,1,3505,
13804,1,2735,
13805,1,2980,
13806,1,3815,
13807,1,3620,
13808,1,3230,
13809,1,3285,
13810,1,3320,
13811,1,3375,
13812,1,3255,
13813,1,2790,NO
13814,1,3700,
13815,1,2480,
13816,1,2265,
13817,1,3135,
13818,1,2925,
13819,1,3380,
13820,1,2170,
13821,1,32710,
13822,1,3375,
13823,1,,
13824,1,2565,
13825,1,3595,
13826,1,3035,
13827,1,3510,
13828,1,2885,
13829,1,2815,
13830,1,2840,
13831,1,2945,
13832,1,2835,
13833,1,2700,
13834,1,2210,
13835,1,3360,
13836,1,3835,
13837,1,545,
13838,1,2850,
13839,1,2255,
13840,1,3060,
13841,1,3250,
13842,1,2545,
13843,1,2700,
13844,1,3345,
13845,1,3275,
13846,1,3500,
13847,1,3230,
13848,1,2475,
13849,1,3110,
13850,1,3295,
13851,1,3115,
13852,1,3510,
13853,1,2815,
13854,1,2615,
13855,1,2680,
13856,1,2890,
13857,1,2775,
13858,1,2520,
13859,1,3850,
13860,1,3580,
13861,1,3055,
13862,1,3425,
13863,1,2510,
13864,1,3675,
13865,1,3595,
13866,1,3065,
13867,1,3365,
13868,1,2705,
13869,1,2410,
13870,1,,
13871,1,2260,
13872,1,3155,
13873,1,3530,
13874,1,3335,
13875,1,3215,
13876,1,3505,
13877,1,2835,
13878,1,3140,
13879,1,3515,
13880,1,3625,
13881,1,3295,
13882,1,3110,
13883,1,2930,
13884,1,2720,
13885,1,2730,
13886,1,3055,
13887,1,3195,
13888,1,2910,
13889,1,2835,
13890,1,3025,
13891,1,3525,
13892,1,3880,
13893,1,3840,
13894,1,3100,
13895,1,2935,
13896,1,2750,
13897,1,3110,
13898,1,3010,
13899,1,3195,
13900,1,3130,
13901,1,3485,
13902,1,2775,
13903,1,4050,
13904,1,2305,
13905,1,3235,
13906,1,2810,
13907,1,2280,
13908,1,3280,
13909,1,3240,
13910,1,3475,
13911,1,2910,
13912,1,3175,
13913,1,2785,
13914,1,2660,
13915,1,3230,
13916,1,3670,
13917,1,2610,
13918,1,3320,
13919,1,3440,
13920,1,2810,
13921,1,2960,
13922,1,1715,
13923,1,3555,
13924,1,3560,
13925,1,3625,
13926,1,2815,
13927,1,3040,
13928,1,3075,
13929,1,2510,NO
13930,1,2560,
13931,1,2790,
13932,1,2973,
13933,1,3365,
13934,1,3950,
13935,1,3675,
13936,1,2820,
13937,1,3160,
13938,1,890,
13939,1,2580,
13940,1,3535,
13941,1,2425,
13942,1,2925,
13943,1,3760,
13944,1,3005,
13945,1,3220,
13946,1,2680,
13947,1,3310,
13948,1,3140,
13949,1,3250,
13950,1,2390,
13951,1,2600,
13952,1,2455,
13953,1,3680,
13954,1,2135,
13955,1,2520,
13956,1,3525,
13957,1,3700,
13958,1,2740,
13959,1,2680,
13960,1,1865,
13961,1,2555,
13962,1,1065,
13963,1,2795,
13964,1,3630,
13965,1,2530,
13966,1,3225,
13967,1,3775,
13968,1,2830,
13969,1,3625,
13970,1,2890,
13971,1,3250,
13972,1,3010,
13973,1,,
13973,2,,
13974,1,2770,
13975,1,3375,
13976,1,2810,
13977,1,3385,
13978,1,3360,
13979,1,2860,
13980,1,2645,
13981,1,3400,
13982,1,3355,
13983,1,2800,
13984,1,3500,
13985,1,3275,
13986,1,3096,
13987,1,3500,
13988,1,3550,
13989,1,3190,
13990,1,3255,
13991,1,2810,
13992,1,3375,
13993,1,2935,
13994,1,3280,
13995,1,2920,
13996,1,3220,
13997,1,4130,
13998,1,2570,
13999,1,3495,
14000,1,2790,
14001,1,2800,
14002,1,3425,
14003,1,3900,
14004,1,2945,
14005,1,2470,
14006,1,2570,
14007,1,3485,
14008,1,4060,
14009,1,3220,
14010,1,3775,
14011,1,3515,
14012,1,3600,
14013,1,3795,
14014,1,2780,
14015,1,2730,
14016,1,2920,
14017,1,1930,
14018,1,3835,
14019,1,2825,
14020,1,3225,
14021,1,3380,
14022,1,2725,
14023,1,3220,
14024,1,2930,
14025,1,3860,
14026,1,530,
14027,1,3035,
14028,1,2850,
14029,1,3430,
14030,1,2610,
14031,1,3855,
14032,1,3290,
14033,1,3555,
14034,1,2370,
14035,1,3060,
14036,1,3500,
14037,1,3080,NO
14038,1,3345,
14039,1,2740,
14040,1,2230,
14041,1,2820,
14042,1,2850,
14043,1,3425,
14044,1,2130,
14045,1,3090,
14046,1,3905,
14047,1,2295,
14048,1,2710,
14049,1,3100,
14050,1,3040,
14051,1,3175,
14052,1,3265,
14053,1,3595,
14054,1,3050,
14055,1,4045,
14056,1,2510,
14057,1,2715,
14058,1,2900,
14059,1,2500,
14060,1,3530,
14061,1,2320,
14062,1,3350,
14063,1,2900,
14064,1,2475,
14065,1,3240,
14066,1,2330,
14067,1,2335,
14067,2,2565,
14068,1,3335,
14069,1,2745,
14070,1,3090,
14071,1,2515,
14072,1,3050,
14073,1,2670,
14074,1,3325,NO
14075,1,2130,
14076,1,2200,
14077,1,3380,
14078,1,3260,
14079,1,3015,
14080,1,3270,
14081,1,2580,
14082,1,3430,
14083,1,2980,
14084,1,3085,
14085,1,3965,
14086,1,2785,
14087,1,3055,
14088,1,2875,
14089,1,3625,
14090,1,3110,
14091,1,3840,
14092,1,3050,
14093,1,3300,
14094,1,3150,
14095,1,3010,
14096,1,2815,
14097,1,3350,
14098,1,3670,
14099,1,3485,
14100,1,3420,
14101,1,2510,
14102,1,2805,
14103,1,3400,
14104,1,2786,
14105,1,2700,
14106,1,3205,
14107,1,3790,
14108,1,3080,
14109,1,2420,
14110,1,3260,
14111,1,2350,
14112,1,2655,
14113,1,3685,
14114,1,3310,
14115,1,2845,
14116,1,3160,
14117,1,3605,
14118,1,2710,
14119,1,3700,
14120,1,3565,
14121,1,2915,
14122,1,2785,
14123,1,2785,
14124,1,3280,
14125,1,2920,
14126,1,3025,
14127,1,3895,
14128,1,2225,
14129,1,3745,
14130,1,3230,
14131,1,2975,
14132,1,3170,
14133,1,3990,
14134,1,3320,
14135,1,2715,
14136,1,3335,
14137,1,2960,
14138,1,3265,
14139,1,2535,
14140,1,3140,
14141,1,2885,
14142,1,3215,
14143,1,3100,
14144,1,3395,NO
14145,1,3220,
14146,1,2965,
14147,1,3640,
14148,1,3130,
14149,1,3380,
14150,1,3145,
14151,1,3390,
14152,1,2925,
14153,1,3910,
14154,1,3105,
14155,1,2315,
14156,1,2970,
14157,1,1725,
14158,1,3181,
14159,1,3195,
14160,1,3750,
14161,1,2940,
14162,1,2415,
14163,1,3350,
14164,1,2955,
14165,1,2675,
14166,1,4380,
14167,1,3080,
14168,1,1905,
14169,1,2515,
14170,1,2545,
14171,1,3185,
14172,1,2900,
14173,1,2335,
14174,1,2890,
14175,1,2980,NO
14176,1,2510,
14177,1,4080,
14178,1,2755,
14179,1,3000,
14180,1,2665,
14181,1,3160,
14182,1,2250,
14183,1,2960,
14184,1,2405,
14185,1,3205,
14186,1,2655,
14187,1,3400,
14188,1,1655,
14189,1,2465,
14190,1,3230,
14191,1,2685,
14192,1,2305,
14193,1,3130,
14194,1,2705,
14195,1,3145,
14196,1,2390,
14197,1,2930,
14198,1,3215,
14199,1,3295,
14200,1,2985,
14201,1,2050,
14202,1,2820,
14203,1,2355,
14204,1,3180,
14205,1,3010,
14206,1,2900,
14207,1,4030,
14208,1,3495,
14209,1,3030,
14210,1,3125,
14211,1,2455,
14212,1,2795,
14213,1,2630,
14214,1,3360,
14215,1,3290,
14216,1,3285,
14217,1,2265,
14218,1,3003,
14219,1,2585,
14220,1,3500,
14221,1,2680,
14222,1,3220,
14223,1,2760,
14224,1,2945,
14225,1,2170,
14225,2,2520,
14226,1,2670,
14227,1,3100,
14228,1,3000,
14229,1,3130,
14230,1,2440,
14231,1,3345,
14232,1,3345,
14233,1,2350,
14234,1,2695,
14235,1,3160,
14236,1,2720,
14237,1,3480,
14238,1,2960,
14239,1,3440,
14240,1,3620,
14241,1,3320,
14242,1,2900,
14243,1,3155,
14244,1,3785,
14245,1,3000,
14246,1,3250,
14247,1,1920,
14248,1,3220,NO
14249,1,3400,
14250,1,3160,
14251,1,3130,
14252,1,3500,
14253,1,2580,
14254,1,2850,
14255,1,2460,
14256,1,2645,
14257,1,3140,
14258,1,2975,
14259,1,2315,
14260,1,3220,
14261,1,2670,
14262,1,3530,
14263,1,3900,
14264,1,2835,
14265,1,3230,
14266,1,3040,
14267,1,3600,
14268,1,3360,
14269,1,3415,
14270,1,3135,
14271,1,2945,
14272,1,3015,
14273,1,2805,
14274,1,2595,
14275,1,2380,
14276,1,2930,
14277,1,3040,
14278,1,2755,
14279,1,2335,
14280,1,3760,
14281,1,3320,
14282,1,2460,
14283,1,2865,
14284,1,3265,
14285,1,2420,
14286,1,2735,
14287,1,1870,
14288,1,2970,
14289,1,3955,
14290,1,3250,
14291,1,2355,
14292,1,2950,NO
14293,1,3160,
14294,1,3530,
14295,1,2730,
14296,1,2515,
14297,1,2765,
14298,1,3490,
14299,1,0,
14300,1,3060,
14301,1,2780,
14302,1,3130,
14303,1,3340,
14304,1,3130,
14305,1,3510,
14306,1,2740,
14307,1,765,
14308,1,2995,
14309,1,2615,
14310,1,3725,
14311,1,2890,
14312,1,2350,NO
14313,1,3895,
14314,1,2975,
14315,1,3245,
14316,1,3160,
14317,1,3000,
14318,1,3510,
14319,1,3265,
14320,1,2740,
14321,1,3145,
14322,1,2655,
14323,1,3375,
14324,1,3000,
14325,1,2870,
14326,1,2980,
14327,1,3190,
14328,1,3050,
14329,1,2985,
14330,1,2565,
14331,1,3585,NO
14332,1,3055,
14333,1,3300,
14334,1,2890,
14335,1,2915,
14336,1,2975,
14337,1,2540,
14338,1,2115,
14339,1,2990,
14340,1,2775,
14341,1,3735,
14342,1,3920,
14343,1,2810,
14344,1,3650,
14345,1,840,
14346,1,3460,
14347,1,2945,
14348,1,3120,
14349,1,3165,
14350,1,3185,
14351,1,2870,
14352,1,2285,
14353,1,2500,
14354,1,3405,
14355,1,3265,
14356,1,2460,
14357,1,2720,
14358,1,2440,
14359,1,3310,
14360,1,2780,
14361,1,3640,
14362,1,3080,
14363,1,3070,
14364,1,4120,
14365,1,3350,
14366,1,3365,
14367,1,2720,
14368,1,2420,
14369,1,2840,
14370,1,3320,
14371,1,2865,
14372,1,2685,
14373,1,2990,
14374,1,2495,
14375,1,2710,
14376,1,3490,
14377,1,3285,
14378,1,3090,
14379,1,3175,
14380,1,2235,
14381,1,2620,
14382,1,2655,
14383,1,2840,
14384,1,3880,
14385,1,3200,
14386,1,2860,
14387,1,2890,
14388,1,2890,
14389,1,2565,
14390,1,3490,
14391,1,3215,
14392,1,2275,
14393,1,2875,
14394,1,2365,
14395,1,2885,
14396,1,2235,NO
14397,1,2995,
14398,1,3115,
14399,1,2890,
14400,1,3155,
14401,1,2685,
14402,1,3375,
14403,1,3970,
14404,1,3465,
14405,1,3325,
14406,1,3455,
14407,1,3330,
14408,1,2560,
14409,1,3495,
14410,1,2365,
14411,1,2595,
14412,1,3130,
14413,1,2380,
14414,1,3335,
14415,1,2890,
14416,1,2835,
14417,1,3030,
14418,1,2250,
14419,1,2870,
14420,1,3235,
14421,1,3395,
14422,1,2750,
14423,1,3450,
14424,1,2870,
14425,1,2390,
14426,1,4050,
14427,1,2250,
14428,1,1960,
14429,1,730,
14430,1,3480,
14431,1,2965,
14432,1,3695,
14433,1,3420,
14434,1,2825,
14435,1,3995,
14436,1,2980,
14437,1,3110,
14438,1,3850,
14439,1,2835,
14440,1,3560,
14441,1,3220,
14442,1,3655,
14443,1,2310,
14444,1,3030,
14445,1,2865,
14446,1,3125,
14447,1,2935,
14448,1,3360,
14449,1,3210,
14450,1,3385,
14451,1,2360,
14452,1,3020,
14453,1,2585,
14454,1,3060,
14455,1,3815,
14456,1,2430,
14457,1,3370,
14458,1,2715,
14459,1,2135,
14460,1,3000,
14461,1,3185,
14462,1,2520,
14463,1,2380,
14464,1,3575,
14465,1,3085,
14466,1,2140,
14467,1,4015,
14468,1,2975,
14469,1,2780,
14470,1,3100,
14471,1,2970,
14472,1,2860,
14473,1,2630,
14474,1,2805,
14475,1,2330,
14476,1,3225,
14477,1,3515,
14478,1,2835,
14479,1,3425,
14480,1,2225,
14481,1,3395,
14482,1,3415,
14483,1,2990,
14484,1,3130,
14485,1,3480,
14486,1,3150,
14487,1,2505,
14488,1,2685,
14489,1,3290,
14490,1,2890,
14491,1,2785,
14492,1,2780,
14493,1,2970,
14494,1,3980,
14495,1,2415,
14496,1,2640,
14497,1,2955,
14498,1,3060,
14499,1,3585,
14500,1,3225,
14501,1,2760,
14502,1,3450,
14503,1,4470,
14504,1,2805,
14505,1,3405,
14506,1,3470,
14507,1,3445,
14508,1,2880,
14509,1,2900,
14510,1,2930,
14511,1,3160,
14512,1,2880,
14513,1,3210,
14514,1,3245,
14515,1,3270,
14516,1,3015,
14517,1,3950,
14518,1,3380,
14519,1,2845,
14520,1,2980,
14521,1,3110,
14522,1,3530,
14523,1,2755,
14524,1,2990,
14525,1,3100,
14526,1,3280,
14527,1,3695,
14528,1,2755,
14529,1,3015,NO
14530,1,3395,
14531,1,2325,
14532,1,3085,
14533,1,2725,
14534,1,2170,
14535,1,1900,
14536,1,2705,
14537,1,3000,
14538,1,2960,
14539,1,3080,
14540,1,3460,
14541,1,3630,
14542,1,3880,
14543,1,3035,
14544,1,2535,
14545,1,3025,
14546,1,3060,
14547,1,2070,
14548,1,3315,
14549,1,3140,
14550,1,2450,
14551,1,3570,
14552,1,3480,
14553,1,3265,
14554,1,4165,
14555,1,3410,
14556,1,2845,
14557,1,2400,
14558,1,2670,
14559,1,3370,
14560,1,2845,
14561,1,2585,
14562,1,3025,
14563,1,2420,
14564,1,1840,
14565,1,2530,
14566,1,2660,
14567,1,3210,
14568,1,3280,
14569,1,2665,
14570,1,3180,
14571,1,2805,
14572,1,3190,
14573,1,3770,
14574,1,3135,
14575,1,2895,
14576,1,2600,
14577,1,3305,
14578,1,2990,
14579,1,2765,
14580,1,2505,
14581,1,3145,
14582,1,3205,NO
14583,1,2820,
14584,1,2765,
14585,1,2690,
14586,1,3075,
14587,1,2670,
14588,1,2940,
14589,1,3680,
14590,1,2445,
14591,1,3170,
14592,1,3665,
14593,1,3270,
14594,1,2500,
14595,1,2610,
14596,1,3350,
14597,1,3455,
14598,1,2780,
14599,1,2440,
14600,1,2120,
14601,1,2610,
14602,1,3905,
14603,1,2775,
14604,1,2795,
14605,1,2990,
14606,1,3095,
14607,1,3425,
14608,1,1915,
14609,1,3490,
14610,1,2055,
14611,1,3545,
14612,1,2495,
14613,1,2830,
14614,1,1940,
14615,1,2940,
14616,1,3795,
14617,1,2340,
14618,1,2740,
14619,1,3175,
14620,1,2920,
14621,1,3245,
14622,1,2035,
14623,1,2765,NO
14624,1,3200,
14625,1,2385,
14626,1,2370,
14627,1,2900,
14628,1,3110,
14629,1,2615,
14630,1,2737,
14631,1,3870,
14632,1,3295,
14633,1,3280,
14634,1,2815,
14635,1,2355,
14636,1,3300,
14637,1,2325,
14638,1,3925,
14639,1,2720,
14640,1,3995,
14641,1,3260,
14642,1,2365,
14643,1,2565,
14644,1,3165,
14645,1,3120,
14646,1,2845,
14647,1,3340,
14648,1,2035,
14649,1,3620,
14650,1,2955,
14651,1,2810,
14652,1,2860,
14653,1,2375,
14654,1,2670,
14655,1,2540,
14656,1,3155,
14657,1,3060,
14658,1,3090,
14659,1,2650,
14660,1,3675,
14661,1,2900,
14662,1,2985,
14663,1,3260,
14664,1,3955,
14665,1,3020,
14666,1,2535,
14667,1,3435,NO
14668,1,2780,
14669,1,3180,
14670,1,3500,
14671,1,3415,
14672,1,3600,
14673,1,2920,
14674,1,2755,
14675,1,2505,
14676,1,2930,
14677,1,3225,
14678,1,3210,
14679,1,2840,
14680,1,3005,
14681,1,3600,
14682,1,3360,
14683,1,3360,
14684,1,3575,
14685,1,2750,
14686,1,3550,
14687,1,2979,
14688,1,3035,
14689,1,3220,
14690,1,3075,
14691,1,2620,
14692,1,3031,
14693,1,3625,
14694,1,3230,
14695,1,3495,
14696,1,3050,
14697,1,3420,
14698,1,2665,
14699,1,3020,
14700,1,3685,
14701,1,2900,
14702,1,3240,
14703,1,2390,
14704,1,3095,
14705,1,2405,
14706,1,2550,
14707,1,3825,
14708,1,4030,
14709,1,3095,
14710,1,2650,
14711,1,2570,
14712,1,3035,
14713,1,3040,
14714,1,2725,
14715,1,3900,
14716,1,3655,
14717,1,3105,
14718,1,3165,
14719,1,3200,
14720,1,3945,
14721,1,2610,
14722,1,2935,
14723,1,2780,
14724,1,3015,
14725,1,4525,
14726,1,3315,
14727,1,3205,
14728,1,3060,
14729,1,3400,
14730,1,3425,
14731,1,3995,
14732,1,2735,
14733,1,1610,
14734,1,3485,NO
14735,1,3160,
14736,1,2780,
14737,1,3780,
14738,1,3185,
14739,1,3010,
14740,1,2785,
14741,1,2625,
14742,1,2630,
14743,1,2855,
14744,1,2835,
14745,1,3330,
14746,1,3420,
14747,1,4405,
14748,1,2665,
14749,1,3526,
14750,1,2795,
14751,1,3600,
14752,1,3325,
14753,1,3365,
14754,1,3280,
14755,1,3420,
14756,1,3930,
14757,1,3035,
14758,1,3505,
14759,1,3140,
14760,1,3170,
14761,1,3590,
14762,1,2610,
14763,1,2385,
14764,1,2715,NO
14765,1,3436,
14766,1,2980,
14767,1,3230,
14768,1,2765,
14769,1,2280,
14770,1,2395,
14771,1,3235,
14772,1,3260,
14773,1,3470,
14774,1,4375,
14775,1,2695,
14776,1,3590,
14777,1,3680,NO
14778,1,2285,
14779,1,3120,
14780,1,3235,
14781,1,2535,
14782,1,2430,
14783,1,2825,
14784,1,2720,
14785,1,3245,
14786,1,1665,
14787,1,3205,NO
14788,1,3180,
14789,1,3107,
14790,1,3135,
14791,1,2925,
14792,1,3290,
14793,1,2655,
14794,1,2815,
14795,1,3640,
14796,1,3565,
14797,1,3235,
14798,1,3080,
14799,1,3125,
14800,1,3250,
14801,1,2830,
14802,1,4365,
14803,1,3200,
14804,1,2590,
14805,1,3325,
14806,1,3385,
14807,1,3160,
14808,1,3420,
14809,1,3520,
14810,1,2376,
14811,1,2650,
14812,1,2930,
14813,1,3800,
14814,1,3415,
14815,1,4040,
14816,1,3400,NO
14817,1,3185,
14818,1,2920,NO
14819,1,3425,
14820,1,2880,
14821,1,2740,
14822,1,2803,
14823,1,3800,
14824,1,3335,
14825,1,2840,
14826,1,3050,
14827,1,2720,
14828,1,2330,
14829,1,2995,
14830,1,3060,
14831,1,3320,
14832,1,2670,
14833,1,2890,NO
14834,1,3886,
14835,1,3370,
14836,1,2930,
14837,1,3800,
14838,1,2705,
14839,1,3700,
14840,1,2820,
14841,1,2220,
14842,1,3505,
14843,1,3115,
14844,1,2790,
14845,1,3065,
14846,1,3470,
14847,1,3240,NO
14848,1,3095,
14849,1,3135,
14850,1,2460,
14851,1,2190,
14852,1,3295,
14853,1,575,
14854,1,3985,NO
14855,1,3175,
14856,1,3155,
14857,1,3420,
14858,1,2780,
14859,1,2555,
14860,1,2950,
14861,1,2430,
14862,1,2820,
14863,1,3205,
14864,1,2365,
14865,1,2690,
14866,1,3035,
14867,1,2480,
14868,1,3195,
14869,1,2990,
14870,1,3595,
14871,1,3515,
14872,1,3240,
14873,1,3110,
14874,1,3020,
14875,1,3230,
14876,1,3690,
14877,1,2960,
14878,1,3690,
14879,1,2640,
14880,1,2355,
14881,1,3445,
14882,1,2845,
14883,1,3665,
14884,1,2720,
14885,1,3790,
14886,1,3200,
14887,1,2815,
14888,1,3110,
14889,1,2705,
14890,1,2755,
14891,1,3610,
14892,1,3510,
14893,1,2325,NO
14894,1,2985,
14895,1,615,
14896,1,2850,
14897,1,2540,
14898,1,2480,
14899,1,2670,
14900,1,2235,
14901,1,3730,
14902,1,3480,
14903,1,3500,
14904,1,3225,
14905,1,3490,
14906,1,3320,
14907,1,2600,NO
14908,1,3070,
14909,1,3280,
14910,1,3715,
14911,1,3370,
14912,1,3240,
14913,1,4040,
14914,1,2695,
14915,1,3120,
14916,1,2935,
14917,1,3495,
14918,1,4725,
14919,1,2610,
14920,1,2335,
14921,1,2965,
14922,1,3640,
14923,1,3175,
14924,1,3630,
14925,1,3535,
14926,1,3105,
14927,1,2510,
14928,1,2690,
14929,1,2765,
14930,1,2515,
14931,1,3115,
14932,1,3380,
14933,1,2655,
14934,1,3660,
14935,1,3380,
14936,1,2320,
14937,1,2635,
14938,1,2480,
14939,1,2960,
14940,1,2000,
14941,1,3050,
14942,1,2915,
14943,1,3490,
14944,1,3130,
14945,1,2540,
14946,1,2660,
14947,1,3280,
14948,1,3146,
14949,1,3520,
14950,1,2615,
14951,1,2590,
14952,1,3835,
14953,1,3300,
14954,1,3415,
14955,1,2550,
14956,1,3400,
14957,1,2965,
14958,1,3075,
14959,1,3370,
14960,1,3420,
14961,1,3030,
14962,1,2640,
14963,1,1650,
14964,1,3410,
14965,1,2465,
14966,1,2845,
14967,1,1640,
14968,1,3035,
14969,1,3640,
14970,1,2775,
14971,1,3120,
14972,1,2725,
14973,1,2580,
14974,1,1975,
14975,1,3215,
14976,1,3920,
14977,1,3720,
14978,1,3435,
14979,1,2460,
14980,1,3305,
14981,1,3030,
14982,1,2445,
14983,1,2470,
14984,1,3610,
14985,1,3720,
14986,1,3110,
14987,1,2870,
14988,1,2680,
14989,1,3215,
14990,1,2840,
14991,1,3240,
14992,1,3380,
14993,1,3815,
14994,1,2810,
14995,1,3000,
14996,1,3425,
14997,1,2250,
14998,1,2920,
14999,1,3750,
15000,1,3280,
15001,1,2555,
15002,1,2815,
15003,1,3445,
15004,1,3170,
15005,1,3105,
15006,1,3150,
15007,1,2485,
15008,1,4095,
15009,1,3205,
15010,1,2910,
15011,1,3470,
15012,1,3115,
15013,1,3315,
15014,1,2990,
15015,1,3325,
15016,1,3070,
15017,1,3315,
15018,1,2985,
15019,1,3070,
15020,1,2975,
15021,1,2430,
15022,1,2840,
15023,1,4125,
15024,1,2725,
15025,1,3730,
15026,1,2235,
15027,1,3290,
15028,1,3115,
15029,1,3490,
15030,1,3650,
15031,1,3265,
15032,1,2840,
15033,1,2860,
15034,1,2870,
15035,1,2985,
15036,1,3115,
15037,1,1800,
15037,2,1270,
15038,1,2920,
15039,1,2800,
15040,1,2605,
15041,1,3140,
15042,1,3340,
15043,1,2530,
15044,1,2625,
15045,1,3355,NO
15046,1,3740,
15047,1,3330,
15048,1,3575,
15049,1,3750,
15050,1,3198,
15051,1,3050,
15052,1,3410,
15053,1,2595,
15054,1,3095,
15055,1,2165,
15056,1,3030,
15057,1,3180,NO
15058,1,3455,
15059,1,3600,
15060,1,3335,
15061,1,2715,
15062,1,3560,
15063,1,2735,
15064,1,3365,
15065,1,2850,
15066,1,3010,
15067,1,2605,
15068,1,2575,
15069,1,3355,
15070,1,2550,
15071,1,2420,
15072,1,2635,
15073,1,3495,
15074,1,2475,
15075,1,2705,
15076,1,2165,NO
15077,1,2770,
15078,1,2555,
15079,1,3225,
15080,1,2750,
15081,1,2780,
15082,1,2835,
15083,1,2770,
15084,1,3250,
15085,1,2340,
15086,1,2950,
15087,1,3595,
15088,1,3020,
15089,1,2995,
15090,1,3260,
15091,1,3050,
15092,1,2975,
15093,1,3090,
15094,1,3195,
15095,1,2485,
15096,1,2595,
15097,1,2940,
15098,1,2278,
15099,1,3000,
15100,1,3280,
15101,1,2896,
15102,1,3390,
15103,1,1900,
15104,1,3370,
15105,1,2755,
15106,1,2065,
15107,1,3490,
15108,1,3135,
15109,1,2860,
15110,1,3105,
15111,1,3375,
15112,1,2095,
15113,1,2865,
15114,1,3135,
15115,1,3415,
15116,1,3595,
15117,1,3035,
15118,1,2855,
15119,1,1750,
15120,1,2685,
15121,1,3995,
15122,1,2485,
15123,1,2570,
15124,1,3810,
15125,1,3130,
15126,1,3030,
15127,1,3075,
15128,1,2695,
15129,1,2920,
15130,1,2830,
15131,1,3725,
15132,1,3400,
15133,1,3085,
15134,1,3090,
15135,1,3190,
15136,1,2800,
15137,1,3265,
15138,1,3185,
15139,1,2960,
15140,1,2905,
15141,1,2300,
15142,1,2400,
15143,1,2615,
15144,1,3080,
15145,1,3405,
15146,1,3140,
15147,1,3025,
15148,1,3145,
15149,1,3350,
15150,1,3320,
15151,1,2955,
15152,1,3245,NO
15153,1,3265,
15154,1,2990,
15155,1,3235,
15156,1,2785,
15157,1,3295,
15158,1,2895,
15159,1,3380,
15160,1,2395,
15161,1,2735,
15162,1,3685,
15163,1,2205,
15164,1,3630,
15165,1,3135,NO
15166,1,3185,
15167,1,600,
15168,1,3390,
15169,1,3145,
15170,1,3090,
15171,1,2310,NO
15172,1,3050,
15173,1,2965,
15174,1,3200,
15175,1,3470,
15176,1,2895,
15177,1,2995,
15178,1,3140,
15179,1,3180,
15180,1,3560,
15181,1,3510,
15182,1,2640,
15183,1,2970,NO
15184,1,2770,
15185,1,2655,
15186,1,2975,
15187,1,2875,
15188,1,3240,
15189,1,690,
15190,1,2855,
15191,1,2480,
15192,1,2970,
15193,1,1605,
15194,1,2785,
15195,1,1820,
15196,1,2915,
15197,1,3330,NO
15198,1,2955,
15199,1,3275,
15200,1,4135,
15201,1,2495,
15202,1,2575,
15203,1,3075,
15204,1,2505,
15205,1,3270,
15206,1,3300,
15207,1,3400,
15208,1,2380,
15209,1,2955,
15210,1,3225,
15211,1,3275,
15212,1,2915,
15213,1,2630,
15214,1,2465,
15215,1,3643,
15216,1,3750,
15217,1,3375,
15218,1,3070,
15219,1,2530,
15220,1,2450,
15221,1,2965,
15222,1,2865,
15223,1,3280,
15224,1,2420,
15225,1,2870,
15226,1,3515,
15227,1,3315,
15228,1,3080,
15229,1,3165,
15230,1,3520,
15231,1,2185,
15232,1,3120,
15233,1,2825,
15234,1,3530,
15235,1,3185,
15236,1,3360,
15237,1,4350,
15238,1,3365,
15239,1,3790,
15240,1,3195,
15241,1,3050,
15242,1,3035,
15243,1,2380,
15244,1,3200,
15245,1,3665,
15246,1,3360,
15247,1,3420,
15248,1,3365,
15249,1,2635,
15250,1,2495,
15251,1,3280,
15252,1,2870,NO
15253,1,3625,
15254,1,2625,
15255,1,2575,
15256,1,2365,
15257,1,3235,
15258,1,3780,
15259,1,2960,
15260,1,2015,
15261,1,3475,
15262,1,3920,
15263,1,2978,NO
15264,1,3270,
15265,1,3090,
15266,1,3185,
15267,1,715,
15268,1,3760,
15269,1,3960,
15270,1,2940,
15271,1,2870,
15272,1,3610,
15273,1,2990,NO
15274,1,3050,
15275,1,2950,
15276,1,3050,
15277,1,3730,
15278,1,2800,
15279,1,3175,
15280,1,2695,
15281,1,2275,
15282,1,3490,
15283,1,2210,
15284,1,3730,
15285,1,2815,
15286,1,3400,
15287,1,3380,
15288,1,2395,
15289,1,3085,
15290,1,2530,
15291,1,3255,
15292,1,1720,
15293,1,2730,
15294,1,2680,
15295,1,2490,
15296,1,2365,
15297,1,2650,
15298,1,2150,
15299,1,3250,
15300,1,3240,
15301,1,3570,
15302,1,2725,
15303,1,3305,
15304,1,1930,
15305,1,2390,
15306,1,2945,
15307,1,3215,
15308,1,2890,
15309,1,2765,
15310,1,2726,
15311,1,2735,
15312,1,3680,
15313,1,3120,
15314,1,2410,
15315,1,3495,
15316,1,3130,
15317,1,3190,
15318,1,3815,
15319,1,3375,
15320,1,3875,
15321,1,2900,NO
15322,1,2860,
15323,1,3715,
15324,1,2580,
15325,1,3080,
15326,1,3450,
15327,1,3160,
15328,1,2930,
15329,1,2155,
15330,1,3220,
15331,1,3065,
15332,1,3025,
15333,1,3270,NO
15334,1,3410,
15335,1,3975,
15336,1,3740,
15337,1,3220,
15338,1,2440,NO
15339,1,3640,
15340,1,2935,
15341,1,2770,
15342,1,2510,
15343,1,3300,
15344,1,2440,
15345,1,2750,
15346,1,3290,
15347,1,2910,
15348,1,2785,
15349,1,3530,
15350,1,2985,
15351,1,2870,
15352,1,2940,
15353,1,3310,
15354,1,2975,
15355,1,2755,
15356,1,2970,
15357,1,3600,
15358,1,3710,
15359,1,3920,
15360,1,3230,
15361,1,2655,
15362,1,3330,
15363,1,3075,
15364,1,2900,
15365,1,4065,
15366,1,3100,
15367,1,3510,
15368,1,3229,
15369,1,3685,
15370,1,2710,
15371,1,3305,
15372,1,2665,
15373,1,1800,
15374,1,3330,
15375,1,1935,
15376,1,2535,
15377,1,2935,
15378,1,2900,
15379,1,3070,
15380,1,3180,
15381,1,2870,
15382,1,3615,
15383,1,3255,
15384,1,2665,
15385,1,3335,
15386,1,2575,NO
15387,1,2525,
15388,1,2485,
15389,1,3995,
15390,1,3615,
15391,1,3070,
15392,1,2350,
15393,1,1450,
15394,1,3080,
15395,1,2580,
15396,1,2595,
15397,1,3605,NO
15398,1,3105,
15399,1,3690,
15400,1,2565,
15401,1,3045,
15402,1,2830,
15403,1,2302,
15404,1,2420,
15405,1,3050,
15406,1,2715,
15407,1,3550,
15408,1,2525,
15409,1,3300,
15410,1,3025,
15411,1,3150,
15412,1,2310,
15413,1,3155,
15414,1,3005,
15415,1,3090,
15416,1,3075,NO
15417,1,2235,
15418,1,2280,
15419,1,2860,
15420,1,2715,
15421,1,3875,
15422,1,3575,
15423,1,2945,
15424,1,2800,
15425,1,3330,
15426,1,3270,
15427,1,2965,
15428,1,3125,
15429,1,3190,
15430,1,2835,
15431,1,2535,
15432,1,3275,
15433,1,2405,
15434,1,3380,
15435,1,2240,
15436,1,3055,
15437,1,2125,
15438,1,3770,
15439,1,2400,
15440,1,2450,
15441,1,3005,
15442,1,2665,
15443,1,2850,NO
15444,1,2740,
15445,1,2235,
15446,1,3100,
15447,1,2940,
15448,1,2545,
15449,1,2715,
15450,1,3200,
15451,1,2715,
15452,1,2710,
15453,1,3220,
15454,1,2950,
15455,1,2705,
15456,1,2670,NO
15457,1,2875,
15458,1,3950,
15459,1,2665,
15460,1,3610,
15461,1,2865,
15462,1,2930,
15463,1,2930,
15464,1,3130,
15465,1,2195,
15466,1,2695,
15467,1,2600,
15468,1,3210,
15469,1,2850,
15470,1,3285,
15471,1,3260,
15472,1,3080,
15473,1,3215,
15474,1,3160,
15475,1,3035,
15476,1,3625,
15477,1,3555,
15478,1,3485,
15479,1,2995,
15480,1,3620,
15481,1,3275,
15482,1,3690,
15483,1,3000,
15484,1,2955,
15485,1,2740,
15485,2,2685,
15486,1,2990,
15487,1,2755,
15488,1,1945,
15488,2,1715,
15489,1,2835,
15490,1,2860,
15491,1,3025,
15492,1,3100,
15493,1,3430,
15494,1,3780,
15495,1,2650,
15496,1,2850,
15497,1,2710,
15498,1,3200,
15499,1,2355,
15500,1,2840,
15501,1,2535,
15502,1,3360,
15503,1,3335,
15504,1,3395,
15505,1,3225,
15506,1,3075,
15507,1,3225,
15508,1,3330,
15509,1,3005,
15510,1,2745,
15511,1,3090,
15512,1,3215,
15513,1,3155,
15514,1,2820,
15515,1,3000,
15516,1,2850,
15517,1,2915,
15518,1,2800,
15519,1,3550,
15520,1,3625,
15521,1,3205,
15522,1,3195,
15523,1,3680,
15524,1,2875,
15525,1,3505,
15526,1,3095,
15527,1,2495,
15528,1,2905,
15529,1,3660,
15530,1,2660,
15531,1,2170,
15532,1,3205,
15533,1,2830,
15534,1,2760,
15535,1,3010,
15536,1,2900,
15537,1,3345,
15538,1,3330,
15539,1,2510,NO
15540,1,2325,
15541,1,3270,
15542,1,2850,
15543,1,2935,
15544,1,2675,
15545,1,3000,
15546,1,2735,
15547,1,3095,
15548,1,3745,
15549,1,2870,
15550,1,3450,
15551,1,3705,
15552,1,2585,
15553,1,5885,NO
15554,1,3330,
15555,1,2960,
15556,1,2545,
15557,1,3070,
15558,1,4135,
15559,1,2955,
15560,1,3210,
15561,1,3115,
15562,1,2580,
15563,1,2685,
15564,1,2995,
15565,1,3560,
15566,1,4130,
15567,1,3470,
15568,1,2145,
15569,1,2815,
15570,1,3190,
15571,1,3125,
15572,1,3290,
15573,1,1565,
15574,1,3350,
15575,1,3265,
15576,1,3880,
15577,1,3150,
15578,1,3020,
15579,1,3250,
15580,1,3500,
15581,1,3120,
15582,1,2555,
15583,1,3270,
15584,1,925,
15585,1,3705,
15586,1,2820,
15587,1,2545,
15588,1,3425,
15589,1,2850,
15590,1,2760,
15591,1,3230,
15592,1,2645,
15593,1,3475,
15594,1,3445,
15595,1,3400,
15596,1,2670,
15597,1,890,
15598,1,3265,
15599,1,4000,
15600,1,2965,
15601,1,2905,
15602,1,3390,
15603,1,2660,
15604,1,2930,
15605,1,3080,
15606,1,3920,
15607,1,3455,
15608,1,3045,
15609,1,2990,
15610,1,2045,
15610,2,2220,
15611,1,2940,NO
15612,1,3225,
15613,1,3800,
15614,1,3250,
15615,1,2400,
15616,1,2350,
15616,2,2120,
15617,1,3225,
15618,1,2400,
15619,1,3750,
15620,1,3075,
15621,1,2350,
15622,1,3325,
15623,1,3010,
15624,1,2575,
15625,1,3060,
15626,1,3095,
15627,1,3665,
15628,1,3030,
15629,1,2865,
15630,1,3105,NO
15631,1,4220,
15632,1,3050,
15633,1,3260,
15634,1,2950,
15635,1,2338,
15636,1,3405,
15637,1,2840,
15638,1,2630,
15639,1,1700,
15640,1,2670,
15641,1,2910,
15642,1,3175,
15643,1,3530,
15644,1,2995,
15645,1,2500,
15646,1,2690,
15647,1,3440,
15648,1,3010,
15649,1,3120,
15650,1,2420,
15651,1,2135,
15652,1,2980,
15653,1,2425,
15654,1,2405,
15655,1,3055,
15656,1,2665,
15657,1,2460,
15658,1,2605,
15659,1,2515,
15660,1,3135,
15661,1,2770,
15662,1,3040,
15663,1,2790,
15664,1,3185,
15665,1,2480,
15666,1,3470,
15667,1,3156,
15668,1,2385,
15669,1,3205,
15670,1,2890,
15671,1,3100,
15672,1,1255,
15673,1,2950,
15674,1,3615,
15675,1,2820,
15676,1,3270,
15677,1,2905,
15678,1,2525,
15679,1,2860,
15680,1,2740,
15681,1,2950,
15682,1,2850,
15683,1,2985,
15684,1,3170,
15685,1,3225,
15686,1,2990,
15687,1,2450,
15688,1,2895,
15689,1,3565,
15690,1,3090,
15691,1,2410,
15692,1,3690,
15693,1,4060,
15694,1,3400,
15695,1,3145,
15696,1,3220,
15697,1,2890,
15698,1,2925,
15699,1,3170,
15700,1,2810,
15701,1,2565,NO
15702,1,2560,
15703,1,3130,
15704,1,3720,
15705,1,2765,
15706,1,2775,
15707,1,2545,
15708,1,3265,
15709,1,3035,NO
15710,1,2750,
15711,1,2845,
15712,1,3285,
15713,1,3220,
15714,1,3240,
15715,1,4130,
15716,1,2880,
15717,1,3330,
15718,1,3495,
15719,1,2945,
15720,1,3175,
15721,1,2455,
15722,1,3215,
15723,1,3070,
15724,1,4045,
15725,1,2970,
15726,1,2710,
15727,1,4315,
15728,1,3445,
15729,1,3400,
15730,1,3805,
15731,1,3140,
15732,1,3765,
15733,1,2665,
15734,1,2840,
15735,1,3430,
15736,1,3200,
15737,1,2900,
15738,1,2600,
15739,1,3235,
15740,1,2960,
15741,1,3140,
15742,1,2965,
15743,1,3135,
15744,1,3145,
15745,1,3225,
15746,1,2840,
15747,1,2365,
15748,1,3550,
15749,1,3190,
15750,1,3020,
15751,1,3400,
15752,1,3240,
15753,1,3200,
15754,1,4120,
15755,1,3525,
15756,1,3015,
15757,1,3255,
15758,1,4235,
15759,1,2510,
15760,1,2915,
15761,1,2205,
15762,1,2695,
15763,1,3405,
15764,1,2590,
15765,1,3540,
15766,1,2920,
15767,1,3415,
15768,1,3020,
15769,1,2885,
15770,1,3345,
15771,1,3530,
15772,1,1865,
15773,1,2670,
15774,1,2395,
15775,1,3150,
15776,1,2830,
15777,1,3095,
15778,1,2180,
15779,1,3405,
15780,1,3355,
15781,1,3035,
15782,1,2980,
15783,1,2925,
15784,1,2850,
15785,1,2135,
15786,1,2550,
15787,1,2500,
15788,1,2870,
15789,1,2695,
15790,1,3120,
15791,1,3675,
15792,1,3120,
15793,1,2830,
15794,1,3650,
15795,1,3610,
15796,1,2915,
15797,1,3420,
15798,1,2205,
15799,1,3370,
15800,1,2985,
15801,1,2930,
15802,1,2930,
15803,1,3220,
15804,1,3570,
15805,1,2955,
15806,1,3250,
15807,1,2935,
15808,1,2835,
15809,1,3020,
15810,1,2475,
15811,1,3265,
15812,1,2080,
15813,1,2785,
15814,1,3310,
15815,1,3230,
15816,1,2760,
15817,1,2970,
15818,1,3333,
15819,1,3130,
15820,1,3665,
15821,1,2900,
15822,1,2310,
15823,1,2730,
15824,1,3325,
15825,1,3375,
15826,1,3450,
15827,1,3265,
15828,1,3415,
15829,1,2490,
15830,1,3190,
15831,1,3405,
15832,1,2790,
15833,1,3405,
15834,1,2945,
15835,1,3225,
15836,1,2450,
15837,1,3250,
15838,1,3430,
15839,1,2930,
15840,1,2530,
15841,1,2515,
15842,1,2815,
15843,1,2965,
15844,1,2490,
15845,1,3405,
15846,1,2935,
15847,1,2715,
15848,1,3380,
15849,1,1840,
15850,1,2710,
15851,1,2820,
15852,1,2840,
15853,1,3315,
15854,1,2560,
15855,1,2425,
15856,1,3065,
15857,1,3095,
15858,1,4010,
15859,1,3115,
15860,1,3365,
15861,1,3230,
15862,1,3495,
15863,1,2080,
15864,1,3315,
15865,1,2205,
15865,2,1920,
15866,1,3195,
15867,1,2540,
15868,1,3650,
15869,1,3065,
15870,1,2255,
15871,1,3145,
15872,1,3095,
15873,1,2860,
15874,1,1800,
15875,1,3155,
15876,1,3015,
15877,1,3890,
15878,1,2845,
15879,1,3925,
15880,1,2790,
15881,1,3225,
15882,1,3270,
15883,1,2675,NO
15884,1,3020,
15885,1,2640,
15886,1,3020,NO
15887,1,3065,
15888,1,2290,
15889,1,2835,
15890,1,2760,
15891,1,3410,
15892,1,2650,
15893,1,3295,
15894,1,3230,
15895,1,3430,
15896,1,3255,
15897,1,2910,NO
15898,1,3015,
15899,1,2715,
15900,1,3200,
15901,1,2865,
15902,1,3175,
15903,1,1990,
15904,1,3260,
15905,1,2885,
15906,1,2620,
15907,1,3100,
15908,1,3040,
15909,1,3710,
15910,1,2850,
15911,1,2650,
15912,1,2940,
15913,1,2730,
15914,1,3220,
15915,1,3875,
15916,1,2610,
15917,1,2800,
15918,1,3295,
15919,1,3525,
15920,1,3045,
15921,1,2860,
15922,1,3170,
15923,1,3350,
15924,1,2375,
15925,1,2620,
15926,1,3495,
15927,1,3015,
15928,1,3285,
15929,1,2975,
15930,1,2965,
15931,1,2505,
15932,1,3470,
15933,1,3420,
15934,1,3070,
15935,1,2550,
15936,1,3315,
15937,1,2525,
15938,1,3145,
15939,1,2785,
15940,1,3735,
15941,1,2500,
15941,2,2430,
15942,1,3600,
15943,1,3400,
15944,1,3975,
15945,1,3105,
15946,1,2980,
15947,1,2320,
15948,1,2955,
15949,1,2890,
15950,1,2715,
15951,1,2835,
15952,1,2945,
15953,1,3135,
15954,1,2940,
15955,1,3040,
15956,1,1505,
15957,1,3570,
15958,1,3360,
15959,1,2900,
15960,1,3465,
15961,1,3080,
15962,1,3990,
15963,1,2830,NO
15964,1,2890,
15965,1,2785,
15966,1,2745,
15967,1,3230,
15968,1,3015,
15969,1,3425,
15970,1,3385,
15971,1,3225,
15972,1,3060,
15973,1,3030,
15974,1,575,
15975,1,2435,
15976,1,3225,
15977,1,3230,
15978,1,3885,
15979,1,3080,
15980,1,3415,
15981,1,3775,
15982,1,2690,
15983,1,3250,
15984,1,3060,NO
15985,1,2185,
15986,1,2880,
15987,1,3185,
15988,1,2985,
15989,1,2655,
15990,1,2935,
15991,1,3525,
15992,1,2825,
15993,1,3850,
15994,1,2870,
15995,1,735,
15996,1,3955,
15997,1,3100,
15998,1,3450,
15999,1,4080,
16000,1,3835,
16001,1,3150,
16002,1,3260,
16003,1,2770,
16004,1,1630,
16005,1,2985,
16006,1,3080,
16007,1,2120,
16008,1,2905,
16009,1,3565,
16010,1,2835,
16011,1,2350,
16012,1,3645,
16013,1,3070,
16014,1,3050,
16015,1,3230,
16016,1,3170,
16017,1,3220,
16018,1,3230,
16019,1,3250,
16020,1,3225,
16021,1,3390,
16022,1,3605,
16023,1,2825,
16024,1,2880,
16025,1,2800,
16026,1,3065,
16027,1,3090,
16028,1,2670,
16029,1,2860,
16030,1,2710,
16031,1,2475,
16032,1,3030,
16033,1,2940,
16034,1,2555,
16035,1,2870,
16036,1,3130,
16037,1,3020,
16038,1,3115,
16039,1,3390,
16040,1,2560,
16041,1,3520,
16042,1,2985,
16043,1,3145,
16044,1,3280,
16045,1,3280,
16046,1,3060,
16047,1,2985,
16048,1,2745,
16049,1,2915,
16050,1,2930,
16051,1,3260,
16052,1,2085,
16053,1,3430,
16054,1,3275,
16055,1,2995,
16056,1,3290,
16057,1,3200,
16058,1,3195,
16059,1,3120,
16060,1,3855,
16061,1,2695,
16062,1,2400,
16063,1,2775,
16064,1,3065,
16065,1,3535,
16066,1,3215,
16067,1,3380,
16068,1,4155,
16069,1,3125,
16070,1,2945,
16071,1,2310,
16072,1,3045,
16073,1,2370,
16074,1,3430,
16075,1,2010,
16076,1,3085,
16077,1,995,
16077,2,1290,
16078,1,3225,
16079,1,2920,
16080,1,1815,
16081,1,2640,
16082,1,2905,
16083,1,3065,
16084,1,3470,
16085,1,2915,
16086,1,3320,
16087,1,2910,NO
16088,1,2040,
16089,1,3770,
16090,1,4435,
16091,1,2950,NO
16092,1,1945,
16092,2,1605,
16093,1,2615,
16094,1,2430,
16095,1,2730,
16096,1,2490,
16097,1,3680,
16098,1,2840,
16099,1,3115,
16100,1,2375,
16101,1,3025,
16102,1,2830,
16103,1,2915,
16104,1,3405,
16105,1,3790,
16106,1,2900,
16107,1,3655,
16108,1,2735,
16109,1,3400,
16110,1,3165,
16111,1,3185,NO
16112,1,1970,NO
16113,1,2735,NO
16114,1,2610,
16115,1,3225,
16116,1,4055,
16117,1,3200,
16118,1,3020,
16119,1,3140,
16120,1,2475,
16121,1,3590,
16122,1,2390,
16123,1,3500,
16124,1,3095,
16125,1,3320,
16126,1,3150,
16127,1,3310,
16128,1,3175,
16129,1,2980,
16130,1,3155,
16131,1,2540,
16132,1,2540,
16133,1,3020,
16134,1,2940,
16135,1,3140,
16136,1,4700,
16137,1,2355,
16138,1,2755,
16139,1,2940,
16140,1,3125,
16141,1,3310,
16142,1,3400,
16143,1,4450,
16144,1,2255,
16145,1,2705,
16146,1,2455,
16147,1,3090,
16148,1,1650,
16149,1,2880,
16150,1,3080,
16151,1,2680,
16152,1,2465,
16153,1,2955,
16154,1,2605,
16155,1,3620,
16156,1,2945,
16157,1,3640,
16158,1,2910,
16159,1,3380,
16160,1,2770,
16161,1,2750,
16162,1,2980,
16163,1,2950,
16164,1,2915,
16165,1,2860,
16166,1,3510,
16167,1,3500,
16168,1,2865,
16169,1,2010,
16170,1,4060,NO
16171,1,3030,
16172,1,2700,
16173,1,4045,
16174,1,1810,
16175,1,3180,
16176,1,3480,
16177,1,3180,
16178,1,2925,
16179,1,4055,
16180,1,2845,NO
16181,1,2650,
16182,1,1690,
16183,1,2660,
16184,1,2400,
16185,1,2295,
16186,1,2540,
16187,1,3059,
16188,1,2495,
16189,1,3570,
16190,1,2850,
16191,1,3200,NO
16192,1,3095,
16193,1,2825,
16194,1,2190,
16195,1,3335,
16196,1,3255,
16197,1,2805,
16198,1,3315,
16199,1,3515,
16200,1,2980,
16201,1,1590,
16202,1,3030,
16203,1,3265,
16204,1,2700,
16205,1,2760,
16206,1,2860,
16207,1,2915,
16208,1,2580,
16209,1,3360,
16210,1,3150,
16211,1,3370,
16212,1,2965,
16213,1,3280,
16214,1,2605,
16215,1,2650,
16216,1,3560,
16217,1,3770,
16218,1,2960,
16219,1,4070,
16220,1,3505,
16221,1,2825,
16222,1,2285,
16223,1,3060,
16224,1,3530,
16225,1,2880,
16226,1,2745,
16227,1,2515,
16228,1,2400,
16229,1,2745,
16230,1,3275,
16231,1,2750,
16232,1,2750,
16233,1,3080,
16234,1,3075,
16235,1,3120,
16236,1,3350,
16237,1,3155,
16238,1,3235,NO
16239,1,3185,
16240,1,2755,
16241,1,3110,
16242,1,3325,
16243,1,3360,
16244,1,3060,
16245,1,4235,
16246,1,3255,
16247,1,3140,
16248,1,3125,
16249,1,3250,
16250,1,2510,
16251,1,2685,
16252,1,1835,
16253,1,3585,
16254,1,3060,
16255,1,3385,
16256,1,2730,
16257,1,3480,
16258,1,3030,
16259,1,3320,
16260,1,2990,
16261,1,2460,
16262,1,2770,
16263,1,3505,
16264,1,2710,
16265,1,3650,
16266,1,3220,
16267,1,2375,
16268,1,3120,
16269,1,3055,
16270,1,2865,
16271,1,1425,
16272,1,2810,
16273,1,3190,
16274,1,1960,
16275,1,2890,
16276,1,3630,
16277,1,2230,
16278,1,960,
16279,1,2765,
16280,1,2250,
16281,1,3055,
16282,1,3360,
16283,1,3025,
16284,1,2960,
16285,1,3260,
16286,1,2745,
16287,1,3445,
16288,1,2455,
16289,1,2240,
16290,1,2560,
16291,1,2670,
16292,1,600,
16293,1,3095,
16294,1,3095,
16295,1,2900,
16296,1,2765,
16297,1,3490,
16298,1,2690,
16299,1,3220,
16300,1,3025,
16301,1,2935,
16302,1,3025,
16303,1,2875,
16304,1,2850,
16305,1,3535,
16306,1,3385,
16307,1,2890,
16308,1,3120,
16309,1,3305,
16310,1,3680,
16311,1,3050,
16312,1,3895,
16313,1,2705,
16314,1,3730,
16315,1,2940,
16316,1,3225,
16317,1,2755,
16318,1,2315,
16319,1,3235,
16320,1,3060,
16321,1,2075,
16322,1,3125,
16323,1,3780,
16324,1,3325,
16325,1,2790,
16326,1,3660,
16327,1,3520,
16328,1,3165,
16329,1,3215,
16330,1,3560,
16331,1,2105,
16332,1,1830,
16333,1,3190,
16334,1,4090,
16335,1,3775,
16336,1,2795,
16337,1,2830,
16338,1,2995,
16339,1,540,
16340,1,3320,
16341,1,3050,
16342,1,2910,
16343,1,4265,
16344,1,3665,
16345,1,3255,
16346,1,3350,
16347,1,2810,
16348,1,3310,
16349,1,4100,
16350,1,3120,
16351,1,3045,
16352,1,3385,
16353,1,3070,
16354,1,1960,
16355,1,3160,
16356,1,915,
16357,1,3110,
16358,1,2825,NO
16359,1,3335,
16360,1,3255,
16361,1,3265,
16362,1,2600,
16363,1,2450,
16364,1,3835,
16365,1,2920,
16366,1,3075,
16367,1,2605,
16368,1,3240,
16369,1,3040,
16370,1,3430,
16371,1,3455,
16372,1,3345,
16373,1,3695,
16374,1,3415,
16375,1,3970,
16376,1,3365,
16377,1,2430,
16378,1,3200,
16379,1,2555,
16380,1,2870,
16381,1,2555,
16382,1,2825,
16383,1,2590,
16384,1,2340,
16385,1,3093,
16386,1,3190,
16387,1,3460,
16388,1,2960,
16389,1,3370,
16390,1,3690,
16391,1,2705,
16392,1,2365,
16393,1,3700,
16394,1,2610,
16395,1,2940,
16396,1,3140,
16397,1,2570,
16398,1,2995,
16399,1,3135,
16400,1,2935,
16401,1,3240,
16402,1,2700,
16403,1,2350,
16404,1,3190,
16405,1,1910,
16406,1,2585,
16407,1,2230,
16408,1,2750,
16409,1,2830,
16410,1,3095,
16411,1,2075,
16412,1,3280,
16413,1,3450,
16414,1,2485,
16415,1,3260,
16416,1,2950,
16417,1,2955,
16418,1,1470,
16419,1,3095,
16420,1,2485,
16421,1,2340,
16422,1,3185,
16423,1,2310,
16424,1,2500,
16425,1,3150,
16426,1,2835,
16427,1,2630,
16428,1,3015,
16429,1,3240,
16430,1,2635,
16431,1,2340,
16432,1,2820,
16433,1,3485,
16434,1,2700,
16435,1,2015,
16436,1,2910,
16437,1,3560,
16438,1,2160,
16439,1,2320,
16440,1,3290,
16441,1,3250,
16442,1,2750,
16443,1,2200,
16444,1,4035,
16445,1,2455,
16446,1,3150,
16447,1,3010,
16448,1,3555,
16449,1,2325,
16450,1,2365,
16451,1,4375,
16452,1,3200,
16453,1,2860,
16454,1,3060,
16455,1,3365,
16456,1,3315,
16457,1,2820,
16458,1,3280,
16459,1,3155,
16460,1,2595,
16461,1,2285,
16462,1,2750,
16463,1,2910,
16464,1,3025,
16465,1,2570,
16466,1,2600,
16467,1,2730,
16468,1,2850,
16469,1,3545,
16470,1,3665,
16471,1,3040,
16472,1,2765,
16473,1,3365,
16474,1,2735,
16475,1,4075,
16476,1,2830,
16477,1,2795,
16478,1,2650,
16479,1,2675,
16480,1,2475,
16481,1,3350,
16482,1,3320,
16483,1,3660,
16484,1,3570,
16485,1,2815,
16486,1,2005,
16487,1,2820,
16488,1,3270,
16489,1,4985,
16490,1,270,
16491,1,2565,
16492,1,2815,
16493,1,3020,
16494,1,3160,
16495,1,3335,
16496,1,2615,
16497,1,2975,
16498,1,2890,
16499,1,3395,
16500,1,1980,
16501,1,2630,
16502,1,3685,
16503,1,3525,
16504,1,2880,
16505,1,3310,
16506,1,3550,
16507,1,3145,
16508,1,2740,
16509,1,3055,
16510,1,2630,
16511,1,3310,
16512,1,3240,
16513,1,2775,
16514,1,3040,
16515,1,3030,
16516,1,3260,
16517,1,3920,
16518,1,2960,
16519,1,2885,
16520,1,2410,
16521,1,2780,
16522,1,2675,
16523,1,2730,
16524,1,3280,
16525,1,2620,
16526,1,3625,
16527,1,2720,
16528,1,2960,
16529,1,3135,
16530,1,2780,
16531,1,2950,
16532,1,3575,
16533,1,2920,
16534,1,3125,
16535,1,3100,
16536,1,3640,
16537,1,3225,
16538,1,2750,
16539,1,2965,
16540,1,2477,
16541,1,3655,
16542,1,2350,
16543,1,3300,
16544,1,1935,
16545,1,3810,
16546,1,3100,
16547,1,3915,
16548,1,3040,
16549,1,3485,
16550,1,3210,
16551,1,3365,
16552,1,3045,
16553,1,2100,
16554,1,3535,
16555,1,2965,
16556,1,3410,
16557,1,3310,
16558,1,2875,
16559,1,3295,
16560,1,3965,
16561,1,2775,
16562,1,2875,
16563,1,3385,
16564,1,2675,
16565,1,3270,
16566,1,2815,
16567,1,3715,
16568,1,2780,
16569,1,3965,
16570,1,3165,
16571,1,2905,
16572,1,2830,
16573,1,2460,
16574,1,3410,
16575,1,2730,
16576,1,2110,
16577,1,3175,
16578,1,2565,
16579,1,3295,
16580,1,2585,
16581,1,3245,
16582,1,3320,
16583,1,3015,
16584,1,2995,
16585,1,3286,
16586,1,3240,
16587,1,2995,
16588,1,3065,
16589,1,2575,
16590,1,2855,
16591,1,2940,
16592,1,3250,
16593,1,3185,
16594,1,2650,
16595,1,3885,
16596,1,4250,
16597,1,2950,
16598,1,2100,
16599,1,2545,
16600,1,2490,
16601,1,2075,
16602,1,3020,
16603,1,2425,
16604,1,3220,
16605,1,2655,
16606,1,3580,
16607,1,3095,
16608,1,2510,
16609,1,3950,
16610,1,3095,
16611,1,3785,
16612,1,2200,
16613,1,2850,
16614,1,2785,
16615,1,2795,
16616,1,3245,
16617,1,2590,
16618,1,3305,
16619,1,3450,
16620,1,3130,
16621,1,2950,
16622,1,3260,
16623,1,3040,
16624,1,2850,
16625,1,2185,
16626,1,3230,
16627,1,3350,
16628,1,3210,
16629,1,3090,
16630,1,2740,
16631,1,2560,
16632,1,2740,
16633,1,3340,
16634,1,3280,
16635,1,2985,
16636,1,3490,
16637,1,2630,
16638,1,2825,
16639,1,2815,
16640,1,3550,
16641,1,2990,
16642,1,3535,
16643,1,3175,
16644,1,3250,
16645,1,3600,
16646,1,3175,
16647,1,3385,
16648,1,3145,
16649,1,2585,
16650,1,2585,
16651,1,3270,
16652,1,2725,
16653,1,2700,
16654,1,3180,NO
16655,1,3710,
16656,1,3050,
16657,1,2660,
16658,1,2240,
16659,1,2615,
16660,1,2570,
16661,1,2575,
16662,1,2870,
16663,1,2590,
16664,1,3475,
16665,1,2745,
16666,1,3285,
16667,1,2770,
16668,1,3030,
16669,1,2920,
16670,1,3490,
16671,1,3520,
16672,1,2325,
16673,1,3200,
16674,1,2995,
16675,1,2920,
16676,1,3210,
16677,1,2910,
16678,1,3740,
16679,1,2325,
16680,1,1935,
16681,1,3040,
16682,1,2770,
16683,1,3335,
16684,1,2855,
16685,1,3025,
16686,1,3220,
16687,1,3140,
16688,1,2805,
16689,1,3230,
16690,1,3025,
16691,1,3030,
16692,1,3250,
16693,1,2750,
16694,1,2715,
16695,1,3400,
16696,1,3240,
16697,1,3555,
16698,1,2520,
16699,1,2835,
16700,1,3655,
16701,1,2725,
16702,1,3280,
16703,1,2870,
16704,1,3635,
16705,1,3755,
16706,1,3530,
16707,1,3160,
16708,1,4650,
16709,1,3950,
16710,1,2505,
16711,1,3090,NO
16712,1,3500,
16713,1,3535,
16714,1,1980,
16715,1,2925,NO
16716,1,2675,
16717,1,2695,
16718,1,3125,
16719,1,2975,
16720,1,3215,
16721,1,2645,
16722,1,3450,
16723,1,2810,
16724,1,2740,
16725,1,1170,
16726,1,3205,
16727,1,2500,
16728,1,3075,
16729,1,3425,
16730,1,3215,
16731,1,3105,
16732,1,3740,
16733,1,3435,
16734,1,2990,
16735,1,3320,
16736,1,3000,
16737,1,2740,
16738,1,2435,
16739,1,2945,
16740,1,3165,
16741,1,3620,
16742,1,2990,
16743,1,2805,
16744,1,2900,
16745,1,3150,
16746,1,3070,
16747,1,3355,
16748,1,3530,
16749,1,2550,
16750,1,3170,
16751,1,3615,
16752,1,3585,
16753,1,3010,
16754,1,2715,
16755,1,3125,
16756,1,3240,
16757,1,2780,
16758,1,3390,
16759,1,3050,
16760,1,3320,
16761,1,2490,
16762,1,3893,
16763,1,2610,
16764,1,3340,
16765,1,2820,
16766,1,3095,
16767,1,3590,
16768,1,3305,
16769,1,2550,
16770,1,2790,
16771,1,2745,
16772,1,3020,
16773,1,2755,
16774,1,3215,
16775,1,2700,
16776,1,3025,
16777,1,2995,
16778,1,2360,
16779,1,2670,
16780,1,3275,
16781,1,2740,
16782,1,2915,
16783,1,3540,NO
16784,1,2520,
16785,1,3130,
16786,1,4065,
16787,1,3000,
16788,1,3160,
16789,1,2935,
16790,1,4700,
16791,1,2425,
16792,1,2950,
16793,1,3550,
16794,1,3570,
16795,1,2470,
16796,1,1730,
16797,1,3265,
16798,1,2480,
16799,1,2780,
16800,1,3360,
16801,1,3065,
16802,1,2700,
16803,1,3450,
16804,1,2700,
16805,1,2830,
16806,1,2270,
16807,1,2010,
16808,1,3300,
16809,1,3485,
16810,1,3035,
16811,1,3100,
16812,1,2765,
16813,1,3095,
16814,1,2720,
16815,1,3475,
16816,1,2875,
16817,1,2930,
16818,1,2725,
16819,1,3095,
16820,1,2570,
16821,1,2810,
16822,1,3055,
16823,1,3020,
16824,1,2840,
16825,1,3230,
16826,1,2300,
16827,1,2365,
16828,1,2470,
16829,1,1940,
16830,1,3415,
16831,1,2435,
16832,1,2780,
16833,1,3555,
16834,1,2360,
16835,1,2860,
16836,1,3570,
16837,1,3295,
16838,1,3155,
16839,1,2805,
16840,1,2805,
16841,1,2525,
16842,1,2815,
16843,1,3100,
16844,1,1810,
16845,1,2095,
16846,1,2880,
16847,1,3025,
16848,1,3465,
16849,1,1390,
16850,1,2715,
16851,1,3315,NO
16852,1,3255,
16853,1,3110,
16854,1,2505,
16855,1,3245,
16856,1,3465,
16857,1,2835,NO
16858,1,3365,
16859,1,2920,
16860,1,3280,
16861,1,3330,
16862,1,2315,
16863,1,2570,
16864,1,2905,
16865,1,3300,
16866,1,2770,
16867,1,3045,
16868,1,3190,
16869,1,2995,
16870,1,2880,
16871,1,2665,
16872,1,3200,
16873,1,1970,
16874,1,3740,
16875,1,2695,
16876,1,3215,
16877,1,2580,
16878,1,2420,
16879,1,3195,
16880,1,4210,
16881,1,2350,
16882,1,2645,
16883,1,3080,
16884,1,3630,
16885,1,3275,
16886,1,2965,
16887,1,3180,
16888,1,3475,
16889,1,2535,
16890,1,3490,NO
16891,1,3315,
16892,1,2895,
16893,1,2353,
16894,1,3440,
16895,1,3960,
16896,1,2830,
16897,1,3340,
16898,1,2985,
16899,1,2770,
16900,1,2295,
16901,1,2590,
16902,1,2730,
16903,1,3410,
16904,1,2935,
16905,1,3250,
16906,1,2925,
16907,1,2800,
16908,1,2745,
16909,1,2464,
16910,1,3620,
16911,1,3040,
16912,1,3055,
16913,1,3465,
16914,1,3530,
16915,1,3415,
16916,1,2955,
16917,1,3605,
16918,1,2725,
16919,1,1885,NO
16920,1,3090,
16921,1,2300,
16922,1,1700,
16923,1,2410,
16924,1,3115,
16925,1,3090,
16926,1,2810,
16927,1,3040,
16928,1,2355,
16929,1,3870,
16930,1,3390,NO
16931,1,3045,
16932,1,3080,
16933,1,2985,
16934,1,2920,
16935,1,2785,
16936,1,2425,
16937,1,3395,
16938,1,3000,
16939,1,3450,
16940,1,3415,
16941,1,3250,
16942,1,3015,
16943,1,1980,
16944,1,2565,
16945,1,2935,
16946,1,3170,
16947,1,2955,
16948,1,1400,
16949,1,3000,
16950,1,3270,
16951,1,3025,
16952,1,3285,
16953,1,3260,
16954,1,3770,
16955,1,3330,
16956,1,1940,
16957,1,3280,
16958,1,3715,
16959,1,3705,
16960,1,3415,
16961,1,3790,
16962,1,3580,
16963,1,1630,
16964,1,3050,
16965,1,1960,
16966,1,3165,
16967,1,2505,
16968,1,3570,
16969,1,3125,
16970,1,2985,
16971,1,3380,
16972,1,3715,
16973,1,3075,
16974,1,3280,
16975,1,3953,
16976,1,3345,
16977,1,3040,
16978,1,3385,NO
16979,1,2535,
16980,1,3435,
16981,1,2445,
16982,1,3120,
16983,1,3855,
16984,1,3360,
16985,1,1330,
16986,1,2883,
16987,1,4250,
16988,1,2595,
16989,1,2390,
16990,1,2375,
16991,1,3345,
16992,1,3220,
16993,1,3405,
16994,1,2620,
16995,1,3080,
16996,1,3350,NO
16997,1,2835,
16998,1,2395,
16999,1,3105,
17000,1,2950,
17001,1,2520,
17002,1,2940,
17003,1,2980,
17004,1,2755,
17005,1,3520,
17006,1,3260,
17007,1,2860,
17008,1,2880,
17009,1,2910,
17010,1,3135,
17011,1,3045,
17012,1,3445,
17013,1,3740,
17014,1,3740,
17015,1,2745,
17016,1,3030,
17017,1,2455,
17018,1,3455,
17019,1,3005,
17020,1,3345,
17021,1,3045,
17022,1,2860,
17023,1,3650,
17024,1,2770,
17025,1,3120,
17026,1,4180,
17027,1,2720,
17028,1,2770,
17029,1,3065,
17030,1,2460,
17031,1,3200,
17032,1,2990,
17033,1,3115,
17034,1,1970,
17035,1,3070,
17036,1,2490,
17037,1,3220,
17038,1,2430,
17039,1,2745,
17040,1,2605,
17041,1,3635,
17042,1,2990,
17043,1,2600,
17044,1,1915,
17045,1,2635,
17046,1,2590,
17047,1,3440,
17048,1,2510,
17049,1,2830,
17050,1,2775,
17051,1,2835,
17052,1,2380,
17053,1,,
17053,2,,
17054,1,3400,
17055,1,2450,
17056,1,3205,
17057,1,3175,
17058,1,2695,
17059,1,2800,
17060,1,2735,
17061,1,2780,
17062,1,2620,
17063,1,2695,NO
17064,1,3700,
17065,1,3770,
17066,1,2830,
17067,1,2660,
17068,1,2835,
17069,1,3565,
17070,1,2890,
17071,1,2010,
17072,1,2805,
17073,1,3865,
17074,1,3310,
17075,1,3475,
17076,1,3565,
17077,1,2985,
17078,1,2495,
17079,1,2650,
17080,1,2770,
17081,1,2890,
17082,1,2910,
17083,1,3280,
17084,1,3420,
17085,1,3010,
17086,1,2255,
17087,1,3160,
17088,1,3070,
17089,1,2535,
17090,1,2705,
17091,1,2835,
17092,1,1795,
17093,1,2725,
17094,1,2935,
17095,1,2350,
17096,1,3830,
17097,1,2970,
17098,1,2810,
17099,1,2835,
17100,1,2865,
17101,1,3395,
17102,1,3655,
17103,1,3655,
17104,1,3050,
17105,1,2798,
17106,1,3120,
17107,1,2740,
17108,1,2760,
17109,1,3015,
17110,1,3000,
17111,1,2880,
17112,1,2785,
17113,1,2110,
17113,2,1895,
17114,1,2110,
17115,1,1740,
17116,1,2955,
17117,1,3395,
17118,1,3580,
17119,1,2945,
17120,1,3665,
17121,1,3095,
17122,1,3460,
17123,1,3180,
17124,1,3140,
17125,1,2610,
17126,1,2990,
17127,1,2490,
17128,1,3515,
17129,1,3450,
17130,1,2680,
17131,1,3450,
17132,1,3080,
17133,1,2320,
17134,1,4145,
17135,1,3435,
17136,1,3460,
17137,1,3330,
17138,1,2920,
17139,1,2920,
17140,1,3210,
17141,1,3365,
17142,1,3275,
17143,1,4190,
17144,1,2975,
17145,1,1980,
17146,1,3245,
17147,1,2645,
17148,1,2555,
17149,1,3525,
17150,1,3220,
17151,1,2210,
17152,1,1745,
17153,1,2740,
17154,1,3330,
17155,1,2635,NO
17156,1,3840,
17157,1,3580,
17158,1,2680,
17159,1,3490,
17160,1,2650,
17161,1,3055,
17162,1,2990,
17163,1,2095,
17164,1,3030,
17165,1,3205,
17166,1,2800,
17167,1,2330,
17168,1,2330,
17169,1,2440,
17170,1,3775,
17171,1,3065,
17172,1,3560,
17173,1,2890,
17174,1,2445,
17175,1,2710,
17176,1,2605,
17177,1,3345,
17178,1,2425,
17179,1,2855,
17180,1,3055,
17181,1,3475,
17182,1,3230,
17183,1,3675,
17184,1,3425,
17185,1,3300,
17186,1,3595,
17187,1,2170,
17188,1,3210,
17189,1,2805,
17190,1,3030,
17191,1,3960,
17192,1,2965,
17193,1,2850,
17194,1,3525,
17195,1,2635,
17196,1,1745,
17197,1,2935,
17198,1,2800,
17199,1,2790,
17200,1,3300,
17201,1,3650,
17202,1,3700,NO
17203,1,3010,
17204,1,3580,
17205,1,2800,
17205,2,2740,
17206,1,3090,
17207,1,1610,
17208,1,3260,
17209,1,3375,
17210,1,3880,
17211,1,2205,
17212,1,3990,
17213,1,2995,
17214,1,2215,
17215,1,2930,
17216,1,2910,
17217,1,2760,
17218,1,2970,
17219,1,2865,
17220,1,3585,
17221,1,3270,
17222,1,1995,
17223,1,3090,
17224,1,3180,
17225,1,2250,
17226,1,2055,
17227,1,1990,
17228,1,2500,
17229,1,2815,
17230,1,2970,
17231,1,2635,
17232,1,2910,
17233,1,2775,
17234,1,3240,NO
17235,1,2860,NO
17236,1,3670,
17237,1,3180,
17238,1,3155,
17239,1,2715,NO
17240,1,3060,
17241,1,3105,
17242,1,3345,
17243,1,2935,
17244,1,2615,
17245,1,3150,
17246,1,3225,
17247,1,2850,
17248,1,3475,NO
17249,1,3220,
17250,1,3240,
17251,1,3365,
17252,1,2955,
17253,1,2750,
17254,1,3715,
17255,1,2820,
17256,1,2700,
17257,1,3450,
17258,1,3080,
17259,1,3400,
17260,1,2615,
17261,1,3075,
17262,1,2890,
17263,1,2635,
17264,1,1750,
17265,1,3550,
17266,1,3330,
17267,1,2740,
17268,1,3100,
17269,1,3495,
17270,1,2405,
17271,1,2900,
17272,1,3205,
17273,1,3480,
17274,1,3000,
17275,1,4030,
17276,1,3695,
17277,1,1475,
17278,1,3180,
17279,1,3540,
17280,1,2605,
17281,1,2475,
17282,1,3745,
17283,1,2325,
17284,1,2800,
17285,1,2665,
17286,1,2765,
17287,1,2875,
17288,1,3065,
17289,1,3245,
17290,1,3125,
17291,1,2630,
17292,1,2760,
17293,1,2915,
17294,1,3155,
17295,1,3480,
17296,1,3055,
17297,1,3200,
17298,1,1620,
17299,1,2655,
17300,1,1890,
17301,1,2655,
17302,1,3780,
17303,1,3035,
17304,1,3600,
17305,1,3155,
17306,1,2575,
17307,1,3480,
17308,1,2920,
17309,1,2865,
17310,1,715,
17311,1,2840,
17312,1,2980,
17313,1,2650,
17314,1,3235,
17315,1,3115,
17316,1,3265,
17317,1,2260,
17318,1,3200,
17319,1,2900,
17320,1,3240,
17321,1,2895,
17322,1,3580,
17323,1,3025,
17324,1,2970,
17325,1,2800,
17326,1,2875,
17327,1,3785,
17328,1,2895,
17329,1,3310,
17330,1,3155,
17331,1,2930,
17332,1,165,
17333,1,3010,
17334,1,3580,
17335,1,2920,
17336,1,3285,
17337,1,3190,
17338,1,2143,NO
17339,1,2685,
17340,1,2405,
17341,1,2455,
17342,1,3185,
17343,1,2950,
17344,1,3075,
17345,1,3850,
17346,1,2270,
17347,1,2835,
17348,1,3350,
17349,1,3135,
17350,1,3275,
17351,1,3015,
17352,1,2960,
17353,1,2010,
17354,1,3140,
17355,1,2580,
17356,1,2910,
17357,1,3070,NO
17358,1,2925,
17359,1,3380,
17360,1,2645,
17361,1,2455,
17362,1,2885,
17363,1,3050,
17364,1,3130,
17365,1,3055,
17366,1,3725,
17367,1,3070,NO
17368,1,3140,
17369,1,3550,
17370,1,2350,
17371,1,3145,
17372,1,3070,
17373,1,3150,
17374,1,2990,
17375,1,3635,
17376,1,3205,
17377,1,2875,
17378,1,2820,
17379,1,3265,NO
17380,1,3420,
17381,1,2935,
17382,1,3510,
17383,1,3180,
17384,1,2630,
17385,1,3510,
17386,1,2505,
17387,1,3035,
17388,1,3190,
17389,1,2395,
17390,1,3340,
17391,1,2550,
17392,1,3100,
17393,1,2280,
17394,1,3245,NO
17395,1,3550,
17396,1,3175,
17397,1,2495,
17398,1,3060,
17399,1,3310,
17400,1,3155,
17401,1,2815,
17402,1,3355,
17403,1,3130,
17404,1,2900,
17405,1,2490,
17406,1,3065,
17407,1,3145,
17408,1,2190,
17409,1,3310,
17410,1,3265,
17411,1,2755,
17412,1,2415,
17413,1,4115,
17414,1,3480,
17415,1,3350,NO
17416,1,2810,
17417,1,3180,
17418,1,3155,
17419,1,3280,
17420,1,2600,
17421,1,3100,
17422,1,2715,
17423,1,2770,
17424,1,3105,
17425,1,2845,
17426,1,1710,
17427,1,2975,
17428,1,3245,
17429,1,2555,
17430,1,3500,
17431,1,4320,
17432,1,2865,
17433,1,3200,
17434,1,3590,
17435,1,2555,
17436,1,2240,
17437,1,3000,
17438,1,3345,
17439,1,3055,
17440,1,3155,
17441,1,2485,
17442,1,1675,
17443,1,3050,
17444,1,3090,
17445,1,3141,
17446,1,2840,
17447,1,3645,
17448,1,3140,
17449,1,3055,
17450,1,3030,
17451,1,2715,NO
17452,1,3530,
17453,1,3140,
17454,1,2780,
17455,1,3620,
17456,1,3095,
17457,1,3135,
17458,1,3065,
17459,1,3655,
17460,1,2750,
17461,1,3370,
17462,1,3305,
17463,1,3460,
17464,1,2780,
17465,1,3565,
17466,1,3640,
17467,1,3015,
17468,1,2885,
17469,1,2655,
17470,1,3310,
17471,1,3705,
17472,1,2705,
17473,1,3520,
17474,1,2835,
17475,1,3420,
17476,1,3005,
17477,1,2230,
17478,1,2385,
17479,1,3355,
17480,1,2925,
17481,1,2800,
17482,1,3160,
17483,1,3040,
17484,1,2355,
17485,1,2340,
17486,1,3640,
17487,1,2475,
17488,1,3385,
17489,1,3150,
17490,1,3005,
17491,1,3400,
17492,1,2960,
17493,1,3065,
17494,1,3345,
17495,1,2555,
17496,1,3270,
17497,1,3525,
17498,1,3115,
17499,1,2545,
17500,1,3400,
17501,1,560,
17502,1,2220,
17503,1,2995,
17504,1,3125,
17505,1,2985,
17506,1,3220,
17507,1,2330,
17508,1,2810,
17509,1,3490,
17510,1,3620,
17511,1,33,
17512,1,1870,
17513,1,2505,
17514,1,2865,
17515,1,2890,
17516,1,3000,
17517,1,2950,
17518,1,3550,
17519,1,2785,
17520,1,2940,
17521,1,3730,
17522,1,3000,
17523,1,2370,
17524,1,3890,
17525,1,3350,
17526,1,3400,
17527,1,3180,
17528,1,2510,
17529,1,2600,
17530,1,2530,
17531,1,3415,
17532,1,3115,
17533,1,3855,
17534,1,3240,
17535,1,3310,
17536,1,2765,
17537,1,3650,
17538,1,2875,
17539,1,3420,
17540,1,3095,
17541,1,2505,
17542,1,2135,NO
17543,1,3495,
17544,1,3320,
17545,1,3060,
17546,1,2540,
17547,1,3400,
17548,1,3445,
17549,1,2755,
17550,1,3010,
17551,1,2825,
17552,1,3220,
17553,1,3010,
17554,1,3180,
17555,1,2925,
17556,1,3030,
17557,1,3310,
17558,1,3210,
17559,1,3260,
17560,1,3375,
17561,1,3780,
17562,1,2620,
17563,1,2855,
17564,1,2365,
17565,1,2625,
17566,1,3440,
17567,1,3015,
17568,1,2440,
17569,1,2800,
17570,1,2820,
17571,1,3295,
17572,1,2560,
17573,1,3420,
17574,1,3085,
17575,1,2905,
17576,1,3660,
17577,1,2950,
17578,1,3230,
17579,1,2330,
17580,1,3100,
17581,1,2570,
17582,1,3740,
17583,1,2875,
17584,1,2650,
17585,1,2995,
17586,1,2940,
17587,1,3195,
17588,1,3045,
17589,1,2890,
17590,1,3815,
17591,1,3190,
17592,1,3325,
17593,1,3240,
17594,1,2995,
17595,1,3450,
17596,1,2915,
17597,1,2900,
17598,1,2850,
17599,1,3520,
17600,1,3230,
17601,1,2660,
17602,1,2890,
17603,1,3270,
17604,1,3525,
17605,1,2510,
17606,1,2575,
17607,1,3470,
17608,1,3186,
17609,1,3510,
17610,1,3215,
17611,1,3020,
17612,1,36110,
17613,1,2725,
17614,1,2670,
17615,1,2926,
17616,1,3480,
17617,1,3439,
17618,1,2385,
17619,1,3000,
17620,1,3215,
17621,1,3035,
17622,1,2785,
17623,1,3665,
17624,1,3225,
17625,1,3555,
17626,1,2895,
17627,1,2930,
17628,1,3110,
17629,1,3305,
17630,1,2560,
17631,1,2630,
17632,1,2950,
17633,1,3420,
17634,1,2620,
17635,1,2985,
17636,1,1970,
17636,2,2850,
17637,1,3520,NO
17638,1,3295,
17639,1,3515,
17640,1,2680,
17641,1,2850,
17642,1,3075,
17643,1,3055,
17644,1,3375,
17645,1,3120,
17646,1,2505,
17646,2,2300,
17647,1,3060,
17648,1,2670,
17649,1,3055,
17650,1,3295,
17651,1,3040,
17652,1,3285,
17653,1,2340,
17654,1,3100,
17655,1,3970,
17656,1,2800,
17657,1,3125,
17658,1,2465,
17659,1,3650,NO
17660,1,2800,
17661,1,2675,
17662,1,2955,
17663,1,2850,
17664,1,3505,
17665,1,3040,
17666,1,2925,
17667,1,3390,
17668,1,2800,
17669,1,2740,
17670,1,3610,
17671,1,3045,
17672,1,3265,
17673,1,3015,
17674,1,2830,
17675,1,3710,
17676,1,3140,
17677,1,2740,
17678,1,2600,
17679,1,2900,
17680,1,2745,
17681,1,3720,
17682,1,3085,
17683,1,3040,
17684,1,3000,
17685,1,3130,
17686,1,4110,
17687,1,2920,
17688,1,3305,
17689,1,710,
17690,1,3050,
17691,1,2630,
17692,1,2790,
17693,1,2910,
17694,1,2940,
17695,1,3150,
17696,1,2680,
17697,1,2695,
17698,1,3260,
17699,1,3120,
17700,1,3275,
17701,1,2605,
17702,1,3400,
17703,1,1745,
17704,1,3220,
17705,1,2390,
17706,1,2890,
17707,1,2990,
17708,1,3490,
17709,1,2085,
17710,1,2820,
17711,1,3730,
17712,1,3250,
17713,1,3600,
17714,1,3155,
17715,1,2755,
17716,1,2960,
17717,1,3380,
17718,1,3260,
17719,1,3115,
17720,1,2135,
17721,1,3685,
17722,1,2375,
17723,1,3745,
17724,1,3745,
17725,1,2885,
17726,1,3355,
17727,1,3380,
17728,1,3210,
17729,1,3080,
17730,1,2900,
17731,1,2990,
17732,1,3290,
17733,1,3535,
17734,1,2665,
17735,1,3470,
17736,1,3140,
17737,1,3370,
17738,1,2375,
17739,1,3085,
17740,1,3110,
17741,1,4280,
17742,1,2550,
17743,1,3150,
17744,1,1395,
17745,1,3340,
17746,1,2933,
17747,1,2820,
17748,1,2935,
17749,1,2655,
17750,1,3340,
17751,1,2940,
17752,1,3000,
17753,1,3340,
17754,1,3385,
17755,1,3920,
17756,1,2960,
17757,1,2450,
17758,1,3130,
17759,1,2545,
17760,1,2250,
17761,1,2465,
17762,1,2205,
17763,1,3365,
17764,1,3365,
17765,1,3180,
17766,1,2340,
17767,1,3600,NO
17768,1,3100,
17769,1,2240,
17770,1,2590,
17771,1,3535,
17772,1,3380,
17773,1,2650,
17774,1,2615,
17775,1,2885,
17776,1,3250,
17777,1,3370,
17778,1,3125,
17779,1,3100,
17780,1,3405,
17781,1,3280,
17782,1,2600,
17783,1,2200,
17784,1,3090,
17785,1,3015,
17786,1,3360,
17787,1,2950,
17788,1,2735,
17789,1,2545,
17790,1,3205,
17791,1,3245,
17792,1,3525,NO
17793,1,2905,
17794,1,3620,
17795,1,2545,
17796,1,3110,
17797,1,2880,
17798,1,3205,
17799,1,3350,
17800,1,3585,
17801,1,3230,
17802,1,2780,
17803,1,2830,
17804,1,3295,
17805,1,3190,
17806,1,3060,
17807,1,2615,
17808,1,3045,
17809,1,3200,
17810,1,3280,NO
17811,1,2080,
17812,1,2250,
17813,1,3750,
17814,1,2470,
17815,1,3355,NO
17816,1,3100,
17817,1,3080,
17818,1,3290,
17819,1,2260,
17820,1,3530,
17821,1,3010,
17822,1,2345,
17823,1,3170,
17824,1,3190,
17825,1,3418,
17826,1,3050,
17827,1,3400,
17828,1,3010,
17829,1,2820,
17830,1,3390,
17831,1,2485,
17832,1,2310,
17833,1,1745,
17834,1,3050,
17835,1,4010,
17836,1,3375,
17837,1,2690,
17838,1,3400,
17839,1,3195,
17840,1,2365,
17841,1,2700,
17842,1,3670,NO
17843,1,1965,
17844,1,2745,
17845,1,2335,
17846,1,3220,
17847,1,3625,
17848,1,2790,
17849,1,4770,
17850,1,3065,
17851,1,4210,
17852,1,3100,
17853,1,3170,
17854,1,2340,
17855,1,2355,
17856,1,3080,
17857,1,2740,
17858,1,1995,
17859,1,3380,
17860,1,3335,
17861,1,2620,
17862,1,2800,
17863,1,3220,
17864,1,3020,
17865,1,2860,
17866,1,3605,
17867,1,3060,
17868,1,3245,
17869,1,3140,
17870,1,3020,
17871,1,2600,
17872,1,2650,
17873,1,2955,
17874,1,3125,
17875,1,3445,
17876,1,2980,NO
17877,1,3525,
17878,1,2415,
17879,1,2540,
17880,1,2910,
17881,1,3270,
17882,1,3090,
17883,1,2510,
17884,1,3880,
17885,1,1720,
17886,1,3040,
17887,1,3305,
17888,1,3335,
17889,1,2580,
17890,1,3205,
17891,1,2835,
17892,1,2975,
17893,1,3340,
17894,1,2625,
17895,1,3000,
17896,1,2880,
17897,1,3115,
17898,1,3650,
17899,1,3170,
17900,1,2260,
17901,1,3420,
17902,1,2840,
17903,1,2725,
17904,1,2690,
17905,1,2650,
17906,1,3100,NO
17907,1,2780,
17908,1,3185,
17909,1,3375,
17910,1,3355,
17911,1,2805,
17912,1,3545,
17913,1,2905,
17914,1,2845,
17915,1,3830,
17916,1,2560,
17917,1,2980,
17918,1,3045,
17919,1,3370,
17920,1,2920,
17921,1,2720,
17922,1,3480,
17923,1,3860,
17924,1,3235,
17925,1,2695,
17926,1,2880,
17927,1,2190,
17928,1,2710,
17929,1,2360,
17929,2,2665,
17930,1,3065,
17931,1,3110,
17932,1,2780,
17933,1,3300,
17934,1,3345,
17935,1,3200,
17936,1,3005,
17937,1,3270,
17938,1,2350,
17939,1,840,
17940,1,2480,
17941,1,2550,
17942,1,2605,
17943,1,3285,
17944,1,2605,
17945,1,2895,
17946,1,2635,
17947,1,2640,
17948,1,3110,
17949,1,3090,
17950,1,3230,
17951,1,3330,
17952,1,3240,
17953,1,3255,
17954,1,3145,
17955,1,3075,
17956,1,3145,
17957,1,3085,
17958,1,3510,
17959,1,3510,
17960,1,3400,
17961,1,3465,
17962,1,3070,
17963,1,3100,
17964,1,3215,
17965,1,2660,
17966,1,3115,
17967,1,3245,
17968,1,3415,
17969,1,1915,
17970,1,2375,
17971,1,3385,
17972,1,3100,
17973,1,3500,
17974,1,3525,
17975,1,3475,
17976,1,2940,
17977,1,3210,
17978,1,2900,
17979,1,3130,
17980,1,2910,
17981,1,3280,
17982,1,2715,
17983,1,2945,
17984,1,2910,NO
17985,1,2990,
17986,1,3660,
17987,1,2890,
17988,1,3100,
17989,1,3160,
17990,1,3606,
17991,1,1750,
17992,1,3160,
17993,1,3020,
17994,1,2645,
17995,1,3275,
17996,1,3235,
17997,1,2715,
17998,1,2520,
17999,1,3210,
18000,1,2760,
18001,1,3765,
18002,1,3195,
18003,1,3285,
18004,1,3120,
18005,1,2845,
18006,1,2610,
18007,1,3195,
18008,1,3055,
18009,1,3740,
18010,1,3495,
18011,1,2990,
18012,1,2615,
18013,1,3140,
18014,1,3163,
18015,1,3435,
18016,1,2595,
18017,1,2880,
18018,1,3500,
18019,1,3535,
18020,1,2975,
18021,1,2895,
18022,1,3210,
18023,1,3030,
18024,1,3165,
18025,1,2983,
18026,1,2445,
18027,1,2715,
18028,1,2305,
18029,1,3085,
18030,1,3225,
18031,1,1940,
18032,1,3490,
18033,1,2790,
18034,1,1635,
18035,1,3205,
18036,1,3800,
18037,1,2445,
18038,1,2625,NO
18039,1,1982,
18040,1,3210,
18041,1,2630,
18042,1,2375,
18043,1,3070,
18044,1,3040,
18045,1,1890,
18046,1,2665,
18047,1,3540,
18048,1,3220,
18049,1,3120,
18050,1,2700,
18051,1,2900,
18052,1,3530,
18053,1,2745,
18054,1,2815,
18055,1,2639,
18056,1,2365,
18057,1,3340,
18058,1,3510,
18059,1,1580,
18060,1,3530,
18061,1,3225,
18062,1,935,
18062,2,825,
18063,1,2946,
18064,1,3160,
18065,1,2735,
18066,1,3080,
18067,1,3160,
18068,1,3840,
18069,1,3030,
18070,1,3175,
18071,1,2865,
18072,1,3540,
18073,1,3520,
18074,1,3585,
18075,1,1460,
18076,1,3465,
18077,1,4020,
18078,1,3240,
18079,1,2680,
18080,1,3150,
18081,1,3220,
18082,1,3000,
18083,1,3030,
18084,1,2745,
18085,1,2450,
18086,1,2810,
18087,1,3090,
18088,1,3220,
18089,1,2320,
18090,1,3385,
18091,1,2930,
18092,1,2685,
18093,1,2820,
18094,1,2940,
18095,1,2355,
18096,1,3640,
18097,1,3645,
18098,1,3770,
18099,1,3540,
18100,1,2880,
18101,1,3180,
18102,1,2185,
18103,1,2860,
18104,1,490,
18105,1,2335,
18106,1,2890,
18107,1,2785,
18108,1,2560,
18109,1,3178,
18110,1,2105,
18110,2,2295,
18111,1,3065,
18112,1,3220,
18113,1,3070,
18114,1,3280,
18115,1,2945,
18116,1,3660,
18117,1,3390,NO
18118,1,3155,
18119,1,2205,
18120,1,2505,
18121,1,3025,
18122,1,2705,
18123,1,3395,
18124,1,3660,
18125,1,2535,
18126,1,3335,
18127,1,3250,NO
18128,1,3260,
18129,1,3405,
18130,1,2835,
18131,1,2590,
18132,1,2605,
18133,1,1625,
18134,1,3030,
18135,1,3160,NO
18136,1,2400,
18137,1,2920,
18138,1,2940,
18139,1,2630,
18140,1,2810,
18141,1,2905,
18142,1,3020,
18143,1,3790,
18144,1,3110,
18145,1,3730,
18146,1,3420,
18147,1,3225,
18148,1,2600,
18149,1,3060,
18150,1,3225,
18151,1,3580,
18152,1,2715,
18153,1,2565,
18154,1,2350,
18155,1,3130,
18156,1,3015,
18157,1,3055,
18158,1,3920,
18159,1,3615,
18160,1,3625,
18161,1,2160,
18162,1,2820,
18163,1,3190,
18164,1,2650,
18165,1,3355,
18166,1,4050,
18167,1,3755,
18168,1,2485,
18169,1,2675,
18170,1,2705,
18171,1,1780,
18172,1,2825,
18173,1,3020,
18174,1,3705,
18175,1,3050,
18176,1,3160,
18177,1,2500,
18178,1,3050,
18179,1,2660,
18180,1,3890,
18181,1,1275,
18182,1,3375,
18183,1,3270,
18184,1,3790,
18185,1,2970,
18186,1,2360,
18187,1,3075,
18188,1,2950,
18189,1,3525,
18190,1,3750,
18191,1,3310,
18192,1,3050,
18193,1,2865,
18194,1,2840,
18195,1,2680,
18196,1,3615,
18197,1,2730,
18198,1,3090,
18199,1,3035,
18200,1,3240,
18201,1,2835,
18202,1,2610,
18203,1,2950,
18204,1,3150,
18205,1,3020,
18206,1,3470,
18207,1,3985,
18208,1,2430,
18209,1,2990,
18210,1,3085,
18211,1,2990,
18212,1,3090,
18213,1,3060,
18214,1,3620,
18215,1,2045,
18216,1,3770,
18217,1,3045,
18218,1,3000,
18219,1,2955,
18220,1,2905,
18221,1,3440,
18222,1,2985,
18223,1,2625,
18224,1,2935,
18225,1,2845,
18226,1,2785,
18227,1,3145,
18228,1,3115,
18229,1,3020,
18230,1,2420,
18231,1,3025,
18232,1,3485,
18233,1,3625,
18234,1,2520,
18235,1,2925,
18236,1,3440,
18237,1,3245,
18238,1,3400,
18239,1,2680,
18240,1,2855,
18241,1,2980,
18242,1,3130,
18243,1,2885,
18244,1,3160,
18245,1,3325,NO
18246,1,3195,
18247,1,2900,
18248,1,2760,
18249,1,3715,
18250,1,2890,
18251,1,2350,
18252,1,3125,
18253,1,3800,
18254,1,2900,
18255,1,3110,
18256,1,2780,
18257,1,3010,
18258,1,2935,
18259,1,1500,
18260,1,3595,
18261,1,3180,
18262,1,2875,
18263,1,3175,
18264,1,3260,
18265,1,3020,
18266,1,3060,
18267,1,3010,
18268,1,3225,
18269,1,2645,
18270,1,3205,
18271,1,3215,
18272,1,3080,
18273,1,3500,
18274,1,2855,
18275,1,2910,
18276,1,3705,
18277,1,3080,
18278,1,2660,
18279,1,3270,
18280,1,3295,
18281,1,3290,
18282,1,2590,
18283,1,2825,
18284,1,3260,
18285,1,2380,
18286,1,3580,
18287,1,2645,
18288,1,3215,
18289,1,3165,NO
18290,1,2495,
18291,1,2735,
18292,1,3610,
18293,1,2925,
18294,1,3210,
18295,1,2645,
18296,1,3465,
18297,1,3145,
18298,1,2330,
18299,1,2820,
18300,1,1460,
18301,1,4155,
18302,1,2050,
18303,1,2730,
18304,1,2990,
18305,1,3245,
18306,1,2990,
18307,1,3215,
18308,1,3210,
18309,1,3075,
18310,1,2900,
18311,1,3165,
18312,1,2565,
18313,1,3290,
18314,1,3330,
18315,1,3315,
18316,1,3310,NO
18317,1,2855,
18318,1,2840,
18319,1,2920,
18320,1,2375,
18321,1,2350,
18322,1,2820,
18323,1,3065,
18324,1,3225,
18325,1,2910,
18326,1,3300,
18327,1,2840,
18328,1,3065,
18329,1,4500,
18330,1,3345,
18331,1,3015,NO
18332,1,3305,
18333,1,3180,
18334,1,3380,
18335,1,4260,
18336,1,2740,
18337,1,2805,
18338,1,2830,
18339,1,3360,
18340,1,2745,
18341,1,2770,
18342,1,3365,
18343,1,3660,
18344,1,3505,
18345,1,3300,
18346,1,2805,
18347,1,3055,
18348,1,3390,
18349,1,2935,
18350,1,1490,
18351,1,4090,
18352,1,3920,
18353,1,2925,
18354,1,3320,
18355,1,2680,
18356,1,2820,NO
18357,1,2160,
18358,1,2800,
18359,1,3100,
18360,1,3680,
18361,1,3210,
18362,1,665,
18363,1,2430,
18364,1,3120,
18365,1,3290,
18366,1,2810,
18367,1,2645,
18368,1,3160,
18369,1,2865,
18370,1,2710,
18371,1,2850,
18372,1,2910,
18373,1,2700,
18374,1,2610,
18375,1,3250,
18376,1,2500,
18377,1,3290,
18378,1,3245,
18379,1,3665,
18380,1,3035,
18381,1,3295,
18382,1,3760,
18383,1,2945,
18384,1,2395,
18385,1,2645,
18386,1,3100,
18387,1,2830,
18388,1,4535,
18389,1,2315,
18390,1,3100,
18391,1,3340,
18392,1,2705,
18393,1,2060,
18394,1,2910,
18395,1,2945,
18396,1,3000,
18397,1,3095,
18398,1,3320,
18399,1,2890,
18400,1,2570,
18401,1,2675,
18402,1,2930,
18403,1,2735,
18404,1,3735,
18405,1,2955,NO
18406,1,3690,
18407,1,2700,
18408,1,3560,
18409,1,2065,
18410,1,3285,
18411,1,2735,
18412,1,2500,
18413,1,3660,
18414,1,3220,
18415,1,2625,
18416,1,3125,
18417,1,2945,
18418,1,2405,
18419,1,2825,
18420,1,2630,
18421,1,3290,
18422,1,3420,
18423,1,2420,
18424,1,3205,
18425,1,2695,
18426,1,3410,
18427,1,3160,
18428,1,3340,
18429,1,3080,
18430,1,3010,
18431,1,1940,
18432,1,3240,
18433,1,3300,
18434,1,2960,
18435,1,3365,
18436,1,2700,
18437,1,3305,
18438,1,2730,
18439,1,2950,
18440,1,2530,
18441,1,3675,
18442,1,3550,
18443,1,2655,
18444,1,3155,
18445,1,2500,
18446,1,2795,
18447,1,3200,
18448,1,2455,
18449,1,3445,
18450,1,3300,
18451,1,2845,
18452,1,3030,
18453,1,3055,
18454,1,3250,
18455,1,3200,
18456,1,1920,
18457,1,2545,
18458,1,3520,
18459,1,2930,
18460,1,2985,
18461,1,1950,
18462,1,2410,
18463,1,2930,
18464,1,2845,
18465,1,2820,
18466,1,3005,
18467,1,2390,
18468,1,3480,
18469,1,1825,
18470,1,3450,
18471,1,2945,
18472,1,2725,
18473,1,2350,
18474,1,3280,
18475,1,3285,
18476,1,3060,
18477,1,2520,
18478,1,2808,
18479,1,2615,
18480,1,3375,
18481,1,2740,
18482,1,3040,
18483,1,3900,
18484,1,2740,
18485,1,3345,
18486,1,2790,NO
18487,1,1730,
18488,1,2860,
18489,1,2555,
18490,1,3330,
18491,1,3115,
18492,1,3400,
18493,1,3050,
18494,1,3110,
18495,1,2600,
18496,1,2910,
18497,1,3565,
18498,1,2360,
18499,1,3085,
18500,1,2890,
18501,1,2730,
18502,1,3500,
18503,1,3525,
18504,1,3880,
18505,1,2950,
18506,1,2620,
18507,1,2730,
18508,1,2830,
18509,1,3355,
18510,1,2705,
18511,1,3205,
18512,1,2760,
18513,1,3070,
18514,1,2410,
18515,1,3135,
18516,1,3650,
18517,1,2645,
18518,1,3345,
18519,1,3130,
18520,1,2760,
18521,1,2970,
18522,1,2370,
18523,1,3175,
18524,1,3155,
18525,1,3200,
18526,1,2275,
18527,1,3795,
18528,1,3470,
18529,1,2925,
18530,1,3195,
18531,1,2950,
18532,1,2880,
18533,1,2900,
18534,1,3235,
18535,1,3755,
18536,1,3130,
18537,1,3140,
18538,1,2770,
18539,1,2190,
18540,1,2560,
18541,1,2710,
18542,1,1720,
18543,1,1985,
18544,1,3375,
18545,1,3225,
18546,1,2680,
18547,1,3050,
18548,1,3435,
18549,1,2460,
18550,1,2615,
18551,1,2225,
18552,1,3240,
18553,1,2975,
18554,1,2880,
18555,1,3370,
18556,1,2980,
18557,1,1975,
18558,1,2980,
18559,1,3435,
18560,1,3005,
18561,1,3585,
18562,1,2485,
18563,1,2625,
18564,1,3180,
18565,1,2875,
18566,1,3200,
18567,1,2845,
18568,1,2725,
18569,1,2990,
18570,1,3310,
18571,1,3330,
18572,1,3030,
18573,1,3490,
18574,1,3220,
18575,1,3715,
18576,1,2950,
18577,1,3015,
18578,1,3100,
18579,1,2950,
18580,1,3115,
18581,1,2810,
18582,1,3220,
18583,1,2970,
18584,1,2715,
18585,1,2985,
18586,1,3010,
18587,1,3100,
18588,1,3300,
18589,1,3495,
18590,1,3030,
18591,1,3015,
18592,1,3435,
18593,1,3770,
18594,1,3205,
18595,1,3260,
18596,1,3470,
18597,1,2690,
18598,1,2505,
18599,1,2925,
18600,1,3895,
18601,1,3160,
18602,1,2810,
18603,1,3815,
18604,1,3315,
18605,1,2305,
18606,1,3610,
18607,1,3200,
18608,1,3590,
18609,1,2620,
18610,1,2950,
18611,1,3105,
18612,1,2800,
18613,1,585,
18614,1,3120,
18615,1,2295,
18616,1,3145,
18617,1,3165,
18618,1,3610,
18619,1,2670,
18620,1,2595,
18621,1,2550,
18622,1,2385,
18623,1,2850,
18624,1,3090,
18625,1,3325,
18626,1,2940,
18627,1,3115,
18628,1,3495,
18629,1,2960,
18630,1,3520,
18631,1,1735,
18632,1,3640,
18633,1,3870,
18634,1,3220,
18635,1,2980,
18636,1,2850,
18637,1,2830,
18638,1,2760,
18639,1,3010,
18640,1,2635,
18641,1,3440,
18642,1,2675,
18643,1,3525,
18644,1,3390,
18645,1,3580,
18646,1,3700,
18647,1,2990,
18648,1,3040,
18649,1,3435,
18650,1,3430,
18651,1,3135,
18652,1,3930,
18653,1,3475,
18654,1,3755,
18655,1,3505,
18656,1,2835,
18657,1,2310,
18658,1,3135,
18659,1,2270,
18660,1,2690,
18661,1,2750,
18662,1,2835,
18663,1,3075,
18664,1,2460,
18665,1,2975,
18666,1,2740,
18667,1,2990,
18668,1,2440,
18669,1,2505,
18670,1,1500,
18671,1,1490,
18672,1,970,
18673,1,3575,
18674,1,2870,
18675,1,2700,
18676,1,3420,
18677,1,3050,NO
18678,1,2995,
18679,1,2970,
18680,1,3070,
18681,1,3435,
18682,1,2770,
18683,1,2970,
18684,1,2740,
18685,1,2665,
18686,1,3070,
18687,1,555,
18688,1,3145,
18689,1,3015,
18690,1,4025,
18691,1,1895,
18692,1,2160,
18693,1,2105,
18694,1,2980,
18695,1,2910,
18696,1,3135,
18697,1,2720,
18698,1,3100,
18699,1,3586,
18700,1,3580,
18701,1,2645,
18702,1,3065,
18703,1,3530,
18704,1,2775,
18705,1,2810,
18706,1,3870,
18707,1,2700,
18708,1,2870,
18709,1,3560,
18710,1,3275,
18711,1,2450,
18712,1,3605,
18713,1,3115,
18714,1,2635,
18715,1,3840,
18716,1,2310,
18717,1,2940,
18718,1,2800,
18719,1,3125,
18720,1,3920,
18721,1,3260,
18722,1,3460,
18723,1,3315,
18724,1,3800,
18725,1,2900,
18726,1,2950,
18727,1,2965,NO
18728,1,2925,
18729,1,3505,
18730,1,2595,
18731,1,3260,
18732,1,2905,
18733,1,3155,
18734,1,2885,
18735,1,2490,
18736,1,3850,
18737,1,2205,
18738,1,2460,
18739,1,2445,
18740,1,2845,
18741,1,3055,
18742,1,3300,
18743,1,3120,
18744,1,2750,
18745,1,2720,
18746,1,3535,
18747,1,2675,
18748,1,3890,
18749,1,3125,
18750,1,3045,
18751,1,3310,
18752,1,2930,
18753,1,2740,NO
18754,1,3220,
18755,1,2440,
18756,1,3170,
18757,1,3280,
18758,1,3165,
18759,1,2670,
18760,1,3540,
18761,1,3220,
18762,1,3220,
18763,1,2120,
18764,1,3645,
18765,1,3500,
18766,1,2695,
18767,1,3500,
18768,1,3255,
18769,1,2565,
18770,1,2700,
18771,1,3380,
18772,1,2780,
18773,1,3310,
18774,1,3570,
18775,1,3480,
18776,1,3280,
18777,1,3275,
18778,1,3170,
18779,1,3195,
18780,1,2840,
18781,1,2855,
18782,1,3005,
18783,1,2745,
18784,1,2475,
18785,1,2990,
18786,1,3340,
18787,1,2930,
18788,1,3260,
18789,1,3165,
18790,1,2590,
18791,1,3835,
18792,1,2685,
18793,1,2450,
18794,1,3200,
18795,1,3615,
18796,1,3225,
18797,1,2745,
18798,1,2849,
18799,1,2715,
18800,1,3075,
18801,1,3275,
18802,1,3390,
18803,1,3090,
18804,1,3320,
18805,1,3080,
18806,1,2870,
18807,1,2980,
18808,1,3365,
18809,1,3450,
18810,1,3095,
18811,1,2960,
18812,1,3615,
18813,1,3420,
18814,1,3645,
18815,1,2700,
18816,1,3520,
18817,1,2935,
18818,1,2905,
18819,1,2930,
18820,1,3005,
18821,1,3130,
18822,1,3460,
18823,1,2970,
18824,1,2460,
18825,1,3325,
18826,1,3220,
18827,1,3090,
18828,1,2865,
18829,1,3680,
18830,1,3395,
18831,1,3525,
18832,1,3320,
18833,1,2560,
18834,1,3005,
18835,1,2585,
18836,1,2640,
18837,1,3885,
18838,1,2955,
18839,1,3005,
18840,1,3020,
18841,1,2025,
18842,1,1120,
18843,1,2635,
18844,1,3305,
18845,1,2830,
18846,1,3010,
18847,1,2675,
18848,1,1415,
18849,1,2680,
18850,1,2935,
18851,1,2795,
18852,1,2905,
18853,1,3340,
18854,1,2940,
18855,1,3645,
18856,1,3535,
18857,1,3315,
18858,1,3475,
18859,1,2600,
18860,1,3020,
18861,1,2790,
18862,1,3180,
18863,1,3315,
18864,1,3220,
18865,1,3080,
18866,1,2800,
18867,1,3260,
18868,1,3250,
18869,1,3060,
18870,1,2880,
18871,1,2310,
18872,1,3110,
18873,1,3010,
18874,1,2750,
18875,1,1916,
18876,1,2390,
18877,1,3015,
18878,1,3120,
18879,1,2110,
18880,1,2675,
18881,1,3470,
18882,1,3465,
18883,1,3490,
18884,1,3225,
18885,1,2870,
18886,1,2690,
18887,1,2980,
18888,1,3110,
18889,1,2760,
18890,1,3210,
18891,1,2520,
18892,1,3500,
18893,1,3225,
18894,1,3215,
18895,1,2645,
18896,1,3090,
18897,1,2285,
18898,1,2810,
18899,1,2950,
18900,1,3115,
18901,1,2475,
18902,1,2670,
18903,1,2885,
18904,1,3040,
18905,1,3040,
18906,1,2090,NO
18907,1,2695,
18908,1,410,
18909,1,3175,
18910,1,3270,
18911,1,2645,
18912,1,3100,
18913,1,3030,
18914,1,3305,
18915,1,3210,
18916,1,3370,
18917,1,3270,
18918,1,3065,
18919,1,2700,
18920,1,3065,
18921,1,2765,
18922,1,2525,
18923,1,2730,
18924,1,3080,
18925,1,3400,
18926,1,3650,
18927,1,3565,
18928,1,3010,
18929,1,3075,
18930,1,3650,NO
18931,1,3580,
18932,1,2890,
18933,1,3130,
18934,1,3180,
18935,1,4480,
18936,1,3130,
18937,1,2980,
18938,1,3390,
18939,1,3235,
18940,1,3095,
18941,1,2270,
18942,1,3595,
18943,1,2790,
18944,1,3560,
18945,1,3105,
18946,1,2915,
18947,1,3295,NO
18948,1,3080,
18949,1,2885,
18950,1,2790,
18951,1,2795,
18952,1,3205,NO
18953,1,3475,
18954,1,3070,
18955,1,1830,
18956,1,2710,
18957,1,2755,
18958,1,3210,
18959,1,2480,
18960,1,3165,
18961,1,3165,
18962,1,3315,NO
18963,1,2350,
18964,1,205,
18965,1,370,
18966,1,2715,
18967,1,2815,
18968,1,1845,
18969,1,3185,
18970,1,2840,
18971,1,2985,
18972,1,3125,
18973,1,3730,
18974,1,2720,
18975,1,3310,
18976,1,3285,
18977,1,3745,
18978,1,3530,
18979,1,3280,
18980,1,2730,
18981,1,3305,
18982,1,2960,
18983,1,1850,
18984,1,3260,
18985,1,3145,
18986,1,2845,
18987,1,3270,
18988,1,3240,
18989,1,3700,
18990,1,4065,
18991,1,3405,
18992,1,2538,
18993,1,3165,
18994,1,2400,
18995,1,3240,
18996,1,3105,
18997,1,3255,
18998,1,3690,NO
18999,1,2935,
19000,1,2375,
19001,1,3185,
19002,1,2990,
19003,1,3285,
19004,1,2895,
19005,1,3250,
19006,1,2605,
19007,1,3155,
19008,1,2720,
19009,1,2840,
19010,1,3290,
19011,1,2775,
19012,1,3070,
19013,1,2005,
19014,1,2770,
19015,1,3595,
19016,1,3020,
19017,1,2990,
19018,1,2830,
19019,1,3165,
19020,1,2940,
19021,1,2685,
19022,1,3455,
19023,1,2870,
19024,1,1775,
19025,1,3175,
19026,1,3885,
19027,1,3465,NO
19028,1,2750,
19029,1,2555,
19030,1,3655,
19031,1,3310,
19032,1,1989,
19033,1,2855,
19034,1,3240,
19035,1,3410,
19036,1,3065,
19037,1,2975,
19038,1,3620,
19039,1,2535,
19040,1,3260,
19041,1,2945,
19042,1,3005,
19043,1,2745,
19044,1,3050,
19045,1,3345,
19046,1,2960,
19047,1,3135,
19048,1,3425,
19049,1,3075,
19050,1,2995,
19051,1,2135,
19051,2,1920,
19052,1,2915,
19053,1,1640,
19054,1,3500,
19055,1,3165,
19056,1,3245,
19057,1,3135,
19058,1,3905,
19059,1,2955,
19060,1,3125,
19061,1,3185,
19062,1,3060,
19063,1,2675,
19064,1,3385,
19065,1,3500,
19066,1,3495,
19067,1,2950,
19068,1,3420,
19069,1,3135,
19070,1,3290,NO
19071,1,2890,
19072,1,3220,
19073,1,3285,
19074,1,3015,
19075,1,2855,
19076,1,3075,
19077,1,3150,
19078,1,1940,
19079,1,3760,
19080,1,2950,NO
19081,1,2505,
19082,1,2845,
19083,1,2980,
19084,1,2600,
19085,1,3655,
19086,1,2375,
19087,1,3090,
19088,1,3435,
19089,1,2800,
19090,1,2765,
19091,1,2460,NO
19092,1,3110,
19093,1,3205,
19094,1,2990,
19095,1,2960,
19096,1,2120,
19097,1,3215,
19098,1,2955,
19099,1,2810,
19100,1,1520,
19101,1,3370,
19102,1,3045,
19103,1,3245,
19104,1,2730,
19105,1,3810,
19106,1,2750,
19107,1,2475,
19108,1,3300,
19109,1,2590,
19110,1,2210,
19111,1,2450,
19112,1,3125,
19113,1,3130,
19114,1,3350,
19115,1,2610,
19116,1,2875,
19117,1,2585,
19118,1,3170,
19119,1,3225,
19120,1,3395,
19121,1,2500,
19122,1,3120,
19123,1,2615,
19124,1,2300,
19125,1,3530,
19126,1,3205,
19127,1,2645,
19128,1,2685,
19129,1,3420,
19130,1,2575,
19131,1,3040,
19132,1,3060,
19133,1,3380,
19134,1,3360,
19135,1,2415,
19136,1,1130,
19137,1,3325,
19138,1,2945,
19139,1,3460,
19140,1,3595,
19141,1,2920,
19142,1,2780,
19143,1,2910,
19144,1,2120,
19145,1,2905,
19146,1,3240,
19147,1,3225,
19148,1,3125,
19149,1,2965,
19150,1,2685,
19151,1,2998,
19152,1,3520,
19153,1,2945,
19154,1,2735,
19155,1,3400,
19156,1,2020,
19157,1,3100,
19158,1,2960,
19159,1,2975,
19160,1,2740,
19161,1,3200,
19162,1,3380,
19163,1,2350,
19164,1,2770,
19165,1,3065,
19166,1,1790,
19167,1,3360,
19168,1,3415,
19169,1,3090,
19170,1,2660,
19171,1,3360,
19172,1,2390,
19173,1,3580,
19174,1,2325,
19175,1,1015,
19176,1,3655,
19177,1,3410,
19178,1,3585,
19179,1,2575,
19180,1,2675,
19181,1,2185,
19182,1,2900,
19183,1,1630,
19184,1,2900,
19185,1,3320,
19186,1,2770,
19187,1,2520,
19188,1,895,
19189,1,2735,
19190,1,3050,
19191,1,2845,
19192,1,3575,
19193,1,3660,
19194,1,2910,
19195,1,3100,
19196,1,2650,
19197,1,3100,
19198,1,3685,
19199,1,2210,
19200,1,3410,
19201,1,3050,
19202,1,3635,
19203,1,2150,
19204,1,3150,
19205,1,3075,
19206,1,3345,
19207,1,3060,
19208,1,985,
19209,1,2355,
19210,1,3340,
19211,1,2476,
19212,1,3510,
19213,1,3775,
19214,1,2945,
19215,1,2665,
19216,1,4070,
19217,1,3425,
19218,1,3695,
19219,1,2820,
19220,1,3735,NO
19221,1,3025,
19222,1,2680,
19223,1,2730,
19224,1,2490,
19225,1,3255,
19226,1,2785,
19227,1,3555,
19228,1,3380,
19229,1,3240,
19230,1,2825,
19231,1,2690,
19232,1,3515,
19233,1,3115,
19234,1,3930,
19235,1,2455,
19236,1,3065,
19237,1,2705,
19238,1,3880,
19239,1,3420,
19240,1,3030,
19241,1,2480,
19242,1,2975,
19243,1,2940,
19244,1,2530,
19245,1,3380,
19246,1,2805,
19247,1,2450,
19248,1,2970,
19249,1,2780,
19250,1,3410,
19251,1,3150,
19252,1,3840,
19253,1,2815,
19254,1,2990,
19255,1,2320,
19256,1,3478,
19257,1,3535,
19258,1,1310,
19259,1,3135,
19260,1,3145,
19261,1,3145,
19262,1,3280,
19263,1,2775,
19264,1,2770,
19265,1,3105,
19266,1,3580,
19267,1,3200,
19268,1,3815,
19269,1,2320,
19270,1,2610,
19271,1,3045,
19272,1,2970,
19273,1,2550,
19274,1,3280,
19275,1,3250,
19276,1,2695,
19277,1,3040,
19278,1,3110,
19279,1,3735,
19280,1,1695,
19281,1,3010,
19282,1,3110,
19283,1,2860,
19284,1,2895,
19285,1,3760,
19286,1,3220,
19287,1,3235,
19288,1,3750,
19289,1,3600,
19290,1,2860,
19291,1,2670,
19292,1,2720,
19293,1,2020,
19294,1,2350,
19295,1,3400,
19296,1,3170,
19297,1,2515,
19298,1,3170,
19299,1,2670,
19300,1,2545,
19301,1,2600,
19302,1,3385,
19303,1,3300,
19304,1,2710,
19305,1,2810,
19306,1,3030,
19307,1,2965,
19308,1,2353,
19309,1,2985,
19310,1,3190,
19311,1,2855,
19312,1,2270,
19313,1,875,
19314,1,3310,
19315,1,2690,
19316,1,3000,
19317,1,3415,
19318,1,3485,
19319,1,3895,
19320,1,2475,
19321,1,2875,
19322,1,3225,
19323,1,3105,
19324,1,3175,
19325,1,2000,
19326,1,3300,
19327,1,3870,
19328,1,2675,
19329,1,2850,
19330,1,2640,
19331,1,2615,
19332,1,2155,
19333,1,3280,
19334,1,2765,
19335,1,2860,
19336,1,3100,
19337,1,2755,
19338,1,3225,
19339,1,3155,
19340,1,2885,
19341,1,3525,
19342,1,3085,
19343,1,3560,
19344,1,3145,
19345,1,1140,
19346,1,3140,
19347,1,3175,
19348,1,2940,
19349,1,2910,
19350,1,3380,
19351,1,3460,
19352,1,2960,
19353,1,2855,
19354,1,2980,
19355,1,3845,
19356,1,3095,
19357,1,2945,
19358,1,3900,
19359,1,3300,NO
19360,1,2990,
19361,1,2545,
19362,1,3330,
19363,1,2630,
19364,1,4130,
19365,1,4040,
19366,1,2630,
19367,1,3550,
19368,1,3040,
19369,1,3055,
19370,1,3340,
19371,1,3080,
19372,1,3150,
19373,1,3115,
19374,1,3345,
19375,1,2785,
19376,1,2410,
19377,1,2680,
19378,1,3150,
19379,1,2595,
19380,1,2990,
19381,1,3075,
19382,1,2910,
19383,1,2995,
19384,1,3345,
19385,1,3315,
19386,1,3180,
19387,1,3240,
19388,1,2220,
19388,2,2165,
19389,1,2755,
19390,1,3020,
19391,1,3710,
19392,1,3425,
19393,1,2700,
19394,1,2825,
19395,1,2735,
19396,1,3890,
19397,1,3460,
19398,1,2555,
19399,1,3555,
19400,1,3205,
19401,1,3255,
19402,1,2670,
19403,1,3360,
19404,1,3140,
19405,1,2430,
19406,1,3270,
19407,1,3385,
19408,1,2790,
19409,1,2760,
19410,1,3500,
19411,1,3005,
19412,1,3180,
19413,1,4100,
19414,1,2860,
19415,1,3495,
19416,1,3080,
19417,1,2610,
19418,1,3210,
19419,1,3140,
19420,1,3745,
19421,1,3260,
19422,1,3500,
19423,1,3200,
19424,1,3665,
19425,1,2870,
19426,1,2725,
19427,1,2870,
19428,1,2675,
19429,1,3165,
19430,1,3130,
19431,1,3230,
19432,1,3990,
19433,1,2590,
19434,1,2460,
19435,1,3265,
19436,1,3605,
19437,1,3020,
19438,1,3470,
19439,1,2000,
19440,1,2805,
19441,1,3395,
19442,1,3590,
19443,1,3425,
19444,1,3260,
19445,1,3440,
19446,1,2990,
19447,1,3420,
19448,1,2320,
19449,1,3310,
19450,1,3525,
19451,1,2760,
19452,1,3380,
19453,1,2765,
19454,1,2270,
19455,1,2990,
19456,1,3025,
19457,1,2750,
19458,1,3835,
19459,1,2585,
19460,1,2810,
19461,1,4025,
19462,1,3225,
19463,1,2875,
19464,1,785,NO
19465,1,2305,
19466,1,2885,
19467,1,3090,
19468,1,2685,
19469,1,3385,NO
19470,1,2940,
19471,1,2490,
19472,1,2980,
19473,1,2435,
19474,1,3065,
19475,1,1815,
19476,1,3210,
19477,1,2745,
19478,1,3210,
19479,1,3450,
19480,1,3320,
19481,1,3080,
19482,1,3255,
19483,1,2930,
19484,1,3060,
19485,1,3040,
19486,1,3260,
19487,1,2595,
19488,1,3350,
19489,1,3005,
19490,1,2915,
19491,1,2620,
19492,1,3075,
19493,1,3380,
19494,1,2935,
19495,1,2605,
19496,1,2715,
19497,1,2780,
19498,1,2895,
19499,1,2770,
19500,1,3040,
19501,1,2925,
19502,1,3500,
19503,1,2995,
19504,1,3055,
19505,1,3190,
19506,1,2490,
19507,1,2545,
19508,1,3370,
19509,1,3055,
19510,1,3085,
19511,1,1905,
19512,1,2930,
19513,1,3805,
19514,1,2965,
19515,1,3750,
19516,1,2850,
19517,1,3570,
19518,1,2860,
19519,1,2695,
19520,1,3215,
19521,1,2460,
19522,1,2865,
19523,1,2605,
19524,1,3205,
19525,1,3425,
19526,1,2975,
19527,1,3105,NO
19528,1,2950,
19529,1,3080,
19530,1,2450,
19531,1,2675,
19532,1,3995,
19533,1,3980,
19534,1,2210,
19535,1,3060,
19536,1,2755,
19537,1,2980,
19538,1,3320,
19539,1,3295,
19540,1,3620,
19541,1,2965,
19542,1,3160,
19543,1,2845,
19544,1,2900,
19545,1,3475,
19546,1,2360,
19547,1,2685,
19548,1,3085,
19549,1,4270,NO
19550,1,3430,
19551,1,2975,
19552,1,3185,
19553,1,3585,
19554,1,2785,
19555,1,3685,
19556,1,3385,
19557,1,3445,
19558,1,3330,
19559,1,3575,
19560,1,3100,
19561,1,2505,NO
19562,1,3410,
19563,1,3305,
19564,1,2635,
19565,1,3515,
19566,1,3490,
19567,1,3075,
19568,1,2980,
19569,1,3095,
19570,1,3360,
19571,1,2830,
19572,1,3025,
19573,1,1400,
19574,1,3750,
19575,1,3200,
19576,1,1390,
19577,1,2635,
19578,1,3435,
19579,1,3470,
19580,1,2990,
19581,1,2810,
19582,1,3115,
19583,1,2755,
19584,1,1400,
19585,1,3345,
19586,1,2800,
19587,1,3945,
19588,1,2960,
19589,1,3450,
19590,1,2935,
19591,1,3435,
19592,1,3185,
19593,1,1910,
19594,1,3070,
19595,1,3480,
19596,1,2535,
19597,1,3455,NO
19598,1,3350,
19599,1,3720,
19600,1,3080,
19601,1,3475,
19602,1,2485,
19603,1,3310,
19604,1,3005,
19605,1,2995,
19606,1,2910,
19607,1,2210,
19608,1,2100,
19609,1,3070,
19610,1,2910,
19611,1,2600,
19612,1,3200,
19613,1,2790,
19614,1,3210,
19615,1,3150,
19616,1,3090,
19617,1,3315,
19618,1,2280,
19619,1,2595,
19620,1,2625,
19621,1,2345,
19622,1,2740,
19623,1,2895,
19624,1,2940,
19625,1,2995,
19626,1,3720,
19627,1,2870,
19628,1,3045,
19629,1,4380,
19630,1,2755,
19631,1,3085,
19632,1,2645,
19633,1,2125,
19634,1,2745,
19635,1,2905,
19636,1,2900,
19637,1,3665,
19638,1,2835,
19639,1,3420,
19640,1,3250,
19641,1,3175,
19642,1,2140,
19643,1,3080,
19644,1,2930,
19645,1,2780,
19646,1,2840,
19647,1,3650,
19648,1,3300,
19649,1,3145,
19650,1,3890,NO
19651,1,2689,
19652,1,2910,
19653,1,3550,
19654,1,3460,
19655,1,2680,
19656,1,3270,
19657,1,2780,
19658,1,3040,
19659,1,2380,
19660,1,2480,
19661,1,3425,
19662,1,3110,
19663,1,3265,
19664,1,2810,
19665,1,2135,
19666,1,3050,
19667,1,3695,
19668,1,2690,
19669,1,3205,
19670,1,2840,
19671,1,2985,
19672,1,2720,
19673,1,1280,
19674,1,2775,
19675,1,3780,
19676,1,2590,
19677,1,2935,
19678,1,2480,
19679,1,3690,
19680,1,2950,
19681,1,3360,
19682,1,2895,
19683,1,3385,
19684,1,3645,
19685,1,3115,
19686,1,2855,
19687,1,2300,
19688,1,2850,
19689,1,3080,
19690,1,2940,
19691,1,2890,
19692,1,1070,
19693,1,2755,
19694,1,3330,
19695,1,3340,
19696,1,2705,NO
19697,1,3170,
19698,1,2895,
19699,1,3010,
19700,1,2935,
19701,1,3035,
19702,1,2890,
19703,1,2595,
19704,1,3065,
19705,1,1720,
19706,1,3040,
19707,1,3290,
19708,1,2985,
19709,1,2975,
19710,1,3165,
19711,1,2655,
19712,1,2620,
19713,1,3240,
19714,1,3095,
19715,1,2695,
19716,1,2810,
19717,1,3175,
19718,1,3110,
19719,1,3345,
19720,1,2095,
19721,1,3095,
19722,1,3350,
19723,1,2315,NO
19724,1,2405,
19725,1,3885,
19726,1,3020,
19727,1,2655,
19728,1,3360,
19729,1,3950,
19730,1,3545,
19731,1,2565,
19732,1,3240,
19733,1,3205,
19734,1,3125,
19735,1,2815,
19736,1,2100,
19737,1,3210,
19738,1,2245,
19739,1,3340,
19740,1,3040,
19741,1,3960,
19742,1,3105,
19743,1,3600,
19744,1,3300,
19745,1,3160,
19746,1,1680,
19747,1,3330,
19748,1,2465,
19749,1,3365,
19750,1,2515,
19751,1,3165,
19752,1,2835,
19753,1,3570,
19754,1,3335,
19755,1,3480,
19756,1,2825,
19757,1,2020,
19758,1,2655,
19759,1,3020,
19760,1,2700,
19761,1,3480,
19762,1,3115,
19763,1,2670,
19764,1,2525,
19765,1,3320,
19766,1,3610,
19767,1,3340,
19768,1,3045,
19769,1,3270,
19770,1,3275,
19771,1,3420,NO
19772,1,2950,
19773,1,2615,
19774,1,3110,
19775,1,4145,
19776,1,2960,
19777,1,3155,
19778,1,2350,
19779,1,3120,
19780,1,2570,
19781,1,3255,
19782,1,3075,
19783,1,3500,
19784,1,3820,
19785,1,3155,
19786,1,2880,
19787,1,3100,
19788,1,3200,
19789,1,2890,
19790,1,3110,
19791,1,2245,
19792,1,1965,
19793,1,3840,
19794,1,2735,
19795,1,3070,
19796,1,3015,
19797,1,3395,
19798,1,3075,
19799,1,2375,
19800,1,3010,
19801,1,2800,
19802,1,2300,
19803,1,2285,
19804,1,3015,
19805,1,3280,
19806,1,3050,
19807,1,2320,
19808,1,3250,
19809,1,2610,
19810,1,3190,
19811,1,3140,
19812,1,2810,
19813,1,2745,
19814,1,3335,
19815,1,1885,
19816,1,3065,
19817,1,3060,
19818,1,2885,
19819,1,3025,NO
19820,1,2750,
19821,1,2750,
19822,1,3505,
19823,1,2635,
19824,1,3190,
19825,1,3125,
19826,1,3190,
19827,1,3410,
19828,1,2515,
19829,1,2685,
19830,1,2945,
19831,1,3600,
19832,1,2785,
19833,1,2565,
19834,1,3110,
19835,1,3615,
19836,1,2820,
19837,1,1425,
19838,1,2625,
19839,1,3505,
19840,1,3340,
19841,1,3180,
19842,1,3010,
19843,1,2865,
19844,1,3150,
19845,1,2985,
19846,1,2700,
19847,1,3440,
19848,1,3195,
19849,1,3265,
19850,1,3025,
19851,1,2860,
19852,1,2340,
19853,1,3240,
19854,1,3210,
19855,1,3920,
19856,1,2785,
19857,1,2510,
19858,1,1830,
19859,1,2690,
19860,1,2990,
19861,1,2855,
19862,1,2840,
19863,1,2980,
19864,1,3665,
19865,1,3305,
19866,1,3240,
19867,1,2500,NO
19868,1,3240,
19869,1,2920,
19870,1,3025,
19871,1,3025,
19872,1,3015,
19873,1,2180,
19874,1,3625,
19875,1,2240,
19876,1,2890,
19877,1,2970,
19878,1,3065,
19879,1,3105,
19880,1,2240,
19881,1,3690,
19882,1,2895,
19883,1,3230,
19884,1,2740,
19885,1,1600,
19886,1,2680,NO
19887,1,2955,
19888,1,3230,
19889,1,2750,
19890,1,3830,
19891,1,2835,
19892,1,2570,
19893,1,2720,
19894,1,2425,
19895,1,2720,
19896,1,3290,
19897,1,3495,
19898,1,2980,
19899,1,2690,
19900,1,3435,
19901,1,3420,
19902,1,2995,
19903,1,2635,
19904,1,2820,
19905,1,3550,NO
19906,1,3820,
19907,1,2795,
19908,1,3430,
19909,1,3315,
19910,1,2200,
19911,1,2460,
19912,1,2560,
19913,1,2010,
19914,1,3215,
19915,1,2615,
19916,1,2575,
19917,1,3355,
19918,1,2910,
19919,1,3740,
19920,1,2650,
19921,1,3090,
19922,1,3030,
19923,1,3335,
19924,1,680,
19925,1,3650,
19926,1,2820,
19927,1,3340,
19928,1,2930,
19929,1,2825,
19930,1,3780,
19931,1,3400,
19932,1,2175,
19933,1,3325,
19934,1,2825,
19935,1,3455,
19936,1,3455,
19937,1,3795,
19938,1,3380,
19939,1,3315,NO
19940,1,3675,
19941,1,2845,
19942,1,3250,
19943,1,3000,
19944,1,2475,
19945,1,2930,
19946,1,3205,
19947,1,2440,
19948,1,3020,
19949,1,2825,
19950,1,2715,
19951,1,2585,
19952,1,2900,
19953,1,2845,
19954,1,2430,
19955,1,2695,
19956,1,2500,
19957,1,3380,
19958,1,3700,
19959,1,2725,
19960,1,2650,
19961,1,3420,
19962,1,2900,
19963,1,3240,
19964,1,2680,
19965,1,2720,
19966,1,2375,
19967,1,2920,
19968,1,3228,
19969,1,3605,
19970,1,2990,
19971,1,1880,
19972,1,3945,
19973,1,3020,
19974,1,2375,
19975,1,3765,
19976,1,2450,
19977,1,2680,
19978,1,2260,
19979,1,2355,
19980,1,3075,
19981,1,3055,
19982,1,3085,
19983,1,3070,
19984,1,3840,
19985,1,3270,
19986,1,2235,
19987,1,3280,
19988,1,2855,
19989,1,2220,
19990,1,3015,
19991,1,2545,
19992,1,2720,
19993,1,1790,
19994,1,1365,
19995,1,2600,
19996,1,3450,
19997,1,3395,
19998,1,2900,
19999,1,3380,
20000,1,3315,
20001,1,3415,
20002,1,2705,
20003,1,2915,
20004,1,3045,
20005,1,2650,
20006,1,3165,
20007,1,2690,
20008,1,2690,
20009,1,2275,
20010,1,2680,
20011,1,2280,
20012,1,3215,
20013,1,3285,
20014,1,3245,
20015,1,2935,
20016,1,2520,
20017,1,2805,
20017,2,2570,
20018,1,3185,
20019,1,3090,NO
20020,1,2890,
20021,1,3030,
20022,1,3230,NO
20023,1,2275,
20024,1,2500,
20025,1,3220,
20026,1,3801,
20027,1,3005,
20028,1,2840,
20029,1,3605,
20030,1,2680,
20031,1,2820,
20032,1,2980,
20033,1,4670,
20034,1,2990,
20035,1,3170,
20036,1,2755,
20037,1,3460,
20038,1,495,
20039,1,2820,
20040,1,3100,
20041,1,2925,
20042,1,2950,
20043,1,3650,
20044,1,3085,
20045,1,3445,
20046,1,2970,
20047,1,3085,
20048,1,2530,
20049,1,2445,
20050,1,3445,
20051,1,2095,
20052,1,3530,
20053,1,4090,
20054,1,2505,
20055,1,2970,NO
20056,1,2805,
20057,1,3285,
20058,1,3490,
20059,1,3635,
20060,1,3470,
20061,1,3075,
20062,1,3170,
20063,1,2995,
20064,1,2885,
20065,1,3450,
20066,1,3315,
20067,1,3090,
20068,1,3165,
20069,1,3025,
20070,1,3330,
20071,1,2915,
20072,1,3160,
20073,1,3215,
20074,1,4260,
20075,1,3415,
20076,1,3260,
20077,1,2905,
20078,1,3755,
20079,1,2790,
20080,1,2585,
20081,1,2780,
20082,1,2570,
20083,1,2815,
20084,1,3005,
20085,1,3430,
20086,1,3245,
20087,1,2840,
20088,1,3265,
20089,1,2745,
20090,1,3120,
20091,1,3170,
20092,1,3300,
20093,1,3595,
20094,1,3035,
20095,1,3075,
20096,1,3025,
20097,1,3285,
20098,1,3105,
20099,1,3050,
20100,1,2765,
20101,1,2590,
20102,1,2595,
20103,1,2970,
20104,1,3665,
20105,1,3120,
20106,1,3410,
20107,1,3140,
20108,1,3430,
20109,1,3335,
20110,1,3470,
20111,1,3170,
20112,1,3100,
20113,1,2485,
20114,1,2510,
20115,1,3725,
20116,1,2815,
20117,1,2965,
20118,1,3045,
20119,1,2500,
20120,1,3275,
20121,1,2545,
20122,1,3400,
20123,1,3205,
20124,1,3015,
20125,1,3025,
20126,1,2710,
20127,1,3720,
20128,1,2890,
20129,1,3100,
20130,1,2745,
20131,1,2925,
20132,1,3700,
20133,1,2605,
20134,1,3695,
20135,1,3025,
20136,1,2905,
20137,1,2960,
20138,1,2813,
20139,1,3830,
20140,1,3475,
20141,1,3380,
20142,1,2600,
20143,1,2840,
20144,1,3355,
20145,1,5020,NO
20146,1,3380,
20147,1,3015,
20148,1,2900,
20149,1,3765,
20150,1,3595,
20151,1,3175,
20152,1,3240,
20153,1,2950,
20154,1,3685,
20155,1,3365,
20156,1,2420,
20157,1,2360,
20158,1,2800,
20159,1,3578,
20160,1,2525,
20161,1,3010,
20162,1,2965,
20163,1,3105,
20164,1,2495,
20165,1,3405,
20166,1,2100,
20167,1,3340,
20168,1,3175,
20169,1,3140,
20170,1,4015,
20171,1,3610,
20172,1,2600,
20173,1,2605,
20174,1,2450,
20175,1,3330,
20176,1,3140,
20177,1,3020,
20178,1,2475,
20179,1,1945,
20180,1,2340,
20181,1,3430,
20182,1,2955,
20183,1,3035,
20184,1,2980,
20185,1,3350,
20186,1,3180,
20187,1,3195,
20188,1,3535,
20189,1,2270,
20190,1,3015,
20191,1,2875,
20192,1,3805,
20193,1,3385,
20194,1,3385,NO
20195,1,3750,
20196,1,3210,
20197,1,2750,
20198,1,3040,
20199,1,3025,
20200,1,3460,
20201,1,3235,
20202,1,2905,
20203,1,2710,
20204,1,2615,
20205,1,3010,
20206,1,1890,
20207,1,2305,
20208,1,3105,
20209,1,3405,
20210,1,3820,
20211,1,2840,
20212,1,2905,
20213,1,3455,
20214,1,3140,
20215,1,2180,
20216,1,2905,
20217,1,3210,
20218,1,2900,
20219,1,3155,
20220,1,3080,
20221,1,3435,
20222,1,3080,
20223,1,3140,
20224,1,2850,
20225,1,3055,
20226,1,3405,
20227,1,2852,
20228,1,3020,
20229,1,2610,
20230,1,3350,
20231,1,2620,
20232,1,2440,
20233,1,1725,
20234,1,2600,
20235,1,3400,
20236,1,2815,
20237,1,2420,
20238,1,3040,
20239,1,2900,
20240,1,3490,
20241,1,3140,
20242,1,2950,
20243,1,2760,
20244,1,2910,
20245,1,2805,
20246,1,2150,
20247,1,3080,
20248,1,3450,
20249,1,2620,
20250,1,2700,
20251,1,2765,
20252,1,3305,
20253,1,3545,
20254,1,2320,
20255,1,3150,
20256,1,4200,
20257,1,3425,
20258,1,2480,
20259,1,3405,
20260,1,2570,
20261,1,2660,
20262,1,3050,
20263,1,2825,
20264,1,2860,
20265,1,2365,
20266,1,3215,
20267,1,3270,
20268,1,2730,
20269,1,2770,
20270,1,3290,
20271,1,1270,
20272,1,1915,
20273,1,3345,
20274,1,3180,
20275,1,2945,
20276,1,3380,
20277,1,3180,
20278,1,3610,
20279,1,2450,
20280,1,3040,
20281,1,3000,
20282,1,2810,
20283,1,3250,
20284,1,3515,
20285,1,3060,
20286,1,2680,
20287,1,2465,
20288,1,2900,
20289,1,2820,
20290,1,2580,
20291,1,2955,NO
20292,1,2330,
20293,1,2380,
20294,1,3910,
20295,1,2610,
20296,1,3080,
20297,1,1090,
20298,1,3685,
20299,1,2805,
20300,1,3520,
20301,1,3005,
20302,1,3035,
20303,1,2790,
20304,1,2275,
20305,1,2670,
20306,1,3325,
20307,1,2305,
20308,1,2220,
20309,1,2380,
20310,1,2920,
20311,1,3165,NO
20312,1,2635,
20313,1,2850,
20314,1,3455,
20315,1,2820,
20316,1,3030,
20317,1,2600,
20318,1,2646,
20319,1,3585,
20320,1,2980,
20321,1,3145,
20322,1,2940,
20323,1,2840,
20324,1,2825,
20325,1,3105,
20326,1,2720,
20327,1,1700,
20328,1,2770,
20329,1,3035,
20330,1,3505,
20331,1,2730,
20332,1,2725,
20333,1,3005,
20334,1,3375,
20335,1,2145,
20336,1,3585,
20337,1,3590,
20338,1,2890,
20339,1,3615,
20340,1,2745,
20341,1,3415,
20342,1,2785,
20343,1,3540,
20344,1,3240,
20345,1,3020,
20346,1,2710,
20347,1,2865,
20348,1,2530,
20349,1,2640,
20350,1,3170,
20351,1,3365,
20352,1,2800,
20353,1,3400,
20354,1,2990,
20355,1,2870,
20356,1,3190,
20357,1,2980,
20358,1,3610,
20359,1,3545,
20360,1,3200,
20361,1,2895,
20362,1,3020,
20363,1,2870,
20364,1,2945,
20365,1,3470,
20366,1,3030,
20367,1,3530,
20368,1,2990,
20369,1,3355,
20370,1,3315,
20371,1,3100,
20372,1,3245,
20373,1,2125,
20374,1,4605,NO
20375,1,3330,
20376,1,3255,
20377,1,3225,
20378,1,2850,
20379,1,2980,
20380,1,3620,
20381,1,2875,
20382,1,2375,
20383,1,3120,
20384,1,3015,
20385,1,2490,
20386,1,3130,
20387,1,2930,
20388,1,3175,
20389,1,2495,
20390,1,2595,
20391,1,2750,
20392,1,3225,
20393,1,4065,
20394,1,2860,
20395,1,3420,
20396,1,3340,
20397,1,1970,
20398,1,3000,
20399,1,3200,
20400,1,2320,
20401,1,2705,
20402,1,3425,
20403,1,3160,
20404,1,3330,
20405,1,2635,
20406,1,3050,
20407,1,2280,
20408,1,3520,
20409,1,3145,
20410,1,2450,
20411,1,3010,
20412,1,3455,
20413,1,3340,
20414,1,2920,
20415,1,3240,
20416,1,2795,
20417,1,3065,
20418,1,3135,
20419,1,2150,
20420,1,2820,
20421,1,2930,
20422,1,2835,
20423,1,2970,
20424,1,2965,
20425,1,3660,
20426,1,2960,
20427,1,3255,NO
20428,1,2535,
20429,1,2205,
20430,1,1485,NO
20431,1,2670,
20432,1,2705,
20433,1,3055,
20434,1,3460,
20435,1,2290,
20436,1,1720,
20437,1,3120,
20438,1,3145,
20439,1,3135,
20440,1,3235,
20441,1,2240,
20442,1,3050,
20443,1,3160,
20444,1,3525,
20445,1,3440,
20446,1,4200,
20447,1,2530,
20448,1,3790,
20449,1,2985,
20450,1,3715,
20451,1,3070,
20452,1,4400,
20453,1,2850,
20454,1,2500,
20455,1,3576,
20456,1,2020,
20457,1,3725,
20458,1,3040,
20459,1,2860,
20460,1,3655,
20461,1,3050,
20462,1,2065,
20462,2,2140,
20463,1,3110,
20464,1,3245,
20465,1,2840,
20466,1,2995,
20467,1,3210,
20468,1,3490,
20469,1,2810,
20470,1,3150,
20471,1,2500,
20472,1,2285,
20473,1,2365,
20474,1,1735,
20475,1,3080,
20476,1,2205,
20477,1,2755,
20478,1,2910,
20479,1,3075,
20480,1,2495,
20481,1,3005,
20482,1,3710,
20483,1,2490,
20484,1,2730,
20485,1,2495,
20486,1,2835,
20487,1,3440,
20488,1,3005,
20489,1,3570,
20490,1,2150,
20491,1,3030,
20492,1,3575,
20493,1,2900,
20494,1,3330,
20495,1,3655,
20496,1,2810,
20497,1,2830,
20498,1,2675,
20499,1,3725,
20500,1,2590,
20501,1,1695,
20502,1,2185,
20503,1,2650,
20504,1,2740,
20505,1,3040,
20506,1,3550,
20507,1,2625,
20508,1,3175,
20509,1,2670,
20510,1,3075,
20511,1,3030,
20512,1,1600,
20513,1,3755,
20514,1,2385,
20515,1,2960,
20516,1,4165,
20517,1,2970,
20518,1,3190,
20519,1,3055,
20520,1,2980,
20521,1,3250,
20522,1,3110,
20523,1,2685,
20524,1,2935,
20525,1,2990,
20526,1,2630,
20527,1,3000,
20528,1,2930,
20529,1,3565,
20530,1,2720,
20531,1,1365,
20532,1,2870,
20533,1,3390,
20534,1,3435,
20535,1,3160,
20536,1,2655,
20537,1,2690,
20538,1,2560,
20539,1,2860,
20540,1,3340,
20541,1,2850,
20542,1,2425,
20543,1,2980,
20544,1,3340,
20545,1,2460,
20546,1,2660,
20547,1,3500,
20548,1,3250,
20549,1,4200,
20550,1,3290,
20551,1,2725,
20552,1,3050,
20553,1,2335,
20554,1,2510,
20555,1,2990,
20556,1,3695,
20557,1,4160,
20558,1,2705,
20559,1,2660,
20560,1,2770,
20561,1,3400,
20562,1,3000,
20563,1,3130,
20564,1,3180,
20565,1,3020,
20566,1,3400,
20567,1,3135,
20568,1,2020,
20569,1,3200,
20570,1,3165,
20571,1,3200,
20572,1,3130,
20573,1,2070,
20574,1,2775,
20575,1,3610,
20576,1,3470,
20577,1,3320,
20578,1,2175,
20579,1,3470,
20580,1,3485,
20581,1,3485,
20582,1,2450,
20583,1,2560,
20584,1,3775,
20585,1,2350,
20586,1,3580,
20587,1,2285,
20588,1,3685,
20589,1,3790,
20590,1,1980,
20591,1,2635,
20592,1,3005,
20593,1,2985,
20594,1,2270,
20595,1,3420,
20596,1,2960,
20597,1,2680,
20598,1,3085,
20599,1,3590,
20600,1,2020,
20601,1,1815,
20602,1,2525,
20603,1,3120,
20604,1,3180,
20605,1,3285,
20606,1,3305,
20607,1,3730,
20608,1,2735,
20609,1,3045,
20610,1,2790,
20611,1,3190,
20612,1,3365,
20613,1,2505,
20614,1,2650,
20615,1,3400,
20616,1,2810,
20617,1,2765,
20618,1,2495,
20619,1,4280,
20620,1,2765,
20621,1,2930,
20622,1,3710,
20623,1,2980,
20624,1,3280,
20625,1,3280,
20626,1,2895,
20627,1,2845,
20628,1,2630,
20629,1,3695,
20630,1,2745,
20631,1,3660,
20632,1,3060,
20633,1,2780,
20634,1,3170,
20635,1,3415,
20636,1,3495,
20637,1,2850,
20638,1,2485,
20639,1,3530,
20640,1,2295,
20641,1,1780,
20642,1,3250,
20643,1,2595,
20644,1,3200,
20645,1,3180,
20646,1,2510,
20647,1,3095,
20648,1,2790,
20649,1,3475,
20650,1,3230,
20651,1,3850,
20652,1,3190,
20653,1,2730,
20654,1,3425,
20655,1,2345,
20656,1,2885,
20657,1,2580,
20658,1,3150,
20659,1,3250,
20660,1,2710,
20661,1,3065,
20662,1,2795,
20663,1,3500,
20664,1,3080,
20665,1,3350,
20666,1,3100,
20667,1,3040,
20668,1,3640,
20669,1,3115,
20670,1,2740,
20671,1,2500,
20672,1,3065,
20673,1,3519,
20674,1,3050,
20675,1,2720,
20676,1,2180,
20677,1,3460,
20678,1,2945,
20679,1,3140,
20680,1,2135,
20681,1,3295,
20682,1,3495,
20683,1,2710,
20684,1,3260,
20685,1,3535,
20686,1,2740,
20687,1,2785,
20688,1,2890,
20689,1,2780,
20690,1,3105,
20691,1,3735,
20692,1,2845,
20693,1,3260,
20694,1,3425,
20695,1,2545,
20696,1,2995,
20697,1,2905,
20698,1,3020,
20699,1,3355,
20700,1,3795,
20701,1,3555,
20702,1,3220,
20703,1,2800,
20704,1,4125,
20705,1,385,
20706,1,3135,
20707,1,2950,
20708,1,3180,
20709,1,2925,
20710,1,2420,
20711,1,3315,
20712,1,3415,
20713,1,2550,
20714,1,3525,
20715,1,2685,
20716,1,3375,
20717,1,3715,
20718,1,2410,
20719,1,2430,
20720,1,2935,
20721,1,3140,
20722,1,2500,
20723,1,2575,
20724,1,2665,
20725,1,3825,
20726,1,2485,
20727,1,2860,
20728,1,3185,
20729,1,2950,
20730,1,2675,
20731,1,1785,
20732,1,2810,
20733,1,2870,
20734,1,3190,
20735,1,2630,
20736,1,2615,
20737,1,2345,
20738,1,3190,
20739,1,3290,
20740,1,3290,
20741,1,2790,
20742,1,2760,
20743,1,3050,
20744,1,2885,
20745,1,3285,
20746,1,4100,
20747,1,840,
20748,1,2980,
20749,1,2935,
20750,1,3660,
20751,1,3095,
20752,1,2810,
20753,1,2400,
20754,1,3510,
20755,1,2580,
20756,1,2805,
20757,1,3280,
20758,1,2405,
20759,1,3140,
20760,1,2825,
20761,1,3135,
20762,1,2695,
20763,1,2685,
20764,1,3155,
20765,1,2960,
20766,1,,
20766,2,,
20767,1,2665,
20768,1,3390,
20769,1,3025,
20770,1,2440,
20771,1,3150,
20772,1,3990,
20773,1,3150,
20774,1,3095,
20775,1,3810,
20776,1,2760,
20777,1,2670,
20778,1,3830,
20779,1,2945,
20780,1,2895,
20781,1,2900,
20782,1,3540,
20783,1,2805,
20784,1,3030,
20785,1,2890,
20786,1,2520,
20787,1,3190,NO
20788,1,2950,
20789,1,2010,
20790,1,1615,
20791,1,2630,
20792,1,2045,
20793,1,3610,
20794,1,3130,
20795,1,2570,
20796,1,2900,
20797,1,2965,
20798,1,3225,
20799,1,2920,
20800,1,2605,
20801,1,2580,
20802,1,2968,
20803,1,2975,NO
20804,1,3370,
20805,1,2520,
20806,1,3495,
20807,1,2925,
20808,1,2865,
20809,1,2755,
20810,1,3085,
20811,1,3490,
20812,1,3920,
20813,1,3065,
20814,1,2890,
20815,1,2620,
20816,1,2575,
20817,1,3775,
20818,1,2600,
20819,1,3300,
20820,1,3390,
20821,1,3048,
20822,1,2975,
20823,1,750,
20824,1,3320,
20825,1,3460,
20826,1,3315,
20827,1,3070,
20828,1,1960,
20829,1,2845,
20830,1,2975,
20831,1,2960,
20832,1,3020,
20833,1,2575,
20834,1,2540,
20835,1,2905,
20836,1,3095,
20837,1,2550,
20838,1,3085,NO
20839,1,3570,
20840,1,3045,
20841,1,2915,
20842,1,2305,
20843,1,3125,
20844,1,2365,
20845,1,2520,
20846,1,2740,
20847,1,3145,
20848,1,3160,
20849,1,3040,
20850,1,3220,
20851,1,3180,
20852,1,3415,
20853,1,3070,
20854,1,2510,
20855,1,2575,
20856,1,3370,
20857,1,3315,
20858,1,2325,
20859,1,3100,
20860,1,3105,
20861,1,3350,
20862,1,3425,
20863,1,3755,
20864,1,2280,
20865,1,2885,
20866,1,3255,
20867,1,2160,
20868,1,3500,
20869,1,3605,
20870,1,3280,
20871,1,2275,
20872,1,2670,
20873,1,2975,
20874,1,3350,
20875,1,2970,
20876,1,3095,
20877,1,2955,
20878,1,3235,
20879,1,3320,
20880,1,2900,
20881,1,3025,
20882,1,2810,
20883,1,2860,
20884,1,2770,
20885,1,2950,
20886,1,2870,
20887,1,2940,
20888,1,3320,
20889,1,2175,
20890,1,2235,
20891,1,3150,
20892,1,2840,
20893,1,1200,
20894,1,3120,
20895,1,2815,
20896,1,2008,
20897,1,2905,
20898,1,2745,
20899,1,3690,
20900,1,2620,
20901,1,3050,
20902,1,3775,
20903,1,2955,
20904,1,3075,
20905,1,2905,
20906,1,2820,
20907,1,2190,
20908,1,2775,
20909,1,2775,
20910,1,2875,
20911,1,2625,
20912,1,2450,
20913,1,565,
20914,1,2790,
20915,1,3730,
20916,1,3155,
20917,1,2965,
20918,1,2260,
20919,1,3900,
20920,1,3390,
20921,1,2085,
20922,1,3290,
20923,1,3120,
20924,1,2495,
20925,1,2710,
20926,1,3065,
20927,1,2610,
20928,1,2815,
20929,1,3315,
20930,1,2610,
20931,1,3730,NO
20932,1,2990,
20933,1,3035,
20934,1,3065,
20935,1,3005,
20936,1,2925,
20937,1,2220,
20938,1,3005,
20939,1,2340,
20940,1,2990,
20941,1,3255,
20942,1,3075,
20943,1,2835,
20944,1,2900,
20945,1,3130,
20946,1,2940,
20947,1,3405,
20948,1,3020,
20949,1,3315,
20950,1,3515,
20951,1,2995,
20952,1,1550,
20953,1,3025,
20954,1,3415,
20955,1,3150,
20956,1,2905,
20957,1,3465,
20958,1,2780,
20959,1,3555,
20960,1,2925,
20961,1,3045,
20962,1,3470,
20963,1,2870,
20964,1,3350,
20965,1,2750,NO
20966,1,3175,
20967,1,3250,
20968,1,3240,
20969,1,3030,
20970,1,3080,
20971,1,3495,
20972,1,3175,
20973,1,2780,
20974,1,2650,
20975,1,2200,
20976,1,2450,
20977,1,3400,
20978,1,2980,
20979,1,2910,
20980,1,3000,
20981,1,3360,
20982,1,3445,
20983,1,2555,
20984,1,2250,
20985,1,2545,
20986,1,3800,
20987,1,2360,
20988,1,2825,
20989,1,3220,
20990,1,2825,
20991,1,2675,
20992,1,3560,
20993,1,3060,
20994,1,3580,
20995,1,2850,
20996,1,2595,
20997,1,2775,
20998,1,3135,
20999,1,2030,
21000,1,2605,
21001,1,3090,
21002,1,3425,
21003,1,3425,
21004,1,2720,
21005,1,3865,
21006,1,3180,
21007,1,3210,
21008,1,3035,
21009,1,3120,
21010,1,3020,NO
21011,1,3055,
21012,1,3590,
21013,1,3125,
21014,1,2675,
21015,1,2630,
21016,1,3215,
21017,1,2990,
21018,1,2870,
21019,1,2710,
21020,1,3210,
21021,1,2475,
21022,1,3500,
21023,1,2675,
21024,1,3035,
21025,1,3350,
21026,1,3045,NO
21027,1,2580,NO
21028,1,3260,
21029,1,3335,
21030,1,3080,
21031,1,2525,
21032,1,2365,
21033,1,2095,
21034,1,2465,
21035,1,2875,
21036,1,3055,NO
21037,1,2825,
21038,1,3020,
21039,1,2945,
21040,1,2735,
21041,1,4600,
21042,1,2035,
21043,1,3490,
21044,1,2690,
21045,1,3125,
21046,1,3760,
21047,1,2805,
21048,1,3500,
21049,1,2880,
21050,1,2365,
21051,1,3095,
21052,1,3180,
21053,1,3485,
21054,1,3330,
21055,1,3275,
21056,1,2960,
21057,1,3565,
21058,1,2970,
21059,1,2840,
21060,1,3225,
21061,1,3080,
21062,1,3750,
21063,1,2080,
21064,1,2890,
21065,1,3140,
21066,1,3570,
21067,1,3035,
21068,1,2895,
21069,1,2665,
21069,2,2550,
21070,1,3150,
21071,1,3500,
21072,1,2700,
21073,1,3245,
21074,1,2980,
21075,1,2655,
21076,1,2365,
21077,1,3080,
21078,1,2910,
21079,1,2990,
21080,1,3400,
21081,1,2250,
21082,1,2715,
21083,1,2900,
21084,1,2920,
21085,1,3150,
21086,1,2280,
21087,1,3600,
21088,1,2630,
21089,1,3120,
21090,1,3030,
21091,1,3185,
21092,1,3160,
21093,1,2555,
21094,1,3020,
21095,1,2605,NO
21096,1,2870,
21097,1,3775,
21098,1,3085,
21099,1,3415,
21100,1,2875,
21101,1,3035,
21102,1,2875,
21103,1,3665,
21104,1,3185,
21105,1,2360,
21106,1,3665,
21107,1,3270,
21108,1,2300,
21109,1,2920,
21110,1,3215,
21111,1,3230,
21112,1,2710,
21113,1,2420,
21114,1,2850,
21115,1,3365,
21116,1,2290,
21117,1,3005,
21118,1,2905,
21119,1,2495,
21120,1,3000,
21121,1,3375,NO
21122,1,2095,
21123,1,2975,
21124,1,3035,
21125,1,3480,
21126,1,2305,
21127,1,3070,
21128,1,2265,
21129,1,3050,
21130,1,2900,
21131,1,2815,
21132,1,2100,
21133,1,4000,
21134,1,2715,
21135,1,3095,
21136,1,3095,
21137,1,2970,
21138,1,3390,
21139,1,4325,
21140,1,3370,
21141,1,1320,
21142,1,3370,
21143,1,3055,
21144,1,2720,
21145,1,2820,
21146,1,3245,
21147,1,3010,
21148,1,3090,
21149,1,3750,
21150,1,3325,
21151,1,1260,
21152,1,1835,
21153,1,2445,
21154,1,1440,
21155,1,2705,
21156,1,2890,
21157,1,3495,
21158,1,3215,
21159,1,2700,
21160,1,3110,
21161,1,2575,
21162,1,3310,
21163,1,3250,
21164,1,2610,
21165,1,2680,
21166,1,2755,
21167,1,3125,
21168,1,3390,
21169,1,2700,
21170,1,3405,
21171,1,2870,
21172,1,2930,
21173,1,2660,
21174,1,2605,
21175,1,3505,
21176,1,3340,
21177,1,2615,
21178,1,2490,
21179,1,2500,
21180,1,3150,
21181,1,2515,
21182,1,1500,
21183,1,2290,
21184,1,2695,
21185,1,3310,
21186,1,3165,
21187,1,2505,
21188,1,2965,
21189,1,3210,
21190,1,3110,
21191,1,2270,
21191,2,2430,
21192,1,3010,
21193,1,2370,
21194,1,2840,
21195,1,2485,
21196,1,3540,
21197,1,2250,
21198,1,3090,
21199,1,2840,
21200,1,2435,
21201,1,3740,
21202,1,2960,
21203,1,2030,
21204,1,2905,
21205,1,3075,
21206,1,3325,
21207,1,2788,
21208,1,3240,
21209,1,2810,
21210,1,3010,
21211,1,3400,
21212,1,3275,
21213,1,3275,
21214,1,3540,
21215,1,3505,
21216,1,3255,
21217,1,2515,
21218,1,3810,
21219,1,3340,
21220,1,3205,
21221,1,2500,
21222,1,3900,
21223,1,2330,
21224,1,3330,
21225,1,3765,
21226,1,3410,
21227,1,3345,
21228,1,2850,
21229,1,3480,
21230,1,2675,
21231,1,3090,
21232,1,3740,
21233,1,3140,
21234,1,3450,
21235,1,3275,
21236,1,2865,
21237,1,3710,
21238,1,2885,
21239,1,3095,
21240,1,3740,
21241,1,2075,
21242,1,3175,
21243,1,3185,
21244,1,2975,
21245,1,4055,
21246,1,3315,
21247,1,3590,
21248,1,3220,
21249,1,2135,
21250,1,2290,
21251,1,3570,
21252,1,3580,
21253,1,3100,
21254,1,3100,
21255,1,3420,
21256,1,2695,
21257,1,3960,
21258,1,3405,
21259,1,2915,
21260,1,2605,
21261,1,3235,
21262,1,3200,
21263,1,3555,
21264,1,3015,
21265,1,2800,
21266,1,2965,
21267,1,5000,
21268,1,2695,
21269,1,2715,
21270,1,3215,
21271,1,3445,
21272,1,2940,
21273,1,3080,
21274,1,2625,
21275,1,2895,
21276,1,3125,
21277,1,2240,
21278,1,2585,
21279,1,3300,
21280,1,3395,
21281,1,2745,
21282,1,3500,
21283,1,2620,
21284,1,2850,
21285,1,3066,
21286,1,3260,
21287,1,2780,
21288,1,3550,
21289,1,2750,
21290,1,3260,
21291,1,3245,
21292,1,3555,NO
21293,1,3130,
21294,1,3445,
21295,1,3255,
21296,1,2965,
21297,1,2718,
21298,1,3150,
21299,1,3110,
21300,1,3445,
21301,1,3150,
21302,1,2840,
21303,1,3145,
21304,1,3680,
21305,1,2640,
21306,1,3525,
21307,1,2970,
21308,1,3020,
21309,1,3310,
21310,1,3375,
21311,1,2710,
21312,1,3315,
21313,1,3015,
21314,1,2925,
21315,1,2735,
21316,1,3700,
21317,1,2085,
21318,1,3120,
21319,1,2900,
21320,1,3345,NO
21321,1,3095,
21322,1,3210,
21323,1,3025,
21324,1,3210,
21325,1,3200,
21326,1,3185,
21327,1,2815,
21328,1,2830,
21329,1,3190,
21330,1,2885,
21331,1,3230,
21332,1,2825,
21333,1,3030,
21334,1,3705,
21335,1,2330,
21336,1,1990,
21337,1,2075,
21338,1,2795,
21339,1,3475,
21340,1,4055,
21341,1,3118,
21342,1,3070,
21343,1,3180,
21344,1,3465,
21345,1,550,
21346,1,2770,
21347,1,2930,
21348,1,2890,
21349,1,3095,
21350,1,2685,
21351,1,3285,
21352,1,2465,
21353,1,3675,
21354,1,3180,
21355,1,3230,
21356,1,2985,
21357,1,2455,
21358,1,2990,
21359,1,3575,
21360,1,3558,
21361,1,2825,
21362,1,2820,
21363,1,2825,
21364,1,3590,
21365,1,3040,
21366,1,2645,
21367,1,2695,
21368,1,3270,
21369,1,2816,
21370,1,2610,
21371,1,2655,
21372,1,3135,
21373,1,3680,
21374,1,2875,
21375,1,2470,
21376,1,1675,
21377,1,2505,
21378,1,3270,
21379,1,3130,
21380,1,3650,
21381,1,2250,
21381,2,1940,
21382,1,2715,
21383,1,2970,
21384,1,4035,
21385,1,3295,
21386,1,2865,
21387,1,2510,
21388,1,3905,
21389,1,3320,
21390,1,3335,
21391,1,3575,
21392,1,2665,
21393,1,2275,
21394,1,2970,
21395,1,2575,
21396,1,1645,
21397,1,2665,
21398,1,3910,
21399,1,2355,NO
21400,1,2775,
21401,1,3720,
21402,1,2535,
21403,1,1375,
21404,1,2845,
21405,1,3265,
21406,1,3030,
21407,1,2970,
21408,1,2825,
21409,1,2850,
21410,1,3375,
21411,1,4250,
21412,1,3285,
21413,1,3340,
21414,1,2915,
21415,1,3140,
21416,1,2730,
21417,1,2680,
21418,1,2900,
21419,1,3590,
21420,1,2720,
21421,1,3120,
21422,1,3650,
21423,1,3010,
21424,1,3040,
21425,1,2430,
21426,1,2945,
21427,1,3335,
21428,1,3230,
21429,1,3175,
21430,1,3430,
21431,1,3170,
21432,1,3465,
21433,1,3540,
21434,1,2530,
21435,1,1490,
21436,1,3535,
21437,1,3515,
21438,1,2630,
21439,1,2790,
21440,1,2830,
21441,1,2880,
21442,1,3285,
21443,1,3350,
21444,1,2880,
21445,1,2925,
21446,1,3845,
21447,1,2465,
21448,1,3320,
21449,1,2650,
21450,1,2668,
21451,1,2680,
21452,1,3285,
21453,1,2965,
21454,1,3275,
21455,1,3195,
21456,1,3380,
21457,1,2850,
21458,1,3310,
21459,1,2965,
21460,1,2280,
21461,1,3665,
21462,1,1605,
21463,1,2670,
21464,1,2735,
21465,1,2440,
21466,1,3425,
21467,1,2660,
21468,1,2560,
21469,1,3260,
21470,1,3200,
21471,1,2540,
21472,1,3125,
21473,1,2500,
21474,1,3375,
21475,1,3360,
21476,1,2915,
21477,1,2940,
21478,1,2890,
21479,1,2790,
21480,1,2945,
21481,1,1420,
21482,1,3460,
21483,1,3090,
21484,1,2500,
21485,1,3225,
21486,1,2735,
21487,1,2795,
21488,1,2570,
21489,1,2555,
21490,1,2555,
21491,1,2750,
21492,1,2650,
21493,1,3280,
21494,1,3215,
21495,1,2510,
21496,1,3715,
21497,1,2645,
21498,1,3245,
21499,1,3400,
21500,1,4055,
21501,1,3155,
21502,1,3400,
21503,1,2905,
21504,1,3480,
21505,1,3260,
21506,1,2670,
21507,1,2875,
21508,1,3050,
21509,1,3950,
21510,1,3730,
21511,1,2170,
21512,1,2460,
21513,1,3920,
21514,1,2895,
21515,1,3720,
21516,1,3435,NO
21517,1,3835,
21518,1,3465,
21519,1,2690,
21520,1,3415,
21521,1,3145,
21522,1,3310,
21523,1,3390,
21524,1,2930,
21525,1,2865,
21526,1,2855,
21527,1,3030,
21528,1,2470,
21529,1,3530,
21530,1,1750,
21531,1,3740,
21532,1,3685,
21533,1,3570,
21534,1,3300,
21535,1,2835,
21536,1,3165,
21537,1,2590,
21538,1,2785,
21539,1,2500,
21540,1,3085,
21541,1,2710,
21542,1,3400,
21543,1,2860,
21544,1,3990,
21545,1,2310,
21546,1,2970,
21547,1,3270,
21548,1,2675,
21549,1,2700,
21550,1,3360,
21551,1,2860,
21552,1,3740,
21553,1,2560,
21554,1,3400,
21555,1,3480,
21556,1,2920,
21557,1,3475,
21558,1,2935,
21559,1,3175,
21560,1,2950,
21561,1,1885,
21562,1,3050,
21563,1,2900,
21564,1,3805,
21565,1,2545,
21566,1,2630,
21567,1,2545,
21568,1,3505,
21569,1,3295,
21570,1,3725,
21571,1,2285,
21572,1,2975,
21573,1,3135,
21574,1,2950,
21575,1,2785,
21576,1,3250,
21577,1,3240,
21578,1,3490,
21579,1,2265,
21580,1,3380,
21581,1,2720,
21582,1,3020,
21583,1,2425,
21584,1,2580,
21585,1,2875,
21586,1,2450,
21587,1,3235,
21588,1,4080,NO
21589,1,2895,
21590,1,3870,
21591,1,3320,
21592,1,2595,
21593,1,3220,
21594,1,3250,
21595,1,2450,
21596,1,3350,
21597,1,3575,
21598,1,2580,
21599,1,4190,
21600,1,3140,
21601,1,3015,
21602,1,3430,
21603,1,2755,
21604,1,2320,
21605,1,3490,
21606,1,3100,
21607,1,3475,
21608,1,3245,
21609,1,3115,
21610,1,3075,
21611,1,2850,
21612,1,2800,
21613,1,2990,
21614,1,2895,NO
21615,1,3240,
21616,1,2925,
21617,1,2255,
21618,1,3715,
21619,1,2810,
21620,1,3145,
21621,1,3440,
21622,1,3035,
21623,1,2675,
21624,1,2600,
21625,1,3140,
21626,1,2740,
21627,1,2935,
21628,1,3500,
21629,1,3180,
21630,1,3300,
21631,1,3665,
21632,1,2525,
21633,1,2600,
21634,1,2855,
21635,1,2885,
21636,1,3900,
21637,1,3015,
21638,1,3055,NO
21639,1,2715,
21640,1,3170,
21641,1,3125,
21642,1,4300,
21643,1,2750,
21644,1,3080,
21645,1,3030,
21646,1,2565,
21647,1,2975,
21648,1,3750,
21649,1,2740,
21650,1,2970,
21651,1,3475,
21652,1,3690,
21653,1,2700,
21654,1,3010,
21655,1,2810,
21656,1,2775,
21657,1,3315,
21658,1,3290,
21659,1,3180,
21660,1,3430,
21661,1,3570,
21662,1,3285,
21663,1,2945,
21664,1,2780,
21665,1,2420,
21666,1,2865,
21667,1,3135,
21668,1,3135,
21669,1,3065,
21670,1,2195,
21671,1,2525,
21672,1,3080,
21673,1,1735,
21674,1,2985,
21675,1,3358,
21676,1,2795,
21677,1,2715,
21678,1,3400,
21679,1,3045,
21680,1,3065,
21681,1,2325,
21682,1,3146,
21683,1,3350,
21684,1,2130,
21685,1,2890,
21686,1,3305,
21687,1,3115,
21688,1,3500,
21689,1,3385,
21690,1,2495,
21691,1,3440,
21692,1,680,
21693,1,2545,
21694,1,3530,
21695,1,3450,
21696,1,3090,
21697,1,2295,
21698,1,3190,
21699,1,2560,
21700,1,3590,
21701,1,2880,
21702,1,3605,
21703,1,2820,
21704,1,2605,
21705,1,1860,
21706,1,3255,
21707,1,3625,
21708,1,2630,
21709,1,2990,
21710,1,2815,
21711,1,3540,
21712,1,3285,
21713,1,2590,
21714,1,2275,
21715,1,2675,
21716,1,2915,
21717,1,3910,
21718,1,3015,
21719,1,3010,
21720,1,3045,
21721,1,2850,
21722,1,2705,
21723,1,3900,
21724,1,2815,
21725,1,2685,
21726,1,3125,
21727,1,3855,
21728,1,3740,
21729,1,2900,
21730,1,3240,
21731,1,3015,
21732,1,2725,
21733,1,2950,
21734,1,2425,
21735,1,3135,
21736,1,2395,
21737,1,2995,
21738,1,3550,NO
21739,1,3545,
21740,1,2945,
21741,1,2940,
21742,1,2725,
21743,1,3260,
21744,1,3885,
21745,1,3730,
21746,1,3680,
21747,1,3740,
21748,1,2160,
21749,1,2685,
21750,1,2475,
21751,1,3300,
21752,1,2790,
21753,1,3860,
21754,1,2375,
21755,1,3055,
21756,1,3110,
21757,1,2715,
21758,1,3150,
21759,1,3930,
21760,1,2945,
21761,1,3685,
21762,1,2090,
21763,1,2955,
21764,1,3105,
21765,1,2610,
21766,1,3050,
21767,1,3080,
21768,1,2765,
21769,1,3615,
21770,1,2795,
21771,1,2680,
21772,1,3795,
21773,1,3675,
21774,1,3240,
21775,1,3800,
21776,1,3585,
21777,1,2935,
21778,1,3180,
21779,1,3260,
21780,1,3215,
21781,1,3060,
21782,1,3090,
21783,1,2760,
21784,1,2610,
21785,1,3070,
21786,1,2615,
21787,1,3550,
21788,1,3205,
21789,1,3175,
21790,1,2220,
21791,1,2385,NO
21792,1,3485,
21793,1,2735,
21794,1,2830,
21795,1,2640,
21796,1,3200,
21797,1,2085,
21798,1,2885,
21799,1,4130,
21800,1,3180,
21801,1,3106,
21802,1,3820,
21803,1,2665,
21804,1,3225,
21805,1,3055,
21806,1,2485,
21807,1,2835,
21808,1,2510,
21809,1,3275,
21810,1,4080,
21811,1,3050,
21812,1,3320,
21813,1,3180,
21814,1,2575,
21815,1,3480,
21816,1,3750,
21817,1,3350,
21818,1,3050,
21819,1,3705,
21820,1,2870,
21821,1,3435,
21822,1,3355,
21823,1,3375,
21824,1,2610,
21825,1,2095,
21826,1,3185,
21827,1,3480,
21828,1,2340,
21829,1,3130,
21830,1,3330,
21831,1,3345,
21832,1,2955,
21833,1,2930,
21834,1,3190,NO
21835,1,2495,
21836,1,2855,
21837,1,2545,
21838,1,2750,
21839,1,2245,
21840,1,3320,
21841,1,2540,
21842,1,2970,
21843,1,3095,
21844,1,3160,
21845,1,2725,
21846,1,2845,
21847,1,3665,
21848,1,2720,
21849,1,2750,
21850,1,3925,
21851,1,2745,
21852,1,2715,
21853,1,2955,
21854,1,2400,
21855,1,2995,
21856,1,3350,
21857,1,3155,
21858,1,3510,
21859,1,3185,
21860,1,2565,
21861,1,1765,
21862,1,3095,
21863,1,2715,
21864,1,2880,
21865,1,2930,
21866,1,3285,
21867,1,2580,
21868,1,3020,
21869,1,2975,
21870,1,2655,
21871,1,3350,
21872,1,4080,
21873,1,2980,
21874,1,2910,
21875,1,2715,
21876,1,2780,
21877,1,3430,
21878,1,3300,
21879,1,3030,
21880,1,3300,
21881,1,3485,
21882,1,3110,
21883,1,2930,
21884,1,2785,
21885,1,2725,
21886,1,3275,
21887,1,3265,
21888,1,2650,
21889,1,2960,
21890,1,3195,
21891,1,2840,
21892,1,2955,
21893,1,3410,
21894,1,2980,
21895,1,3385,
21896,1,3930,
21897,1,2880,
21898,1,3155,
21899,1,3040,
21900,1,2740,
21901,1,2905,
21902,1,3225,
21903,1,3965,
21904,1,3470,
21905,1,3165,
21906,1,3870,
21907,1,3265,
21908,1,2225,
21909,1,3650,
21910,1,3860,
21911,1,2935,
21912,1,2850,
21913,1,2910,
21914,1,2900,
21915,1,3950,
21916,1,2630,
21917,1,1005,
21918,1,3075,
21919,1,2860,
21920,1,3360,
21921,1,2895,
21922,1,3325,
21923,1,3290,
21924,1,3105,
21925,1,2865,
21926,1,2400,
21927,1,3235,
21928,1,2920,
21929,1,1885,
21930,1,3855,
21931,1,1930,
21932,1,2810,
21933,1,3055,
21934,1,3285,
21935,1,2565,
21936,1,2785,
21937,1,3030,
21938,1,2125,
21939,1,2390,
21940,1,3125,
21941,1,3375,
21942,1,3320,
21943,1,2805,
21944,1,3055,
21945,1,2730,
21946,1,3190,
21947,1,3530,
21948,1,3435,
21949,1,2900,
21950,1,3550,
21951,1,2895,
21952,1,3255,
21953,1,2460,
21954,1,3110,
21955,1,3340,
21956,1,2930,
21957,1,2075,
21958,1,3870,
21959,1,2780,
21960,1,3500,
21961,1,3490,
21962,1,3015,
21963,1,2970,
21964,1,2665,
21965,1,3385,
21966,1,2855,
21967,1,2415,
21968,1,2780,
21969,1,3135,
21970,1,3190,
21971,1,2675,
21972,1,3180,
21973,1,3750,
21974,1,2690,
21975,1,2842,
21976,1,3155,
21977,1,2715,
21978,1,3420,
21979,1,2785,
21980,1,2820,
21981,1,3215,
21982,1,2545,
21983,1,3850,
21984,1,2470,
21985,1,2930,
21986,1,2865,
21987,1,4195,
21988,1,2605,
21989,1,3025,
21990,1,3125,
21991,1,3110,
21992,1,3130,
21993,1,3835,
21994,1,620,
21995,1,2345,
21996,1,2560,
21997,1,2545,
21998,1,2785,
21999,1,2490,
22000,1,2830,
22001,1,3125,
22002,1,2440,
22003,1,2430,
22004,1,2615,
22005,1,3505,
22006,1,2655,
22007,1,2845,
22008,1,3250,
22009,1,2910,
22010,1,2800,
22011,1,2825,
22012,1,2935,
22013,1,3475,
22014,1,2440,
22015,1,2390,
22016,1,2975,
22017,1,3305,
22018,1,2285,
22019,1,2730,
22020,1,3205,
22021,1,3165,
22022,1,3240,
22023,1,3070,
22024,1,3265,
22025,1,3460,
22026,1,3175,
22027,1,3205,
22028,1,2785,
22029,1,4550,
22030,1,1695,
22031,1,3410,
22032,1,2525,
22033,1,2480,
22034,1,3605,
22035,1,2760,
22036,1,1740,
22037,1,2685,
22038,1,2115,
22039,1,3435,
22040,1,3375,
22041,1,2640,
22042,1,3260,
22043,1,3340,
22044,1,2545,
22045,1,2850,
22046,1,2950,
22047,1,3180,
22048,1,2930,
22049,1,2885,
22050,1,2795,
22051,1,3285,
22052,1,2515,
22053,1,3100,
22054,1,3080,
22055,1,2910,
22056,1,513,
22057,1,2955,NO
22058,1,2710,
22059,1,2555,
22060,1,3725,
22061,1,2380,
22062,1,2430,
22063,1,2850,
22064,1,3175,
22065,1,2680,
22066,1,1900,
22067,1,2540,
22068,1,3230,
22069,1,3125,
22070,1,2755,
22071,1,2900,
22072,1,3240,
22073,1,3125,
22074,1,2350,
22075,1,3165,
22076,1,3555,
22077,1,2830,
22078,1,2700,
22079,1,2780,
22080,1,2915,
22081,1,2645,NO
22082,1,3300,
22083,1,3315,
22084,1,2485,
22085,1,3250,
22086,1,3035,
22087,1,3660,
22088,1,3490,
22089,1,2830,
22090,1,3145,
22091,1,2555,
22092,1,2610,
22093,1,3150,
22094,1,2700,
22095,1,2965,
22096,1,2880,
22097,1,1585,
22098,1,2625,
22099,1,3750,
22100,1,3090,
22101,1,2950,
22102,1,3020,
22103,1,3335,
22104,1,3190,
22105,1,2865,
22106,1,2665,
22107,1,3025,
22108,1,3025,
22109,1,3065,
22110,1,3120,
22111,1,2835,
22112,1,3065,
22113,1,2415,
22114,1,2780,
22115,1,3270,
22116,1,2835,
22117,1,2935,
22118,1,3930,
22119,1,3570,
22120,1,2150,
22121,1,2045,
22121,2,2145,
22122,1,2725,
22123,1,2255,
22124,1,2580,
22125,1,3460,
22126,1,3400,
22127,1,3170,
22128,1,3040,
22129,1,2595,
22130,1,3245,
22131,1,3475,
22132,1,2905,
22133,1,3285,
22134,1,3315,
22135,1,3415,
22136,1,2130,
22137,1,2495,
22138,1,3795,
22139,1,3195,
22140,1,3290,
22141,1,3600,
22142,1,2755,
22143,1,2590,
22144,1,3195,
22145,1,2585,
22146,1,2855,
22147,1,3015,
22148,1,2850,
22149,1,3370,
22150,1,2830,
22151,1,3250,
22152,1,2995,
22153,1,3025,
22154,1,2840,
22155,1,3810,
22156,1,2900,
22157,1,2785,
22158,1,2395,
22159,1,3170,
22160,1,2930,
22161,1,3275,
22162,1,3290,
22163,1,2810,
22164,1,3600,
22165,1,3155,
22166,1,3180,
22167,1,3230,
22168,1,1225,
22169,1,2285,
22170,1,3170,
22171,1,3705,
22172,1,2505,
22173,1,2669,
22174,1,3250,
22175,1,3340,
22176,1,2870,
22177,1,2945,
22178,1,3350,
22179,1,3080,
22180,1,2390,
22181,1,2585,
22182,1,2910,
22183,1,3745,
22184,1,3140,
22185,1,3510,
22186,1,2925,
22187,1,2565,
22188,1,2385,
22189,1,2965,
22190,1,3200,
22191,1,2875,
22192,1,2520,
22193,1,3285,
22194,1,3455,
22195,1,2515,
22196,1,2600,
22197,1,3555,
22198,1,2730,
22199,1,3210,
22200,1,2370,
22201,1,2195,
22202,1,3510,
22203,1,2875,
22204,1,2860,
22205,1,3355,
22206,1,3010,
22207,1,3630,
22208,1,2780,
22209,1,3310,
22210,1,3090,
22211,1,1975,
22212,1,3240,
22213,1,3080,
22214,1,3030,
22215,1,3475,
22216,1,2925,
22217,1,3290,
22218,1,2830,
22219,1,3605,
22220,1,2945,
22221,1,3095,
22222,1,2830,
22223,1,3250,
22224,1,3485,NO
22225,1,1455,
22226,1,1775,
22227,1,2205,
22228,1,3315,
22229,1,3675,
22230,1,3260,
22231,1,2710,
22232,1,2215,
22233,1,2535,NO
22234,1,4115,
22235,1,3400,
22236,1,3685,
22237,1,3780,
22238,1,2870,
22239,1,3815,
22240,1,2425,
22241,1,2385,
22242,1,2790,
22243,1,3740,
22244,1,2840,
22245,1,2765,
22246,1,2020,
22247,1,3765,
22248,1,3115,
22249,1,3390,
22250,1,2905,
22251,1,3050,
22252,1,2775,
22253,1,2390,
22254,1,2665,
22255,1,2880,
22256,1,3160,
22257,1,2700,
22258,1,3320,
22259,1,2770,
22260,1,2840,
22261,1,2560,
22262,1,3085,
22263,1,3695,
22264,1,3130,NO
22265,1,3350,
22266,1,2715,
22267,1,3320,
22268,1,2605,
22269,1,2975,
22270,1,3125,
22271,1,2780,
22272,1,3070,
22273,1,2890,
22274,1,3355,
22275,1,4025,
22276,1,2880,
22277,1,2865,
22278,1,2340,
22279,1,3030,
22280,1,2685,
22281,1,3595,
22282,1,3230,
22283,1,2085,
22284,1,3895,
22285,1,3450,
22286,1,3300,
22287,1,2550,
22288,1,2730,
22289,1,3340,
22290,1,3560,
22291,1,3730,
22292,1,3355,
22293,1,3895,
22294,1,3460,
22295,1,3980,
22296,1,2500,
22297,1,2925,
22298,1,3450,
22299,1,3100,
22300,1,3105,
22301,1,2850,
22302,1,3230,
22303,1,3120,
22304,1,3440,
22305,1,2650,
22306,1,3215,
22307,1,3505,
22308,1,3045,
22309,1,3166,
22310,1,3505,
22311,1,2880,
22312,1,2705,
22313,1,3280,
22314,1,2990,
22315,1,3185,
22316,1,3640,
22317,1,2475,
22318,1,2135,
22319,1,2960,
22320,1,3640,
22321,1,3180,
22322,1,2930,
22323,1,3285,
22324,1,2700,
22325,1,3485,
22326,1,2860,
22327,1,3845,
22328,1,3010,
22329,1,2935,
22330,1,2670,
22331,1,2905,
22332,1,2130,
22333,1,2590,
22334,1,2730,
22335,1,2665,
22336,1,2840,
22337,1,2870,
22338,1,2690,
22339,1,2885,
22340,1,2945,
22341,1,3230,
22342,1,3570,
22343,1,2965,
22344,1,3000,NO
22345,1,3545,
22346,1,3125,
22347,1,950,
22348,1,3225,
22349,1,3240,
22350,1,2585,
22351,1,3440,
22352,1,3755,
22353,1,3130,
22354,1,2770,
22355,1,3595,
22356,1,3060,
22357,1,2790,
22357,2,2205,
22358,1,3260,
22359,1,3825,
22360,1,2756,
22361,1,755,
22362,1,2920,
22363,1,3385,
22364,1,2395,
22364,2,2200,
22365,1,3436,
22366,1,2835,
22367,1,3230,
22368,1,3040,
22369,1,3090,
22370,1,3370,
22371,1,2520,
22372,1,3065,
22373,1,3730,
22374,1,3335,
22375,1,3070,
22376,1,3550,
22377,1,3355,
22378,1,3560,
22379,1,3070,
22380,1,3275,
22381,1,2595,
22382,1,2530,
22383,1,2865,
22384,1,3430,
22385,1,3620,
22386,1,3685,
22387,1,3159,
22388,1,3230,
22389,1,3105,
22390,1,2810,
22391,1,2695,
22392,1,3815,
22393,1,2995,
22394,1,2990,
22395,1,3475,
22396,1,3075,
22397,1,2560,
22398,1,2815,
22399,1,3270,
22400,1,3105,
22401,1,2450,
22402,1,2480,
22403,1,2475,
22404,1,2960,
22405,1,2270,
22406,1,3270,
22407,1,2930,
22408,1,2855,
22409,1,2535,
22410,1,2985,
22411,1,2960,
22412,1,3495,
22413,1,2765,
22414,1,3140,
22415,1,3315,
22416,1,2240,
22417,1,3580,
22418,1,3060,
22419,1,2975,
22420,1,2910,
22421,1,2850,
22422,1,2555,
22423,1,2920,
22424,1,3750,
22425,1,3035,
22426,1,2350,
22427,1,3130,NO
22428,1,3210,
22429,1,3375,
22430,1,2585,
22431,1,3020,
22432,1,3285,
22433,1,3220,
22434,1,2700,
22435,1,3120,
22436,1,2620,
22437,1,3095,
22438,1,3140,
22439,1,3575,
22440,1,3420,
22441,1,2955,
22442,1,2415,
22443,1,3090,
22444,1,2900,
22445,1,2765,
22446,1,2850,
22447,1,4030,
22448,1,3180,
22449,1,2150,
22450,1,3300,
22451,1,2895,
22452,1,2130,
22453,1,3305,
22454,1,2930,
22455,1,3325,
22456,1,3755,
22457,1,3055,
22458,1,2305,
22459,1,3210,
22460,1,3255,
22461,1,3505,
22462,1,2530,
22463,1,3250,
22464,1,2040,
22465,1,3020,
22466,1,3250,NO
22467,1,3315,
22468,1,2700,
22469,1,3155,
22470,1,3395,
22471,1,2780,
22472,1,2575,
22473,1,2780,
22474,1,3480,
22475,1,3020,
22476,1,3470,
22477,1,3050,
22478,1,3155,
22479,1,2950,
22480,1,3480,
22481,1,2900,
22482,1,3175,
22483,1,2930,
22484,1,2140,
22485,1,3460,
22486,1,2695,
22487,1,2625,
22488,1,2850,
22489,1,3160,
22490,1,2580,
22491,1,2235,
22492,1,3600,
22493,1,2670,
22494,1,2360,
22495,1,3010,
22496,1,3420,
22497,1,2795,
22498,1,2815,
22499,1,4210,
22500,1,3500,
22501,1,2940,
22502,1,1700,
22503,1,3345,
22504,1,3095,
22505,1,2860,
22506,1,2400,
22507,1,3165,
22508,1,2815,NO
22509,1,2895,
22510,1,2690,
22511,1,2635,
22512,1,2950,
22513,1,2940,
22514,1,2975,
22515,1,2795,
22516,1,2835,
22517,1,2975,
22518,1,2955,
22519,1,2810,
22520,1,3250,
22521,1,2905,
22522,1,1675,
22523,1,2645,
22524,1,2935,
22525,1,3295,
22526,1,3380,
22527,1,3510,
22528,1,2200,
22529,1,3220,
22530,1,3150,
22531,1,2940,
22532,1,3355,
22533,1,2915,
22534,1,3270,
22535,1,3840,
22536,1,2735,
22537,1,2725,
22538,1,3075,
22539,1,2810,
22540,1,3010,
22541,1,2760,
22542,1,3420,
22543,1,2510,
22544,1,3480,
22545,1,2510,
22546,1,3075,
22547,1,2630,
22548,1,2690,
22549,1,3430,
22550,1,2915,
22551,1,2660,
22552,1,2850,
22553,1,1555,
22554,1,3295,
22555,1,2910,
22556,1,3125,
22557,1,3315,
22558,1,3375,
22559,1,3565,
22560,1,2580,
22561,1,3185,
22562,1,2895,
22563,1,3125,
22564,1,3400,
22565,1,3125,
22566,1,3045,
22567,1,3180,
22568,1,2310,
22569,1,3260,
22570,1,2575,NO
22571,1,3125,
22572,1,2760,
22573,1,3720,
22574,1,3380,
22575,1,2085,
22576,1,3425,
22577,1,2100,
22578,1,4325,
22579,1,2880,
22580,1,2605,
22581,1,2995,
22582,1,3285,
22583,1,3220,
22584,1,2425,
22585,1,2975,
22586,1,1315,
22587,1,3505,
22588,1,3430,
22589,1,2415,
22590,1,2735,
22591,1,3244,
22592,1,3045,
22593,1,3136,
22594,1,3370,
22595,1,3285,
22596,1,2735,NO
22597,1,3110,
22598,1,3080,
22599,1,2910,
22600,1,3290,
22601,1,3205,
22602,1,2950,
22603,1,2750,
22604,1,3490,
22605,1,2555,
22606,1,3470,
22607,1,3685,
22608,1,2740,
22609,1,2645,
22610,1,3255,
22611,1,3370,
22612,1,2290,
22613,1,2375,
22614,1,3260,
22615,1,2270,
22616,1,4255,
22617,1,3005,
22618,1,2995,
22619,1,2590,
22620,1,3495,
22621,1,3000,
22622,1,3390,
22623,1,3310,
22624,1,3250,
22625,1,3455,
22626,1,3265,
22627,1,3815,
22628,1,3040,
22629,1,3055,
22630,1,3180,
22631,1,3430,
22632,1,3570,
22633,1,2465,
22634,1,3280,
22635,1,2600,
22636,1,2980,
22637,1,3590,
22638,1,2315,
22639,1,3195,
22640,1,3215,
22641,1,2740,
22642,1,3130,
22643,1,3195,
22644,1,2775,
22645,1,2415,
22646,1,3855,
22647,1,3235,
22648,1,2825,
22649,1,3115,
22650,1,2800,
22651,1,3085,
22652,1,3435,
22653,1,3015,
22654,1,3610,
22655,1,2830,
22656,1,2680,
22657,1,2700,
22658,1,3060,
22659,1,2965,
22660,1,2135,
22661,1,3870,
22662,1,2885,
22663,1,3075,
22664,1,3358,
22665,1,3720,
22666,1,2195,
22667,1,2740,
22668,1,2765,
22669,1,2695,
22670,1,3050,
22671,1,3360,
22672,1,3495,
22673,1,3475,
22674,1,3155,
22675,1,3460,
22676,1,3145,
22677,1,2415,
22678,1,3040,
22679,1,2950,
22680,1,2070,
22681,1,3065,
22682,1,2520,
22683,1,2950,
22684,1,2310,
22685,1,3475,
22686,1,3670,
22687,1,2990,
22688,1,3365,
22689,1,3285,
22690,1,3190,
22691,1,3080,
22692,1,3505,
22693,1,3100,
22694,1,3040,
22695,1,3545,
22696,1,3295,
22697,1,3100,
22698,1,3020,
22699,1,4260,
22700,1,2475,
22701,1,3060,
22702,1,3260,
22703,1,2745,
22704,1,2715,
22705,1,3245,
22706,1,3475,
22707,1,3805,
22708,1,2550,
22709,1,2930,
22710,1,2825,
22711,1,3110,
22712,1,2665,
22713,1,2525,
22714,1,2575,
22715,1,3260,
22716,1,2850,
22717,1,3825,
22718,1,2770,
22719,1,2970,
22720,1,3380,
22721,1,2565,
22722,1,2975,
22723,1,3250,
22724,1,3580,
22725,1,2915,
22726,1,3400,
22727,1,3435,
22728,1,3356,
22729,1,3130,
22730,1,3150,
22731,1,2465,
22732,1,3615,
22733,1,3140,
22734,1,3520,
22735,1,2945,
22736,1,3430,
22737,1,3330,
22738,1,3580,
22739,1,3475,
22740,1,3015,
22741,1,3455,
22742,1,3130,
22743,1,3075,
22744,1,2715,
22745,1,3305,
22746,1,2885,
22747,1,3265,
22748,1,2830,
22749,1,3365,
22750,1,3120,
22751,1,2755,
22752,1,3160,
22753,1,2970,
22754,1,2930,
22755,1,3060,
22756,1,2820,
22757,1,3820,
22758,1,2245,
22759,1,2885,
22760,1,2980,
22761,1,2855,
22762,1,3305,
22763,1,3065,
22764,1,2150,
22765,1,2825,
22766,1,2820,NO
22767,1,3060,
22768,1,2895,
22769,1,2710,
22770,1,2605,
22771,1,2835,
22772,1,2700,
22773,1,3055,
22774,1,3175,
22775,1,1410,
22776,1,3770,
22777,1,1825,
22777,2,2105,
22778,1,2710,
22779,1,2750,
22780,1,3325,
22781,1,3605,
22782,1,3250,
22783,1,2570,
22784,1,3320,
22785,1,2060,
22786,1,3175,
22787,1,3100,
22788,1,2740,
22789,1,3245,
22790,1,3555,
22791,1,2565,
22792,1,3360,
22793,1,3045,
22794,1,3980,
22795,1,3320,
22796,1,3150,
22797,1,3145,
22798,1,3025,
22799,1,2885,
22800,1,3095,
22801,1,2395,
22802,1,2490,
22803,1,2875,
22804,1,2450,NO
22805,1,3015,
22806,1,2925,
22807,1,3740,
22808,1,3335,
22809,1,2635,
22810,1,3270,
22811,1,2990,
22812,1,3320,
22813,1,3040,
22814,1,3425,
22815,1,3255,
22816,1,2635,
22817,1,3265,NO
22818,1,3090,
22819,1,3306,
22820,1,2640,
22821,1,2310,
22822,1,3235,
22823,1,3120,
22824,1,2595,
22825,1,1280,
22826,1,3075,
22827,1,3225,
22828,1,3180,
22829,1,3185,
22830,1,2300,
22831,1,2385,
22832,1,3780,
22833,1,3495,
22834,1,3570,
22835,1,3050,NO
22836,1,3255,
22837,1,2980,
22838,1,2905,
22839,1,2905,
22840,1,1955,
22841,1,2795,
22842,1,3170,
22843,1,2285,
22844,1,3210,
22845,1,2535,
22846,1,3245,
22847,1,1810,
22847,2,2045,
22848,1,2480,
22849,1,3425,
22850,1,3455,
22851,1,3220,
22852,1,2975,
22853,1,2760,
22854,1,975,
22855,1,2945,
22856,1,2945,
22857,1,3525,
22858,1,655,
22859,1,2670,
22860,1,2685,
22861,1,2925,
22862,1,2160,
22863,1,2220,
22864,1,2940,
22865,1,3500,
22866,1,2270,
22867,1,3270,
22868,1,2720,
22869,1,3940,
22870,1,3860,
22871,1,2665,
22872,1,3035,
22873,1,2645,
22874,1,3380,
22875,1,3080,
22876,1,2050,
22877,1,2515,
22878,1,2570,
22879,1,3090,
22880,1,3405,
22881,1,2690,
22882,1,2675,
22883,1,1790,
22884,1,3490,
22885,1,3235,
22886,1,2790,
22887,1,3600,
22888,1,2120,
22888,2,2315,
22889,1,2750,
22890,1,3040,
22891,1,3310,
22892,1,3520,
22893,1,3185,
22894,1,3345,
22895,1,2665,
22896,1,2405,
22897,1,3325,NO
22898,1,2765,
22899,1,3185,
22900,1,2815,
22901,1,3530,NO
22902,1,2600,
22903,1,3170,
22904,1,2325,
22905,1,2730,
22906,1,3265,
22907,1,3050,
22908,1,3435,
22909,1,3280,
22910,1,2460,
22911,1,2785,
22912,1,2775,
22913,1,2940,
22914,1,2905,
22915,1,3265,
22916,1,3640,
22917,1,2840,
22918,1,2850,
22919,1,2980,
22920,1,2080,
22921,1,2770,
22922,1,2515,
22923,1,2530,
22924,1,2820,
22925,1,3010,
22926,1,2725,
22927,1,2695,
22928,1,810,
22929,1,3205,
22930,1,3645,
22931,1,4005,
22932,1,3200,
22933,1,2800,
22934,1,3140,
22935,1,2845,
22936,1,4050,
22937,1,3335,
22938,1,3280,
22939,1,2150,
22940,1,2920,
22941,1,3990,
22942,1,2505,
22943,1,3140,
22944,1,4235,
22945,1,3325,
22946,1,2395,
22947,1,3580,
22948,1,3260,
22949,1,3855,
22950,1,2800,
22951,1,1775,
22952,1,2445,
22953,1,2320,
22954,1,3195,
22955,1,2740,
22956,1,2185,
22957,1,2870,
22958,1,2840,
22959,1,2775,
22960,1,2845,
22961,1,2045,
22962,1,3330,
22963,1,3080,
22964,1,2360,
22965,1,2075,
22966,1,3605,
22967,1,3450,
22968,1,2250,
22969,1,1595,
22970,1,3150,
22971,1,3220,
22972,1,2475,
22973,1,2795,
22974,1,2590,
22975,1,3270,
22976,1,3295,
22977,1,2095,
22978,1,2920,
22979,1,2985,
22980,1,2660,
22981,1,2920,
22982,1,3195,
22983,1,3060,
22984,1,2330,
22985,1,3185,
22986,1,3130,
22987,1,2920,
22988,1,3845,
22989,1,3320,
22990,1,3225,
22991,1,2550,
22992,1,2690,
22993,1,2905,
22994,1,2445,
22995,1,3370,NO
22996,1,2970,
22997,1,2895,
22998,1,2595,
22999,1,2830,
23000,1,2915,
23001,1,2500,
23002,1,3080,
23003,1,2805,
23004,1,3395,
23005,1,2850,
23006,1,3130,
23007,1,2535,
23008,1,2780,
23009,1,3035,NO
23010,1,3325,
23011,1,3020,
23012,1,3290,
23013,1,3330,
23014,1,2585,
23015,1,2720,
23016,1,2755,
23017,1,2355,
23017,2,2495,
23018,1,2845,
23019,1,3155,
23020,1,3255,
23021,1,3250,
23022,1,2925,
23023,1,2755,
23024,1,3170,
23025,1,2690,
23026,1,3085,
23027,1,3430,
23028,1,2690,
23029,1,3450,
23030,1,3305,
23031,1,3650,
23032,1,2080,
23033,1,2820,
23034,1,2900,
23035,1,2930,
23036,1,2895,
23037,1,3805,
23038,1,1570,
23039,1,3200,
23040,1,3310,
23041,1,3165,
23042,1,3465,
23043,1,2610,
23044,1,3550,
23045,1,2610,
23046,1,2925,
23047,1,2840,
23048,1,3725,
23049,1,3170,
23050,1,2915,
23051,1,2810,
23052,1,3210,
23053,1,3205,
23054,1,2660,
23055,1,3690,
23056,1,2955,
23057,1,3205,
23058,1,3140,
23059,1,3195,
23060,1,3160,
23061,1,3345,
23062,1,3275,
23063,1,2980,
23064,1,2980,
23065,1,3490,
23066,1,3460,NO
23067,1,3490,
23068,1,3195,
23069,1,2980,
23070,1,2140/2120,
23071,1,2370,
23072,1,2323,
23073,1,3010,
23074,1,2080,
23075,1,3640,
23076,1,3465,
23077,1,2980,
23078,1,3370,
23079,1,3095,
23080,1,2680,
23081,1,3110,
23082,1,2715,
23083,1,2630,
23084,1,3675,NO
23085,1,3265,
23086,1,2965,
23087,1,2910,
23088,1,2630,
23089,1,3090,
23090,1,1675,
23091,1,3060,
23092,1,3480,
23093,1,3025,
23094,1,3265,
23095,1,2630,
23096,1,3775,
23097,1,3520,
23098,1,4425,
23099,1,3585,
23100,1,3300,
23101,1,2850,
23102,1,3285,
23103,1,2645,
23104,1,2200,
23105,1,2950,
23106,1,3155,
23107,1,3245,
23108,1,3365,
23109,1,4105,
23110,1,3630,
23111,1,3435,
23112,1,3150,
23113,1,2645,
23114,1,1335,
23115,1,3370,
23116,1,3275,
23117,1,3605,
23118,1,2890,
23119,1,3225,
23120,1,2860,
23121,1,2995,
23122,1,3370,
23123,1,3400,
23124,1,3005,
23125,1,2735,
23126,1,3010,
23127,1,2730,
23128,1,2715,
23129,1,3005,
23130,1,2675,
23131,1,3130,
23132,1,2580,
23133,1,2820,
23134,1,3035,
23135,1,3675,
23136,1,3025,
23137,1,455,
23138,1,3545,
23139,1,3045,
23140,1,930,
23141,1,2765,
23142,1,2950,
23143,1,2440,
23144,1,2525,
23145,1,3150,
23146,1,3045,
23147,1,2875,
23148,1,2985,
23149,1,2335,
23150,1,2295,
23151,1,3050,
23152,1,3065,
23153,1,3195,
23154,1,3355,
23155,1,2975,
23156,1,3160,
23157,1,3705,
23158,1,1935,
23159,1,3330,
23160,1,2515,
23161,1,3230,
23162,1,3170,
23163,1,2970,
23164,1,3640,
23165,1,3825,
23166,1,3480,
23167,1,3510,
23168,1,2800,
23169,1,3130,
23170,1,2945,
23171,1,2755,
23172,1,2890,
23173,1,2855,
23174,1,3155,
23175,1,3100,
23176,1,2680,
23177,1,3700,
23178,1,3250,
23179,1,2885,
23180,1,2905,
23181,1,3100,
23182,1,3095,
23183,1,3140,
23184,1,3090,
23185,1,3390,
23186,1,3285,
23187,1,2050,
23188,1,2755,
23189,1,3170,
23190,1,3890,
23191,1,3225,
23192,1,2355,
23193,1,3410,
23194,1,3470,
23195,1,2910,
23196,1,2350,
23197,1,2975,
23198,1,2294,
23199,1,3510,
23200,1,1450,
23201,1,4150,
23202,1,3675,
23203,1,2863,
23204,1,2890,
23205,1,3470,
23206,1,3615,
23207,1,3650,
23208,1,2990,
23209,1,3675,
23210,1,2670,
23211,1,3475,
23212,1,3105,
23213,1,3425,
23214,1,3555,
23215,1,3405,
23216,1,3165,
23217,1,2625,
23218,1,3700,
23219,1,3250,
23220,1,2660,
23221,1,3455,
23222,1,2670,
23223,1,1850,
23224,1,3270,
23225,1,2325,
23226,1,2820,
23227,1,2610,
23228,1,3345,
23229,1,3050,
23230,1,780,
23231,1,1030,
23232,1,2865,
23233,1,1715,
23234,1,3415,
23235,1,3355,
23236,1,2315,
23237,1,3305,
23238,1,3685,
23239,1,2640,
23240,1,3080,
23241,1,3025,
23242,1,2585,
23243,1,2885,
23244,1,2715,
23245,1,2640,
23246,1,3300,
23247,1,3130,
23248,1,3270,
23249,1,2990,
23250,1,2840,
23251,1,2355,
23252,1,2610,
23253,1,3020,
23254,1,1530,
23255,1,3415,
23256,1,3515,
23257,1,2510,
23258,1,3820,
23259,1,3445,
23260,1,2915,
23261,1,2780,
23262,1,2700,
23263,1,2620,
23264,1,2630,
23265,1,3200,
23266,1,2585,
23267,1,2900,
23268,1,2260,
23269,1,3525,
23270,1,3015,
23271,1,3420,
23272,1,3370,
23273,1,2325,
23274,1,2950,
23275,1,3285,
23276,1,3255,
23277,1,3020,
23278,1,1840,
23279,1,3585,
23280,1,3005,
23281,1,2770,
23282,1,3130,
23283,1,3475,
23284,1,3430,
23285,1,2840,
23286,1,3205,
23287,1,3440,
23288,1,2860,
23289,1,3190,
23290,1,2660,
23291,1,3220,
23292,1,3215,
23293,1,2915,
23294,1,3135,
23295,1,3230,
23296,1,4630,
23297,1,3045,NO
23298,1,2970,
23299,1,2385,
23300,1,3475,
23301,1,3090,
23302,1,2300,
23303,1,2310,
23304,1,3125,
23305,1,2585,NO
23306,1,3650,
23307,1,2445,
23308,1,3870,
23309,1,2860,
23310,1,3240,
23311,1,3365,
23312,1,2870,
23313,1,3945,
23314,1,2490,
23315,1,2860,
23316,1,2330,
23317,1,2765,
23318,1,3395,
23319,1,4630,
23320,1,2990,
23321,1,2290,
23322,1,2610,
23323,1,3005,
23324,1,3560,
23325,1,2750,
23326,1,2420,
23327,1,2110,
23328,1,2825,
23329,1,2930,
23330,1,2750,
23331,1,3215,
23332,1,2675,
23333,1,3045,
23334,1,2640,
23335,1,2965,
23336,1,2845,
23337,1,2395,
23338,1,2760,
23339,1,3815,
23340,1,3170,
23341,1,3960,
23342,1,2750,
23343,1,2995,
23344,1,2925,
23345,1,2690,
23346,1,3910,
23347,1,2960,
23348,1,3460,
23349,1,3325,
23350,1,2600,
23351,1,2695,
23352,1,2390,
23353,1,2240,
23354,1,3225,
23355,1,3125,
23356,1,3395,
23357,1,3400,
23358,1,3170,
23359,1,3215,
23360,1,3435,
23361,1,4020,
23362,1,3100,
23363,1,3260,
23364,1,3175,
23365,1,3740,
23366,1,3065,
23367,1,3205,
23368,1,2940,
23369,1,2500,
23370,1,2705,
23371,1,2060,
23372,1,3290,
23373,1,3835,
23374,1,2985,
23375,1,2780,
23376,1,2835,
23377,1,3950,
23378,1,3225,
23379,1,3015,
23380,1,2850,
23381,1,3035,
23382,1,2575,
23383,1,3485,
23384,1,2740,
23385,1,3350,
23386,1,2935,
23387,1,2640,
23388,1,2950,
23389,1,3075,
23390,1,3260,
23391,1,3815,
23392,1,3410,
23393,1,2345,
23394,1,3370,
23395,1,3635,
23396,1,2655,
23397,1,2970,
23398,1,1485,
23399,1,3170,
23400,1,2885,
23401,1,2935,
23402,1,2975,
23403,1,3875,
23404,1,2835,
23405,1,3075,
23406,1,3045,
23407,1,2815,
23408,1,3350,
23409,1,2445,
23410,1,2895,
23411,1,3115,
23412,1,3220,
23413,1,2775,
23414,1,3045,
23415,1,2990,
23416,1,3075,
23417,1,3720,
23418,1,2975,
23419,1,3225,
23420,1,2700,
23421,1,2895,
23422,1,630,
23423,1,1665,
23424,1,3250,
23425,1,1395,
23426,1,2500,
23427,1,3340,
23428,1,3890,
23429,1,2915,
23430,1,3065,
23431,1,3060,
23432,1,2710,
23433,1,2715,
23434,1,2605,
23435,1,3030,
23436,1,3390,
23437,1,2610,
23438,1,3160,
23439,1,2931,
23440,1,3730,
23441,1,3265,
23442,1,2750,
23443,1,3175,
23444,1,2795,
23445,1,2780,
23446,1,2385,
23447,1,2540,
23448,1,3725,
23449,1,3265,
23450,1,3200,
23451,1,2900,
23452,1,1875,
23453,1,3320,
23454,1,3100,
23455,1,3560,
23456,1,3150,
23457,1,2920,
23458,1,3055,
23459,1,2980,
23460,1,2613,
23461,1,2615,
23462,1,2870,
23463,1,2930,
23464,1,2960,
23465,1,2900,
23466,1,3730,NO
23467,1,3020,
23468,1,2985,
23469,1,2090,
23469,2,2030,
23470,1,3195,
23471,1,3765,
23472,1,3195,
23473,1,3415,
23474,1,3545,
23475,1,2735,
23476,1,3875,
23477,1,2950,
23478,1,2585,
23479,1,3505,
23480,1,2905,
23481,1,3010,
23482,1,3085,
23483,1,2905,
23484,1,3600,
23485,1,2715,
23486,1,3990,
23487,1,3110,
23488,1,3065,
23489,1,3290,
23490,1,3085,
23491,1,2280,
23492,1,3455,
23493,1,2580,
23494,1,2335,
23495,1,2935,
23496,1,3125,
23497,1,2390,
23498,1,4280,
23499,1,2265,
23500,1,1730,
23501,1,2745,
23502,1,3115,
23503,1,3060,
23504,1,2370,
23505,1,3995,
23506,1,3460,
23507,1,3145,
23508,1,2965,
23509,1,2915,
23510,1,3355,
23511,1,3610,
23512,1,3715,
23513,1,3035,
23514,1,3140,
23515,1,3295,
23516,1,3346,
23517,1,2205,
23518,1,2340,
23519,1,3565,
23520,1,3985,
23521,1,2985,
23522,1,3475,
23523,1,2810,
23524,1,3050,
23525,1,3290,
23526,1,2915,
23527,1,2818,
23528,1,3205,
23529,1,2560,
23530,1,3510,
23531,1,2570,
23532,1,2480,
23533,1,2710,
23534,1,2755,
23535,1,3015,
23536,1,3050,
23537,1,3120,
23538,1,2620,
23539,1,3115,
23540,1,3050,
23541,1,2865,
23542,1,3685,
23543,1,2665,
23544,1,2545,
23545,1,2840,
23546,1,2395,
23547,1,3245,
23548,1,2945,
23549,1,3015,
23550,1,2895,
23551,1,1595,
23552,1,2895,
23553,1,2665,
23554,1,2850,
23555,1,2835,
23556,1,2990,
23557,1,3640,
23558,1,2665,
23559,1,3070,
23560,1,2795,
23561,1,2585,
23562,1,3135,
23563,1,2975,
23564,1,2830,
23565,1,3730,
23566,1,3055,
23567,1,2740,
23568,1,2725,
23569,1,2765,
23570,1,3620,
23571,1,3090,
23572,1,3245,
23573,1,3645,
23574,1,3780,
23575,1,3350,
23576,1,3035,
23577,1,3180,NO
23578,1,3085,
23579,1,2225,
23580,1,3180,
23581,1,3590,
23582,1,2095,
23583,1,3115,
23584,1,2760,
23585,1,2765,
23586,1,3613,
23587,1,2300,
23588,1,1800,
23589,1,2535,
23590,1,2600,
23591,1,2010,
23592,1,3895,
23593,1,3060,
23594,1,2765,
23595,1,3115,
23596,1,2255,
23596,2,2365,
23597,1,2940,
23598,1,2820,
23599,1,2955,
23600,1,2850,
23601,1,2555,
23602,1,2845,NO
23603,1,3140,
23604,1,3080,
23605,1,2930,
23606,1,3345,
23607,1,2675,
23608,1,2795,
23609,1,2630,
23610,1,2630,
23611,1,3015,
23612,1,3670,
23613,1,2605,
23614,1,3090,
23615,1,2715,
23616,1,4135,
23617,1,2370,
23618,1,3290,
23619,1,3045,
23620,1,2560,
23621,1,2745,
23622,1,3220,
23623,1,2540,
23624,1,2510,
23625,1,2405,
23626,1,3050,
23627,1,3035,
23628,1,3115,
23629,1,3720,
23630,1,3110,
23631,1,2310,
23632,1,2820,
23633,1,2905,
23634,1,3155,
23635,1,3745,
23636,1,2720,
23637,1,2490,
23638,1,3155,
23639,1,2825,
23640,1,2880,
23641,1,2920,
23642,1,3335,
23643,1,3185,
23644,1,4460,
23645,1,2520,
23646,1,3195,
23647,1,2245,NO
23648,1,3230,
23649,1,2880,
23650,1,3455,
23651,1,2940,
23652,1,3000,
23653,1,3355,
23654,1,3310,
23655,1,2730,
23656,1,3070,
23657,1,3180,
23658,1,3315,
23659,1,1770,
23660,1,3090,
23661,1,3010,
23662,1,2425,
23663,1,3240,
23664,1,2775,
23665,1,3030,
23666,1,2015,
23667,1,3075,
23668,1,3220,
23669,1,2940,
23670,1,3230,
23671,1,3010,
23672,1,2760,
23673,1,2435,
23674,1,2815,
23675,1,2755,
23676,1,3115,
23677,1,3710,
23678,1,3690,
23679,1,3420,
23680,1,2795,
23681,1,2910,
23682,1,3085,
23683,1,4450,NO
23684,1,3395,
23685,1,2290,
23686,1,3060,
23687,1,3475,
23688,1,2730,
23689,1,2730,
23690,1,2820,
23691,1,2716,
23692,1,4205,
23693,1,1750,
23694,1,3370,
23695,1,3151,
23696,1,3180,
23697,1,2915,
23698,1,2925,
23699,1,2965,
23700,1,3005,
23701,1,2805,
23702,1,3130,
23703,1,3445,
23704,1,2555,
23705,1,3000,
23706,1,2125,
23707,1,2610,
23708,1,3690,
23709,1,2875,
23710,1,2890,
23711,1,2515,
23712,1,2390,
23713,1,2370,
23714,1,2920,
23715,1,3145,
23716,1,3375,
23717,1,,
23718,1,1360,
23719,1,3220,
23720,1,3055,
23721,1,3050,
23722,1,3605,
23723,1,2665,
23724,1,3170,
23725,1,3345,
23726,1,2925,
23727,1,2780,
23728,1,2930,
23729,1,2950,
23730,1,3710,
23731,1,2755,
23732,1,3315,
23733,1,2845,
23734,1,2620,
23735,1,3380,
23736,1,2395,
23737,1,2810,
23738,1,3360,
23739,1,2665,
23740,1,2895,
23741,1,2600,
23742,1,2265,
23743,1,2570,
