ID_REGISTRO,CEDULA,FECHA_INGRESO,HC,EDAD,FECHA_NACIMI_MADRE,LUGAR_DE_NACIMIENTO,PAREJA_ESTABLE,ESTADO_CIVIL,INSTRUCCION,SEGURO,AFILIACION,GRUPO_CULTURAL,ETNIA_MINORITARIA,ACOMPANADA,RIESGO_AL_INGRESO,SCORE,NO_CONTROLES,ANTECEDENTE_DE_CIRUGIA_UTERINA,ANOMALIAS_GENITALES,VIH,OBESIDAD,DIABETES_EN_EL_EMBARAZO,HIPERTENSIVOS,UTERO_PARTO,ATENCION_CAUSAS_FETALES,OTRAS_PATOLOGIAS,DESPRENDIMIENTO_PREMATURO_DE_PLACENTA,ANEMIA,ALTERACION_PLACENTA,ISOINMUNIZACION,OTRA_COMPLICACIONES_DEL_EMBARAZO,AFECTACION_SISTEMAS_QUE_COMPLICAN,INFECCION_GENITAL,IVU,TORCH,ITS,PRESENTACION_FETAL,TRASTRONOS_DE_LIQUIDO_AMNIOTICO,RUPTURA_UTERINA,ACTIVIDAD_UTERINA_INDACECUADA,ALTERACIONES_DEL_CORDON,PARTO_PROLONGADO,PARTO_PRECIPITADO,OTRAS_COMPLICACIONES_TRABAJO_DE_PARTO,OBSTRUCCION_DEL_PARTO,CAUSAS_OBSTRUCCION,SUFRIMIENTO_FETAL,RPM,EMBARAZO_MULTIPLE,PSICOPROFILAXIS,SESIONES,TIPO_PARTO,POSICION_DEL_PARTO,EPISIOTOMIA,DESGARROS,MANEJO_ACTIVO,PLACENTA,SOLICITO_PLACENTA,HEMORRAGIA,LIGADURA,ANESTESIA,MUERTE_INTRAUTERINA,SEXO,PESO,PESO_AL_NACIMIENTO,TALLA,P_CEFALICO,SEMANAS_GESTACION,EDAD_GESTACIONAL_CATEGORIA,REANIMACION,PINZAMIENTO,APEGO_PRECOZ,LACTANCIA,FECHA_NACIMIENTO,APGAR_1,APGAR_1_MENOR,APGAR_2,APGAR_5_MENOR,FECHA_DE_EGRESO,RIESGO,SCORE_1,CONSEJERIA_ANTICONCEPCION,METODO,NUM_FETOS_ESPERADOS,ANIO_INGRESO,ANIO_NACIMIENTO_MADRE,ANIO_NACIMIENTO_FETO,ANIO_EGRESO,EDAD_NUM,SCORE_NUM,NO_CONTROLES_NUM,SESIONES_NUM,SCORE_1_NUM,SEMANAS_GESTACION_NUM,EMBARAZO_MULTIPLE_BINARIO
23744,,,,,,,,,,,,,,,,,,NO,NO,NO,NO,NO,NINGUNO,NO,NO,NO,,,NO,NO,NO,NO,NO,NO,NO,NO,VÉRTICE,NO,NO,NO,NO,NO,NO,NO,NO,NO,NO,NO,NO,,,,,,,,,,,,,NO,,,,,,,,,,,,,,,,,,,,,,1,,,,,,,,,,,NO
23745,,,,,,,,,,,,,,,,,,NO,NO,NO,NO,NO,NINGUNO,NO,NO,NO,,,NO,NO,NO,NO,NO,NO,NO,NO,VÉRTICE,NO,NO,NO,NO,NO,NO,NO,NO,NO,NO,NO,NO,,,,,,,,,,,,,NO,,,,,,,,,,,,,,,,,,,,,,1,,,,,,,,,,,NO
23746,,,,,,,,,,,,,,,,,,NO,NO,NO,NO,NO,NINGUNO,NO,NO,NO,,,NO,NO,NO,NO,NO,NO,NO,NO,VÉRTICE,NO,NO,NO,NO,NO,NO,NO,NO,NO,NO,NO,NO,,,,,,,,,,,,,NO,,,,,,,,,,,,,,,,,,,,,,1,,,,,,,,,,,NO
23747,,,,,,,,,,,,,,,,,,NO,NO,NO,NO,NO,NINGUNO,NO,NO,NO,,,NO,NO,NO,NO,NO,NO,NO,NO,VÉRTICE,NO,NO,NO,NO,NO,NO,NO,NO,NO,NO,NO,NO,,,,,,,,,,,,,NO,,,,,,,,,,,,,,,,,,,,,,1,,,,,,,,,,,NO
23748,,,,,,,,,,,,,,,,,,NO,NO,NO,NO,NO,NINGUNO,NO,NO,NO,,,NO,NO,NO,NO,NO,NO,NO,NO,VÉRTICE,NO,NO,NO,NO,NO,NO,NO,NO,NO,NO,NO,NO,,,,,,,,,,,,,NO,,,,,,,,,,,,,,,,,,,,,,1,,,,,,,,,,,NO
23749,,,,,,,,,,,,,,,,,,NO,NO,NO,NO,NO,NINGUNO,NO,NO,NO,,,NO,NO,NO,NO,NO,NO,NO,NO,VÉRTICE,NO,NO,NO,NO,NO,NO,NO,NO,NO,NO,NO,NO,,,,,,,,,,,,,NO,,,,,,,,,,,,,,,,,,,,,,1,,,,,,,,,,,NO
23750,,,,,,,,,,,,,,,,,,NO,NO,NO,NO,NO,NINGUNO,NO,NO,NO,,,NO,NO,NO,NO,NO,NO,NO,NO,VÉRTICE,NO,NO,NO,NO,NO,NO,NO,NO,NO,NO,NO,NO,,,,,,,,,,,,,NO,,,,,,,,,,,,,,,,,,,,,,1,,,,,,,,,,,NO
23751,,,,,,,,,,,,,,,,,,NO,NO,NO,NO,NO,NINGUNO,NO,NO,NO,,,NO,NO,NO,NO,NO,NO,NO,NO,VÉRTICE,NO,NO,NO,NO,NO,NO,NO,NO,NO,NO,NO,NO,,,,,,,,,,,,,NO,,,,,,,,,,,,,,,,,,,,,,1,,,,,,,,,,,NO
23752,,,,,,,,,,,,,,,,,,NO,NO,NO,NO,NO,NINGUNO,NO,NO,NO,,,NO,NO,NO,NO,NO,NO,NO,NO,VÉRTICE,NO,NO,NO,NO,NO,NO,NO,NO,NO,NO,NO,NO,,,,,,,,,,,,,NO,,,,,,,,,,,,,,,,,,,,,,1,,,,,,,,,,,NO
23753,,,,,,,,,,,,,,,,,,NO,NO,NO,NO,NO,NINGUNO,NO,NO,NO,,,NO,NO,NO,NO,NO,NO,NO,NO,VÉRTICE,NO,NO,NO,NO,NO,NO,NO,NO,NO,NO,NO,NO,,,,,,,,,,,,,NO,,,,,,,,,,,,,,,,,,,,,,1,,,,,,,,,,,NO
23754,,,,,,,,,,,,,,,,,,NO,NO,NO,NO,NO,NINGUNO,NO,NO,NO,,,NO,NO,NO,NO,NO,NO,NO,NO,VÉRTICE,NO,NO,NO,NO,NO,NO,NO,NO,NO,NO,NO,NO,,,,,,,,,,,,,NO,,,,,,,,,,,,,,,,,,,,,,1,,,,,,,,,,,NO
23755,,,,,,,,,,,,,,,,,,NO,NO,NO,NO,NO,NINGUNO,NO,NO,NO,,,NO,NO,NO,NO,NO,NO,NO,NO,VÉRTICE,NO,NO,NO,NO,NO,NO,NO,NO,NO,NO,NO,NO,,,,,,,,,,,,,NO,,,,,,,,,,,,,,,,,,,,,,1,,,,,,,,,,,NO
23756,,,,,,,,,,,,,,,,,,NO,NO,NO,NO,NO,NINGUNO,NO,NO,NO,,,NO,NO,NO,NO,NO,NO,NO,NO,VÉRTICE,NO,NO,NO,NO,NO,NO,NO,NO,NO,NO,NO,NO,,,,,,,,,,,,,NO,,,,,,,,,,,,,,,,,,,,,,1,,,,,,,,,,,NO
23757,,,,,,,,,,,,,,,,,,NO,NO,NO,NO,NO,NINGUNO,NO,NO,NO,,,NO,NO,NO,NO,NO,NO,NO,NO,VÉRTICE,NO,NO,NO,NO,NO,NO,NO,NO,NO,NO,NO,NO,,,,,,,,,,,,,NO,,,,,,,,,,,,,,,,,,,,,,1,,,,,,,,,,,NO
23758,,,,,,,,,,,,,,,,,,NO,NO,NO,NO,NO,NINGUNO,NO,NO,NO,,,NO,NO,NO,NO,NO,NO,NO,NO,VÉRTICE,NO,NO,NO,NO,NO,NO,NO,NO,NO,NO,NO,NO,,,,,,,,,,,,,NO,,,,,,,,,,,,,,,,,,,,,,1,,,,,,,,,,,NO
23759,,,,,,,,,,,,,,,,,,NO,NO,NO,NO,NO,NINGUNO,NO,NO,NO,,,NO,NO,NO,NO,NO,NO,NO,NO,VÉRTICE,NO,NO,NO,NO,NO,NO,NO,NO,NO,NO,NO,NO,,,,,,,,,,,,,NO,,,,,,,,,,,,,,,,,,,,,,1,,,,,,,,,,,NO
23760,,,,,,,,,,,,,,,,,,NO,NO,NO,NO,NO,NINGUNO,NO,NO,NO,,,NO,NO,NO,NO,NO,NO,NO,NO,VÉRTICE,NO,NO,NO,NO,NO,NO,NO,NO,NO,NO,NO,NO,,,,,,,,,,,,,NO,,,,,,,,,,,,,,,,,,,,,,1,,,,,,,,,,,NO
23761,,,,,,,,,,,,,,,,,,NO,NO,NO,NO,NO,NINGUNO,NO,NO,NO,,,NO,NO,NO,NO,NO,NO,NO,NO,VÉRTICE,NO,NO,NO,NO,NO,NO,NO,NO,NO,NO,NO,NO,,,,,,,,,,,,,NO,,,,,,,,,,,,,,,,,,,,,,1,,,,,,,,,,,NO
23762,,,,,,,,,,,,,,,,,,NO,NO,NO,NO,NO,NINGUNO,NO,NO,NO,,,NO,NO,NO,NO,NO,NO,NO,NO,VÉRTICE,NO,NO,NO,NO,NO,NO,NO,NO,NO,NO,NO,NO,,,,,,,,,,,,,NO,,,,,,,,,,,,,,,,,,,,,,1,,,,,,,,,,,NO
23763,,,,,,,,,,,,,,,,,,NO,NO,NO,NO,NO,NINGUNO,NO,NO,NO,,,NO,NO,NO,NO,NO,NO,NO,NO,VÉRTICE,NO,NO,NO,NO,NO,NO,NO,NO,NO,NO,NO,NO,,,,,,,,,,,,,NO,,,,,,,,,,,,,,,,,,,,,,1,,,,,,,,,,,NO
23764,,,,,,,,,,,,,,,,,,NO,NO,NO,NO,NO,NINGUNO,NO,NO,NO,,,NO,NO,NO,NO,NO,NO,NO,NO,VÉRTICE,NO,NO,NO,NO,NO,NO,NO,NO,NO,NO,NO,NO,,,,,,,,,,,,,NO,,,,,,,,,,,,,,,,,,,,,,1,,,,,,,,,,,NO
23765,,,,,,,,,,,,,,,,,,NO,NO,NO,NO,NO,NINGUNO,NO,NO,NO,,,NO,NO,NO,NO,NO,NO,NO,NO,VÉRTICE,NO,NO,NO,NO,NO,NO,NO,NO,NO,NO,NO,NO,,,,,,,,,,,,,NO,,,,,,,,,,,,,,,,,,,,,,1,,,,,,,,,,,NO
23766,,,,,,,,,,,,,,,,,,NO,NO,NO,NO,NO,NINGUNO,NO,NO,NO,,,NO,NO,NO,NO,NO,NO,NO,NO,VÉRTICE,NO,NO,NO,NO,NO,NO,NO,NO,NO,NO,NO,NO,,,,,,,,,,,,,NO,,,,,,,,,,,,,,,,,,,,,,1,,,,,,,,,,,NO
23767,,,,,,,,,,,,,,,,,,NO,NO,NO,NO,NO,NINGUNO,NO,NO,NO,,,NO,NO,NO,NO,NO,NO,NO,NO,VÉRTICE,NO,NO,NO,NO,NO,NO,NO,NO,NO,NO,NO,NO,,,,,,,,,,,,,NO,,,,,,,,,,,,,,,,,,,,,,1,,,,,,,,,,,NO
23768,,,,,,,,,,,,,,,,,,NO,NO,NO,NO,NO,NINGUNO,NO,NO,NO,,,NO,NO,NO,NO,NO,NO,NO,NO,VÉRTICE,NO,NO,NO,NO,NO,NO,NO,NO,NO,NO,NO,NO,,,,,,,,,,,,,NO,,,,,,,,,,,,,,,,,,,,,,1,,,,,,,,,,,NO
23769,,,,,,,,,,,,,,,,,,NO,NO,NO,NO,NO,NINGUNO,NO,NO,NO,,,NO,NO,NO,NO,NO,NO,NO,NO,VÉRTICE,NO,NO,NO,NO,NO,NO,NO,NO,NO,NO,NO,NO,,,,,,,,,,,,,NO,,,,,,,,,,,,,,,,,,,,,,1,,,,,,,,,,,NO
23770,,,,,,,,,,,,,,,,,,NO,NO,NO,NO,NO,NINGUNO,NO,NO,NO,,,NO,NO,NO,NO,NO,NO,NO,NO,VÉRTICE,NO,NO,NO,NO,NO,NO,NO,NO,NO,NO,NO,NO,,,,,,,,,,,,,NO,,,,,,,,,,,,,,,,,,,,,,1,,,,,,,,,,,NO
23771,,,,,,,,,,,,,,,,,,NO,NO,NO,NO,NO,NINGUNO,NO,NO,NO,,,NO,NO,NO,NO,NO,NO,NO,NO,VÉRTICE,NO,NO,NO,NO,NO,NO,NO,NO,NO,NO,NO,NO,,,,,,,,,,,,,NO,,,,,,,,,,,,,,,,,,,,,,1,,,,,,,,,,,NO
23772,,,,,,,,,,,,,,,,,,NO,NO,NO,NO,NO,NINGUNO,NO,NO,NO,,,NO,NO,NO,NO,NO,NO,NO,NO,VÉRTICE,NO,NO,NO,NO,NO,NO,NO,NO,NO,NO,NO,NO,,,,,,,,,,,,,NO,,,,,,,,,,,,,,,,,,,,,,1,,,,,,,,,,,NO
23773,,,,,,,,,,,,,,,,,,NO,NO,NO,NO,NO,NINGUNO,NO,NO,NO,,,NO,NO,NO,NO,NO,NO,NO,NO,VÉRTICE,NO,NO,NO,NO,NO,NO,NO,NO,NO,NO,NO,NO,,,,,,,,,,,,,NO,,,,,,,,,,,,,,,,,,,,,,1,,,,,,,,,,,NO
23774,,,,,,,,,,,,,,,,,,NO,NO,NO,NO,NO,NINGUNO,NO,NO,NO,,,NO,NO,NO,NO,NO,NO,NO,NO,VÉRTICE,NO,NO,NO,NO,NO,NO,NO,NO,NO,NO,NO,NO,,,,,,,,,,,,,NO,,,,,,,,,,,,,,,,,,,,,,1,,,,,,,,,,,NO
23775,,,,,,,,,,,,,,,,,,NO,NO,NO,NO,NO,NINGUNO,NO,NO,NO,,,NO,NO,NO,NO,NO,NO,NO,NO,VÉRTICE,NO,NO,NO,NO,NO,NO,NO,NO,NO,NO,NO,NO,,,,,,,,,,,,,NO,,,,,,,,,,,,,,,,,,,,,,1,,,,,,,,,,,NO
23776,,,,,,,,,,,,,,,,,,NO,NO,NO,NO,NO,NINGUNO,NO,NO,NO,,,NO,NO,NO,NO,NO,NO,NO,NO,VÉRTICE,NO,NO,NO,NO,NO,NO,NO,NO,NO,NO,NO,NO,,,,,,,,,,,,,NO,,,,,,,,,,,,,,,,,,,,,,1,,,,,,,,,,,NO
23777,,,,,,,,,,,,,,,,,,NO,NO,NO,NO,NO,NINGUNO,NO,NO,NO,,,NO,NO,NO,NO,NO,NO,NO,NO,VÉRTICE,NO,NO,NO,NO,NO,NO,NO,NO,NO,NO,NO,NO,,,,,,,,,,,,,NO,,,,,,,,,,,,,,,,,,,,,,1,,,,,,,,,,,NO
23778,,,,,,,,,,,,,,,,,,NO,NO,NO,NO,NO,NINGUNO,NO,NO,NO,,,NO,NO,NO,NO,NO,NO,NO,NO,VÉRTICE,NO,NO,NO,NO,NO,NO,NO,NO,NO,NO,NO,NO,,,,,,,,,,,,,NO,,,,,,,,,,,,,,,,,,,,,,1,,,,,,,,,,,NO
23779,,,,,,,,,,,,,,,,,,NO,NO,NO,NO,NO,NINGUNO,NO,NO,NO,,,NO,NO,NO,NO,NO,NO,NO,NO,VÉRTICE,NO,NO,NO,NO,NO,NO,NO,NO,NO,NO,NO,NO,,,,,,,,,,,,,NO,,,,,,,,,,,,,,,,,,,,,,1,,,,,,,,,,,NO
23780,,,,,,,,,,,,,,,,,,NO,NO,NO,NO,NO,NINGUNO,NO,NO,NO,,,NO,NO,NO,NO,NO,NO,NO,NO,VÉRTICE,NO,NO,NO,NO,NO,NO,NO,NO,NO,NO,NO,NO,,,,,,,,,,,,,NO,,,,,,,,,,,,,,,,,,,,,,1,,,,,,,,,,,NO
23781,,,,,,,,,,,,,,,,,,NO,NO,NO,NO,NO,NINGUNO,NO,NO,NO,,,NO,NO,NO,NO,NO,NO,NO,NO,VÉRTICE,NO,NO,NO,NO,NO,NO,NO,NO,NO,NO,NO,NO,,,,,,,,,,,,,NO,,,,,,,,,,,,,,,,,,,,,,1,,,,,,,,,,,NO
23782,,,,,,,,,,,,,,,,,,NO,NO,NO,NO,NO,NINGUNO,NO,NO,NO,,,NO,NO,NO,NO,NO,NO,NO,NO,VÉRTICE,NO,NO,NO,NO,NO,NO,NO,NO,NO,NO,NO,NO,,,,,,,,,,,,,NO,,,,,,,,,,,,,,,,,,,,,,1,,,,,,,,,,,NO
23783,,,,,,,,,,,,,,,,,,NO,NO,NO,NO,NO,NINGUNO,NO,NO,NO,,,NO,NO,NO,NO,NO,NO,NO,NO,VÉRTICE,NO,NO,NO,NO,NO,NO,NO,NO,NO,NO,NO,NO,,,,,,,,,,,,,NO,,,,,,,,,,,,,,,,,,,,,,1,,,,,,,,,,,NO
23784,,,,,,,,,,,,,,,,,,NO,NO,NO,NO,NO,NINGUNO,NO,NO,NO,,,NO,NO,NO,NO,NO,NO,NO,NO,VÉRTICE,NO,NO,NO,NO,NO,NO,NO,NO,NO,NO,NO,NO,,,,,,,,,,,,,NO,,,,,,,,,,,,,,,,,,,,,,1,,,,,,,,,,,NO
23785,,,,,,,,,,,,,,,,,,NO,NO,NO,NO,NO,NINGUNO,NO,NO,NO,,,NO,NO,NO,NO,NO,NO,NO,NO,VÉRTICE,NO,NO,NO,NO,NO,NO,NO,NO,NO,NO,NO,NO,,,,,,,,,,,,,NO,,,,,,,,,,,,,,,,,,,,,,1,,,,,,,,,,,NO
23786,,,,,,,,,,,,,,,,,,NO,NO,NO,NO,NO,NINGUNO,NO,NO,NO,,,NO,NO,NO,NO,NO,NO,NO,NO,VÉRTICE,NO,NO,NO,NO,NO,NO,NO,NO,NO,NO,NO,NO,,,,,,,,,,,,,NO,,,,,,,,,,,,,,,,,,,,,,1,,,,,,,,,,,NO
23787,,,,,,,,,,,,,,,,,,NO,NO,NO,NO,NO,NINGUNO,NO,NO,NO,,,NO,NO,NO,NO,NO,NO,NO,NO,VÉRTICE,NO,NO,NO,NO,NO,NO,NO,NO,NO,NO,NO,NO,,,,,,,,,,,,,NO,,,,,,,,,,,,,,,,,,,,,,1,,,,,,,,,,,NO
23788,,,,,,,,,,,,,,,,,,NO,NO,NO,NO,NO,NINGUNO,NO,NO,NO,,,NO,NO,NO,NO,NO,NO,NO,NO,VÉRTICE,NO,NO,NO,NO,NO,NO,NO,NO,NO,NO,NO,NO,,,,,,,,,,,,,NO,,,,,,,,,,,,,,,,,,,,,,1,,,,,,,,,,,NO
23789,,,,,,,,,,,,,,,,,,NO,NO,NO,NO,NO,NINGUNO,NO,NO,NO,,,NO,NO,NO,NO,NO,NO,NO,NO,VÉRTICE,NO,NO,NO,NO,NO,NO,NO,NO,NO,NO,NO,NO,,,,,,,,,,,,,NO,,,,,,,,,,,,,,,,,,,,,,1,,,,,,,,,,,NO
23790,,,,,,,,,,,,,,,,,,NO,NO,NO,NO,NO,NINGUNO,NO,NO,NO,,,NO,NO,NO,NO,NO,NO,NO,NO,VÉRTICE,NO,NO,NO,NO,NO,NO,NO,NO,NO,NO,NO,NO,,,,,,,,,,,,,NO,,,,,,,,,,,,,,,,,,,,,,1,,,,,,,,,,,NO
23791,,,,,,,,,,,,,,,,,,NO,NO,NO,NO,NO,NINGUNO,NO,NO,NO,,,NO,NO,NO,NO,NO,NO,NO,NO,VÉRTICE,NO,NO,NO,NO,NO,NO,NO,NO,NO,NO,NO,NO,,,,,,,,,,,,,NO,,,,,,,,,,,,,,,,,,,,,,1,,,,,,,,,,,NO
23792,,,,,,,,,,,,,,,,,,NO,NO,NO,NO,NO,NINGUNO,NO,NO,NO,,,NO,NO,NO,NO,NO,NO,NO,NO,VÉRTICE,NO,NO,NO,NO,NO,NO,NO,NO,NO,NO,NO,NO,,,,,,,,,,,,,NO,,,,,,,,,,,,,,,,,,,,,,1,,,,,,,,,,,NO
23793,,,,,,,,,,,,,,,,,,NO,NO,NO,NO,NO,NINGUNO,NO,NO,NO,,,NO,NO,NO,NO,NO,NO,NO,NO,VÉRTICE,NO,NO,NO,NO,NO,NO,NO,NO,NO,NO,NO,NO,,,,,,,,,,,,,NO,,,,,,,,,,,,,,,,,,,,,,1,,,,,,,,,,,NO
23794,,,,,,,,,,,,,,,,,,NO,NO,NO,NO,NO,NINGUNO,NO,NO,NO,,,NO,NO,NO,NO,NO,NO,NO,NO,VÉRTICE,NO,NO,NO,NO,NO,NO,NO,NO,NO,NO,NO,NO,,,,,,,,,,,,,NO,,,,,,,,,,,,,,,,,,,,,,1,,,,,,,,,,,NO
23795,,,,,,,,,,,,,,,,,,NO,NO,NO,NO,NO,NINGUNO,NO,NO,NO,,,NO,NO,NO,NO,NO,NO,NO,NO,VÉRTICE,NO,NO,NO,NO,NO,NO,NO,NO,NO,NO,NO,NO,,,,,,,,,,,,,NO,,,,,,,,,,,,,,,,,,,,,,1,,,,,,,,,,,NO
23796,,,,,,,,,,,,,,,,,,NO,NO,NO,NO,NO,NINGUNO,NO,NO,NO,,,NO,NO,NO,NO,NO,NO,NO,NO,VÉRTICE,NO,NO,NO,NO,NO,NO,NO,NO,NO,NO,NO,NO,,,,,,,,,,,,,NO,,,,,,,,,,,,,,,,,,,,,,1,,,,,,,,,,,NO
23797,,,,,,,,,,,,,,,,,,NO,NO,NO,NO,NO,NINGUNO,NO,NO,NO,,,NO,NO,NO,NO,NO,NO,NO,NO,VÉRTICE,NO,NO,NO,NO,NO,NO,NO,NO,NO,NO,NO,NO,,,,,,,,,,,,,NO,,,,,,,,,,,,,,,,,,,,,,1,,,,,,,,,,,NO
23798,,,,,,,,,,,,,,,,,,NO,NO,NO,NO,NO,NINGUNO,NO,NO,NO,,,NO,NO,NO,NO,NO,NO,NO,NO,VÉRTICE,NO,NO,NO,NO,NO,NO,NO,NO,NO,NO,NO,NO,,,,,,,,,,,,,NO,,,,,,,,,,,,,,,,,,,,,,1,,,,,,,,,,,NO
23799,,,,,,,,,,,,,,,,,,NO,NO,NO,NO,NO,NINGUNO,NO,NO,NO,,,NO,NO,NO,NO,NO,NO,NO,NO,VÉRTICE,NO,NO,NO,NO,NO,NO,NO,NO,NO,NO,NO,NO,,,,,,,,,,,,,NO,,,,,,,,,,,,,,,,,,,,,,1,,,,,,,,,,,NO
23800,,,,,,,,,,,,,,,,,,NO,NO,NO,NO,NO,NINGUNO,NO,NO,NO,,,NO,NO,NO,NO,NO,NO,NO,NO,VÉRTICE,NO,NO,NO,NO,NO,NO,NO,NO,NO,NO,NO,NO,,,,,,,,,,,,,NO,,,,,,,,,,,,,,,,,,,,,,1,,,,,,,,,,,NO
23801,,,,,,,,,,,,,,,,,,NO,NO,NO,NO,NO,NINGUNO,NO,NO,NO,,,NO,NO,NO,NO,NO,NO,NO,NO,VÉRTICE,NO,NO,NO,NO,NO,NO,NO,NO,NO,NO,NO,NO,,,,,,,,,,,,,NO,,,,,,,,,,,,,,,,,,,,,,1,,,,,,,,,,,NO
23802,,,,,,,,,,,,,,,,,,NO,NO,NO,NO,NO,NINGUNO,NO,NO,NO,,,NO,NO,NO,NO,NO,NO,NO,NO,VÉRTICE,NO,NO,NO,NO,NO,NO,NO,NO,NO,NO,NO,NO,,,,,,,,,,,,,NO,,,,,,,,,,,,,,,,,,,,,,1,,,,,,,,,,,NO
23803,,,,,,,,,,,,,,,,,,NO,NO,NO,NO,NO,NINGUNO,NO,NO,NO,,,NO,NO,NO,NO,NO,NO,NO,NO,VÉRTICE,NO,NO,NO,NO,NO,NO,NO,NO,NO,NO,NO,NO,,,,,,,,,,,,,NO,,,,,,,,,,,,,,,,,,,,,,1,,,,,,,,,,,NO
23804,,,,,,,,,,,,,,,,,,NO,NO,NO,NO,NO,NINGUNO,NO,NO,NO,,,NO,NO,NO,NO,NO,NO,NO,NO,VÉRTICE,NO,NO,NO,NO,NO,NO,NO,NO,NO,NO,NO,NO,,,,,,,,,,,,,NO,,,,,,,,,,,,,,,,,,,,,,1,,,,,,,,,,,NO
23805,,,,,,,,,,,,,,,,,,NO,NO,NO,NO,NO,NINGUNO,NO,NO,NO,,,NO,NO,NO,NO,NO,NO,NO,NO,VÉRTICE,NO,NO,NO,NO,NO,NO,NO,NO,NO,NO,NO,NO,,,,,,,,,,,,,NO,,,,,,,,,,,,,,,,,,,,,,1,,,,,,,,,,,NO
23806,,,,,,,,,,,,,,,,,,NO,NO,NO,NO,NO,NINGUNO,NO,NO,NO,,,NO,NO,NO,NO,NO,NO,NO,NO,VÉRTICE,NO,NO,NO,NO,NO,NO,NO,NO,NO,NO,NO,NO,,,,,,,,,,,,,NO,,,,,,,,,,,,,,,,,,,,,,1,,,,,,,,,,,NO
23807,,,,,,,,,,,,,,,,,,NO,NO,NO,NO,NO,NINGUNO,NO,NO,NO,,,NO,NO,NO,NO,NO,NO,NO,NO,VÉRTICE,NO,NO,NO,NO,NO,NO,NO,NO,NO,NO,NO,NO,,,,,,,,,,,,,NO,,,,,,,,,,,,,,,,,,,,,,1,,,,,,,,,,,NO
23808,,,,,,,,,,,,,,,,,,NO,NO,NO,NO,NO,NINGUNO,NO,NO,NO,,,NO,NO,NO,NO,NO,NO,NO,NO,VÉRTICE,NO,NO,NO,NO,NO,NO,NO,NO,NO,NO,NO,NO,,,,,,,,,,,,,NO,,,,,,,,,,,,,,,,,,,,,,1,,,,,,,,,,,NO
23809,,,,,,,,,,,,,,,,,,NO,NO,NO,NO,NO,NINGUNO,NO,NO,NO,,,NO,NO,NO,NO,NO,NO,NO,NO,VÉRTICE,NO,NO,NO,NO,NO,NO,NO,NO,NO,NO,NO,NO,,,,,,,,,,,,,NO,,,,,,,,,,,,,,,,,,,,,,1,,,,,,,,,,,NO
23810,,,,,,,,,,,,,,,,,,NO,NO,NO,NO,NO,NINGUNO,NO,NO,NO,,,NO,NO,NO,NO,NO,NO,NO,NO,VÉRTICE,NO,NO,NO,NO,NO,NO,NO,NO,NO,NO,NO,NO,,,,,,,,,,,,,NO,,,,,,,,,,,,,,,,,,,,,,1,,,,,,,,,,,NO
23811,,,,,,,,,,,,,,,,,,NO,NO,NO,NO,NO,NINGUNO,NO,NO,NO,,,NO,NO,NO,NO,NO,NO,NO,NO,VÉRTICE,NO,NO,NO,NO,NO,NO,NO,NO,NO,NO,NO,NO,,,,,,,,,,,,,NO,,,,,,,,,,,,,,,,,,,,,,1,,,,,,,,,,,NO
23812,,,,,,,,,,,,,,,,,,NO,NO,NO,NO,NO,NINGUNO,NO,NO,NO,,,NO,NO,NO,NO,NO,NO,NO,NO,VÉRTICE,NO,NO,NO,NO,NO,NO,NO,NO,NO,NO,NO,NO,,,,,,,,,,,,,NO,,,,,,,,,,,,,,,,,,,,,,1,,,,,,,,,,,NO
23813,,,,,,,,,,,,,,,,,,NO,NO,NO,NO,NO,NINGUNO,NO,NO,NO,,,NO,NO,NO,NO,NO,NO,NO,NO,VÉRTICE,NO,NO,NO,NO,NO,NO,NO,NO,NO,NO,NO,NO,,,,,,,,,,,,,NO,,,,,,,,,,,,,,,,,,,,,,1,,,,,,,,,,,NO
23814,,,,,,,,,,,,,,,,,,NO,NO,NO,NO,NO,NINGUNO,NO,NO,NO,,,NO,NO,NO,NO,NO,NO,NO,NO,VÉRTICE,NO,NO,NO,NO,NO,NO,NO,NO,NO,NO,NO,NO,,,,,,,,,,,,,NO,,,,,,,,,,,,,,,,,,,,,,1,,,,,,,,,,,NO
23815,,,,,,,,,,,,,,,,,,NO,NO,NO,NO,NO,NINGUNO,NO,NO,NO,,,NO,NO,NO,NO,NO,NO,NO,NO,VÉRTICE,NO,NO,NO,NO,NO,NO,NO,NO,NO,NO,NO,NO,,,,,,,,,,,,,NO,,,,,,,,,,,,,,,,,,,,,,1,,,,,,,,,,,NO
23816,,,,,,,,,,,,,,,,,,NO,NO,NO,NO,NO,NINGUNO,NO,NO,NO,,,NO,NO,NO,NO,NO,NO,NO,NO,VÉRTICE,NO,NO,NO,NO,NO,NO,NO,NO,NO,NO,NO,NO,,,,,,,,,,,,,NO,,,,,,,,,,,,,,,,,,,,,,1,,,,,,,,,,,NO
23817,,,,,,,,,,,,,,,,,,NO,NO,NO,NO,NO,NINGUNO,NO,NO,NO,,,NO,NO,NO,NO,NO,NO,NO,NO,VÉRTICE,NO,NO,NO,NO,NO,NO,NO,NO,NO,NO,NO,NO,,,,,,,,,,,,,NO,,,,,,,,,,,,,,,,,,,,,,1,,,,,,,,,,,NO
23818,,,,,,,,,,,,,,,,,,NO,NO,NO,NO,NO,NINGUNO,NO,NO,NO,,,NO,NO,NO,NO,NO,NO,NO,NO,VÉRTICE,NO,NO,NO,NO,NO,NO,NO,NO,NO,NO,NO,NO,,,,,,,,,,,,,NO,,,,,,,,,,,,,,,,,,,,,,1,,,,,,,,,,,NO
23819,,,,,,,,,,,,,,,,,,NO,NO,NO,NO,NO,NINGUNO,NO,NO,NO,,,NO,NO,NO,NO,NO,NO,NO,NO,VÉRTICE,NO,NO,NO,NO,NO,NO,NO,NO,NO,NO,NO,NO,,,,,,,,,,,,,NO,,,,,,,,,,,,,,,,,,,,,,1,,,,,,,,,,,NO
23820,,,,,,,,,,,,,,,,,,NO,NO,NO,NO,NO,NINGUNO,NO,NO,NO,,,NO,NO,NO,NO,NO,NO,NO,NO,VÉRTICE,NO,NO,NO,NO,NO,NO,NO,NO,NO,NO,NO,NO,,,,,,,,,,,,,NO,,,,,,,,,,,,,,,,,,,,,,1,,,,,,,,,,,NO
23821,,,,,,,,,,,,,,,,,,NO,NO,NO,NO,NO,NINGUNO,NO,NO,NO,,,NO,NO,NO,NO,NO,NO,NO,NO,VÉRTICE,NO,NO,NO,NO,NO,NO,NO,NO,NO,NO,NO,NO,,,,,,,,,,,,,NO,,,,,,,,,,,,,,,,,,,,,,1,,,,,,,,,,,NO
23822,,,,,,,,,,,,,,,,,,NO,NO,NO,NO,NO,NINGUNO,NO,NO,NO,,,NO,NO,NO,NO,NO,NO,NO,NO,VÉRTICE,NO,NO,NO,NO,NO,NO,NO,NO,NO,NO,NO,NO,,,,,,,,,,,,,NO,,,,,,,,,,,,,,,,,,,,,,1,,,,,,,,,,,NO
23823,,,,,,,,,,,,,,,,,,NO,NO,NO,NO,NO,NINGUNO,NO,NO,NO,,,NO,NO,NO,NO,NO,NO,NO,NO,VÉRTICE,NO,NO,NO,NO,NO,NO,NO,NO,NO,NO,NO,NO,,,,,,,,,,,,,NO,,,,,,,,,,,,,,,,,,,,,,1,,,,,,,,,,,NO
23824,,,,,,,,,,,,,,,,,,NO,NO,NO,NO,NO,NINGUNO,NO,NO,NO,,,NO,NO,NO,NO,NO,NO,NO,NO,VÉRTICE,NO,NO,NO,NO,NO,NO,NO,NO,NO,NO,NO,NO,,,,,,,,,,,,,NO,,,,,,,,,,,,,,,,,,,,,,1,,,,,,,,,,,NO
23825,,,,,,,,,,,,,,,,,,NO,NO,NO,NO,NO,NINGUNO,NO,NO,NO,,,NO,NO,NO,NO,NO,NO,NO,NO,VÉRTICE,NO,NO,NO,NO,NO,NO,NO,NO,NO,NO,NO,NO,,,,,,,,,,,,,NO,,,,,,,,,,,,,,,,,,,,,,1,,,,,,,,,,,NO
23826,,,,,,,,,,,,,,,,,,NO,NO,NO,NO,NO,NINGUNO,NO,NO,NO,,,NO,NO,NO,NO,NO,NO,NO,NO,VÉRTICE,NO,NO,NO,NO,NO,NO,NO,NO,NO,NO,NO,NO,,,,,,,,,,,,,NO,,,,,,,,,,,,,,,,,,,,,,1,,,,,,,,,,,NO
23827,,,,,,,,,,,,,,,,,,NO,NO,NO,NO,NO,NINGUNO,NO,NO,NO,,,NO,NO,NO,NO,NO,NO,NO,NO,VÉRTICE,NO,NO,NO,NO,NO,NO,NO,NO,NO,NO,NO,NO,,,,,,,,,,,,,NO,,,,,,,,,,,,,,,,,,,,,,1,,,,,,,,,,,NO
23828,,,,,,,,,,,,,,,,,,NO,NO,NO,NO,NO,NINGUNO,NO,NO,NO,,,NO,NO,NO,NO,NO,NO,NO,NO,VÉRTICE,NO,NO,NO,NO,NO,NO,NO,NO,NO,NO,NO,NO,,,,,,,,,,,,,NO,,,,,,,,,,,,,,,,,,,,,,1,,,,,,,,,,,NO
23829,,,,,,,,,,,,,,,,,,NO,NO,NO,NO,NO,NINGUNO,NO,NO,NO,,,NO,NO,NO,NO,NO,NO,NO,NO,VÉRTICE,NO,NO,NO,NO,NO,NO,NO,NO,NO,NO,NO,NO,,,,,,,,,,,,,NO,,,,,,,,,,,,,,,,,,,,,,1,,,,,,,,,,,NO
23830,,,,,,,,,,,,,,,,,,NO,NO,NO,NO,NO,NINGUNO,NO,NO,NO,,,NO,NO,NO,NO,NO,NO,NO,NO,VÉRTICE,NO,NO,NO,NO,NO,NO,NO,NO,NO,NO,NO,NO,,,,,,,,,,,,,NO,,,,,,,,,,,,,,,,,,,,,,1,,,,,,,,,,,NO
23831,,,,,,,,,,,,,,,,,,NO,NO,NO,NO,NO,NINGUNO,NO,NO,NO,,,NO,NO,NO,NO,NO,NO,NO,NO,VÉRTICE,NO,NO,NO,NO,NO,NO,NO,NO,NO,NO,NO,NO,,,,,,,,,,,,,NO,,,,,,,,,,,,,,,,,,,,,,1,,,,,,,,,,,NO
23832,,,,,,,,,,,,,,,,,,NO,NO,NO,NO,NO,NINGUNO,NO,NO,NO,,,NO,NO,NO,NO,NO,NO,NO,NO,VÉRTICE,NO,NO,NO,NO,NO,NO,NO,NO,NO,NO,NO,NO,,,,,,,,,,,,,NO,,,,,,,,,,,,,,,,,,,,,,1,,,,,,,,,,,NO
23833,,,,,,,,,,,,,,,,,,NO,NO,NO,NO,NO,NINGUNO,NO,NO,NO,,,NO,NO,NO,NO,NO,NO,NO,NO,VÉRTICE,NO,NO,NO,NO,NO,NO,NO,NO,NO,NO,NO,NO,,,,,,,,,,,,,NO,,,,,,,,,,,,,,,,,,,,,,1,,,,,,,,,,,NO
23834,,,,,,,,,,,,,,,,,,NO,NO,NO,NO,NO,NINGUNO,NO,NO,NO,,,NO,NO,NO,NO,NO,NO,NO,NO,VÉRTICE,NO,NO,NO,NO,NO,NO,NO,NO,NO,NO,NO,NO,,,,,,,,,,,,,NO,,,,,,,,,,,,,,,,,,,,,,1,,,,,,,,,,,NO
23835,,,,,,,,,,,,,,,,,,NO,NO,NO,NO,NO,NINGUNO,NO,NO,NO,,,NO,NO,NO,NO,NO,NO,NO,NO,VÉRTICE,NO,NO,NO,NO,NO,NO,NO,NO,NO,NO,NO,NO,,,,,,,,,,,,,NO,,,,,,,,,,,,,,,,,,,,,,1,,,,,,,,,,,NO
23836,,,,,,,,,,,,,,,,,,NO,NO,NO,NO,NO,NINGUNO,NO,NO,NO,,,NO,NO,NO,NO,NO,NO,NO,NO,VÉRTICE,NO,NO,NO,NO,NO,NO,NO,NO,NO,NO,NO,NO,,,,,,,,,,,,,NO,,,,,,,,,,,,,,,,,,,,,,1,,,,,,,,,,,NO
23837,,,,,,,,,,,,,,,,,,NO,NO,NO,NO,NO,NINGUNO,NO,NO,NO,,,NO,NO,NO,NO,NO,NO,NO,NO,VÉRTICE,NO,NO,NO,NO,NO,NO,NO,NO,NO,NO,NO,NO,,,,,,,,,,,,,NO,,,,,,,,,,,,,,,,,,,,,,1,,,,,,,,,,,NO
23838,,,,,,,,,,,,,,,,,,NO,NO,NO,NO,NO,NINGUNO,NO,NO,NO,,,NO,NO,NO,NO,NO,NO,NO,NO,VÉRTICE,NO,NO,NO,NO,NO,NO,NO,NO,NO,NO,NO,NO,,,,,,,,,,,,,NO,,,,,,,,,,,,,,,,,,,,,,1,,,,,,,,,,,NO
23839,,,,,,,,,,,,,,,,,,NO,NO,NO,NO,NO,NINGUNO,NO,NO,NO,,,NO,NO,NO,NO,NO,NO,NO,NO,VÉRTICE,NO,NO,NO,NO,NO,NO,NO,NO,NO,NO,NO,NO,,,,,,,,,,,,,NO,,,,,,,,,,,,,,,,,,,,,,1,,,,,,,,,,,NO
23840,,,,,,,,,,,,,,,,,,NO,NO,NO,NO,NO,NINGUNO,NO,NO,NO,,,NO,NO,NO,NO,NO,NO,NO,NO,VÉRTICE,NO,NO,NO,NO,NO,NO,NO,NO,NO,NO,NO,NO,,,,,,,,,,,,,NO,,,,,,,,,,,,,,,,,,,,,,1,,,,,,,,,,,NO
23841,,,,,,,,,,,,,,,,,,NO,NO,NO,NO,NO,NINGUNO,NO,NO,NO,,,NO,NO,NO,NO,NO,NO,NO,NO,VÉRTICE,NO,NO,NO,NO,NO,NO,NO,NO,NO,NO,NO,NO,,,,,,,,,,,,,NO,,,,,,,,,,,,,,,,,,,,,,1,,,,,,,,,,,NO
23842,,,,,,,,,,,,,,,,,,NO,NO,NO,NO,NO,NINGUNO,NO,NO,NO,,,NO,NO,NO,NO,NO,NO,NO,NO,VÉRTICE,NO,NO,NO,NO,NO,NO,NO,NO,NO,NO,NO,NO,,,,,,,,,,,,,NO,,,,,,,,,,,,,,,,,,,,,,1,,,,,,,,,,,NO
23843,,,,,,,,,,,,,,,,,,NO,NO,NO,NO,NO,NINGUNO,NO,NO,NO,,,NO,NO,NO,NO,NO,NO,NO,NO,VÉRTICE,NO,NO,NO,NO,NO,NO,NO,NO,NO,NO,NO,NO,,,,,,,,,,,,,NO,,,,,,,,,,,,,,,,,,,,,,1,,,,,,,,,,,NO
23844,,,,,,,,,,,,,,,,,,NO,NO,NO,NO,NO,NINGUNO,NO,NO,NO,,,NO,NO,NO,NO,NO,NO,NO,NO,VÉRTICE,NO,NO,NO,NO,NO,NO,NO,NO,NO,NO,NO,NO,,,,,,,,,,,,,NO,,,,,,,,,,,,,,,,,,,,,,1,,,,,,,,,,,NO
23845,,,,,,,,,,,,,,,,,,NO,NO,NO,NO,NO,NINGUNO,NO,NO,NO,,,NO,NO,NO,NO,NO,NO,NO,NO,VÉRTICE,NO,NO,NO,NO,NO,NO,NO,NO,NO,NO,NO,NO,,,,,,,,,,,,,NO,,,,,,,,,,,,,,,,,,,,,,1,,,,,,,,,,,NO
23846,,,,,,,,,,,,,,,,,,NO,NO,NO,NO,NO,NINGUNO,NO,NO,NO,,,NO,NO,NO,NO,NO,NO,NO,NO,VÉRTICE,NO,NO,NO,NO,NO,NO,NO,NO,NO,NO,NO,NO,,,,,,,,,,,,,NO,,,,,,,,,,,,,,,,,,,,,,1,,,,,,,,,,,NO
23847,,,,,,,,,,,,,,,,,,NO,NO,NO,NO,NO,NINGUNO,NO,NO,NO,,,NO,NO,NO,NO,NO,NO,NO,NO,VÉRTICE,NO,NO,NO,NO,NO,NO,NO,NO,NO,NO,NO,NO,,,,,,,,,,,,,NO,,,,,,,,,,,,,,,,,,,,,,1,,,,,,,,,,,NO
23848,,,,,,,,,,,,,,,,,,NO,NO,NO,NO,NO,NINGUNO,NO,NO,NO,,,NO,NO,NO,NO,NO,NO,NO,NO,VÉRTICE,NO,NO,NO,NO,NO,NO,NO,NO,NO,NO,NO,NO,,,,,,,,,,,,,NO,,,,,,,,,,,,,,,,,,,,,,1,,,,,,,,,,,NO
23849,,,,,,,,,,,,,,,,,,NO,NO,NO,NO,NO,NINGUNO,NO,NO,NO,,,NO,NO,NO,NO,NO,NO,NO,NO,VÉRTICE,NO,NO,NO,NO,NO,NO,NO,NO,NO,NO,NO,NO,,,,,,,,,,,,,NO,,,,,,,,,,,,,,,,,,,,,,1,,,,,,,,,,,NO
23850,,,,,,,,,,,,,,,,,,NO,NO,NO,NO,NO,NINGUNO,NO,NO,NO,,,NO,NO,NO,NO,NO,NO,NO,NO,VÉRTICE,NO,NO,NO,NO,NO,NO,NO,NO,NO,NO,NO,NO,,,,,,,,,,,,,NO,,,,,,,,,,,,,,,,,,,,,,1,,,,,,,,,,,NO
23851,,,,,,,,,,,,,,,,,,NO,NO,NO,NO,NO,NINGUNO,NO,NO,NO,,,NO,NO,NO,NO,NO,NO,NO,NO,VÉRTICE,NO,NO,NO,NO,NO,NO,NO,NO,NO,NO,NO,NO,,,,,,,,,,,,,NO,,,,,,,,,,,,,,,,,,,,,,1,,,,,,,,,,,NO
23852,,,,,,,,,,,,,,,,,,NO,NO,NO,NO,NO,NINGUNO,NO,NO,NO,,,NO,NO,NO,NO,NO,NO,NO,NO,VÉRTICE,NO,NO,NO,NO,NO,NO,NO,NO,NO,NO,NO,NO,,,,,,,,,,,,,NO,,,,,,,,,,,,,,,,,,,,,,1,,,,,,,,,,,NO
23853,,,,,,,,,,,,,,,,,,NO,NO,NO,NO,NO,NINGUNO,NO,NO,NO,,,NO,NO,NO,NO,NO,NO,NO,NO,VÉRTICE,NO,NO,NO,NO,NO,NO,NO,NO,NO,NO,NO,NO,,,,,,,,,,,,,NO,,,,,,,,,,,,,,,,,,,,,,1,,,,,,,,,,,NO
23854,,,,,,,,,,,,,,,,,,NO,NO,NO,NO,NO,NINGUNO,NO,NO,NO,,,NO,NO,NO,NO,NO,NO,NO,NO,VÉRTICE,NO,NO,NO,NO,NO,NO,NO,NO,NO,NO,NO,NO,,,,,,,,,,,,,NO,,,,,,,,,,,,,,,,,,,,,,1,,,,,,,,,,,NO
23855,,,,,,,,,,,,,,,,,,NO,NO,NO,NO,NO,NINGUNO,NO,NO,NO,,,NO,NO,NO,NO,NO,NO,NO,NO,VÉRTICE,NO,NO,NO,NO,NO,NO,NO,NO,NO,NO,NO,NO,,,,,,,,,,,,,NO,,,,,,,,,,,,,,,,,,,,,,1,,,,,,,,,,,NO
23856,,,,,,,,,,,,,,,,,,NO,NO,NO,NO,NO,NINGUNO,NO,NO,NO,,,NO,NO,NO,NO,NO,NO,NO,NO,VÉRTICE,NO,NO,NO,NO,NO,NO,NO,NO,NO,NO,NO,NO,,,,,,,,,,,,,NO,,,,,,,,,,,,,,,,,,,,,,1,,,,,,,,,,,NO
23857,,,,,,,,,,,,,,,,,,NO,NO,NO,NO,NO,NINGUNO,NO,NO,NO,,,NO,NO,NO,NO,NO,NO,NO,NO,VÉRTICE,NO,NO,NO,NO,NO,NO,NO,NO,NO,NO,NO,NO,,,,,,,,,,,,,NO,,,,,,,,,,,,,,,,,,,,,,1,,,,,,,,,,,NO
23858,,,,,,,,,,,,,,,,,,NO,NO,NO,NO,NO,NINGUNO,NO,NO,NO,,,NO,NO,NO,NO,NO,NO,NO,NO,VÉRTICE,NO,NO,NO,NO,NO,NO,NO,NO,NO,NO,NO,NO,,,,,,,,,,,,,NO,,,,,,,,,,,,,,,,,,,,,,1,,,,,,,,,,,NO
23859,,,,,,,,,,,,,,,,,,NO,NO,NO,NO,NO,NINGUNO,NO,NO,NO,,,NO,NO,NO,NO,NO,NO,NO,NO,VÉRTICE,NO,NO,NO,NO,NO,NO,NO,NO,NO,NO,NO,NO,,,,,,,,,,,,,NO,,,,,,,,,,,,,,,,,,,,,,1,,,,,,,,,,,NO
23860,,,,,,,,,,,,,,,,,,NO,NO,NO,NO,NO,NINGUNO,NO,NO,NO,,,NO,NO,NO,NO,NO,NO,NO,NO,VÉRTICE,NO,NO,NO,NO,NO,NO,NO,NO,NO,NO,NO,NO,,,,,,,,,,,,,NO,,,,,,,,,,,,,,,,,,,,,,1,,,,,,,,,,,NO
23861,,,,,,,,,,,,,,,,,,NO,NO,NO,NO,NO,NINGUNO,NO,NO,NO,,,NO,NO,NO,NO,NO,NO,NO,NO,VÉRTICE,NO,NO,NO,NO,NO,NO,NO,NO,NO,NO,NO,NO,,,,,,,,,,,,,NO,,,,,,,,,,,,,,,,,,,,,,1,,,,,,,,,,,NO
23862,,,,,,,,,,,,,,,,,,NO,NO,NO,NO,NO,NINGUNO,NO,NO,NO,,,NO,NO,NO,NO,NO,NO,NO,NO,VÉRTICE,NO,NO,NO,NO,NO,NO,NO,NO,NO,NO,NO,NO,,,,,,,,,,,,,NO,,,,,,,,,,,,,,,,,,,,,,1,,,,,,,,,,,NO
23863,,,,,,,,,,,,,,,,,,NO,NO,NO,NO,NO,NINGUNO,NO,NO,NO,,,NO,NO,NO,NO,NO,NO,NO,NO,VÉRTICE,NO,NO,NO,NO,NO,NO,NO,NO,NO,NO,NO,NO,,,,,,,,,,,,,NO,,,,,,,,,,,,,,,,,,,,,,1,,,,,,,,,,,NO
23864,,,,,,,,,,,,,,,,,,NO,NO,NO,NO,NO,NINGUNO,NO,NO,NO,,,NO,NO,NO,NO,NO,NO,NO,NO,VÉRTICE,NO,NO,NO,NO,NO,NO,NO,NO,NO,NO,NO,NO,,,,,,,,,,,,,NO,,,,,,,,,,,,,,,,,,,,,,1,,,,,,,,,,,NO
23865,,,,,,,,,,,,,,,,,,NO,NO,NO,NO,NO,NINGUNO,NO,NO,NO,,,NO,NO,NO,NO,NO,NO,NO,NO,VÉRTICE,NO,NO,NO,NO,NO,NO,NO,NO,NO,NO,NO,NO,,,,,,,,,,,,,NO,,,,,,,,,,,,,,,,,,,,,,1,,,,,,,,,,,NO
23866,,,,,,,,,,,,,,,,,,NO,NO,NO,NO,NO,NINGUNO,NO,NO,NO,,,NO,NO,NO,NO,NO,NO,NO,NO,VÉRTICE,NO,NO,NO,NO,NO,NO,NO,NO,NO,NO,NO,NO,,,,,,,,,,,,,NO,,,,,,,,,,,,,,,,,,,,,,1,,,,,,,,,,,NO
23867,,,,,,,,,,,,,,,,,,NO,NO,NO,NO,NO,NINGUNO,NO,NO,NO,,,NO,NO,NO,NO,NO,NO,NO,NO,VÉRTICE,NO,NO,NO,NO,NO,NO,NO,NO,NO,NO,NO,NO,,,,,,,,,,,,,NO,,,,,,,,,,,,,,,,,,,,,,1,,,,,,,,,,,NO
23868,,,,,,,,,,,,,,,,,,NO,NO,NO,NO,NO,NINGUNO,NO,NO,NO,,,NO,NO,NO,NO,NO,NO,NO,NO,VÉRTICE,NO,NO,NO,NO,NO,NO,NO,NO,NO,NO,NO,NO,,,,,,,,,,,,,NO,,,,,,,,,,,,,,,,,,,,,,1,,,,,,,,,,,NO
23869,,,,,,,,,,,,,,,,,,NO,NO,NO,NO,NO,NINGUNO,NO,NO,NO,,,NO,NO,NO,NO,NO,NO,NO,NO,VÉRTICE,NO,NO,NO,NO,NO,NO,NO,NO,NO,NO,NO,NO,,,,,,,,,,,,,NO,,,,,,,,,,,,,,,,,,,,,,1,,,,,,,,,,,NO
23870,,,,,,,,,,,,,,,,,,NO,NO,NO,NO,NO,NINGUNO,NO,NO,NO,,,NO,NO,NO,NO,NO,NO,NO,NO,VÉRTICE,NO,NO,NO,NO,NO,NO,NO,NO,NO,NO,NO,NO,,,,,,,,,,,,,NO,,,,,,,,,,,,,,,,,,,,,,1,,,,,,,,,,,NO
23871,,,,,,,,,,,,,,,,,,NO,NO,NO,NO,NO,NINGUNO,NO,NO,NO,,,NO,NO,NO,NO,NO,NO,NO,NO,VÉRTICE,NO,NO,NO,NO,NO,NO,NO,NO,NO,NO,NO,NO,,,,,,,,,,,,,NO,,,,,,,,,,,,,,,,,,,,,,1,,,,,,,,,,,NO
23872,,,,,,,,,,,,,,,,,,NO,NO,NO,NO,NO,NINGUNO,NO,NO,NO,,,NO,NO,NO,NO,NO,NO,NO,NO,VÉRTICE,NO,NO,NO,NO,NO,NO,NO,NO,NO,NO,NO,NO,,,,,,,,,,,,,NO,,,,,,,,,,,,,,,,,,,,,,1,,,,,,,,,,,NO
23873,,,,,,,,,,,,,,,,,,NO,NO,NO,NO,NO,NINGUNO,NO,NO,NO,,,NO,NO,NO,NO,NO,NO,NO,NO,VÉRTICE,NO,NO,NO,NO,NO,NO,NO,NO,NO,NO,NO,NO,,,,,,,,,,,,,NO,,,,,,,,,,,,,,,,,,,,,,1,,,,,,,,,,,NO
23874,,,,,,,,,,,,,,,,,,NO,NO,NO,NO,NO,NINGUNO,NO,NO,NO,,,NO,NO,NO,NO,NO,NO,NO,NO,VÉRTICE,NO,NO,NO,NO,NO,NO,NO,NO,NO,NO,NO,NO,,,,,,,,,,,,,NO,,,,,,,,,,,,,,,,,,,,,,1,,,,,,,,,,,NO
23875,,,,,,,,,,,,,,,,,,NO,NO,NO,NO,NO,NINGUNO,NO,NO,NO,,,NO,NO,NO,NO,NO,NO,NO,NO,VÉRTICE,NO,NO,NO,NO,NO,NO,NO,NO,NO,NO,NO,NO,,,,,,,,,,,,,NO,,,,,,,,,,,,,,,,,,,,,,1,,,,,,,,,,,NO
23876,,,,,,,,,,,,,,,,,,NO,NO,NO,NO,NO,NINGUNO,NO,NO,NO,,,NO,NO,NO,NO,NO,NO,NO,NO,VÉRTICE,NO,NO,NO,NO,NO,NO,NO,NO,NO,NO,NO,NO,,,,,,,,,,,,,NO,,,,,,,,,,,,,,,,,,,,,,1,,,,,,,,,,,NO
23877,,,,,,,,,,,,,,,,,,NO,NO,NO,NO,NO,NINGUNO,NO,NO,NO,,,NO,NO,NO,NO,NO,NO,NO,NO,VÉRTICE,NO,NO,NO,NO,NO,NO,NO,NO,NO,NO,NO,NO,,,,,,,,,,,,,NO,,,,,,,,,,,,,,,,,,,,,,1,,,,,,,,,,,NO
23878,,,,,,,,,,,,,,,,,,NO,NO,NO,NO,NO,NINGUNO,NO,NO,NO,,,NO,NO,NO,NO,NO,NO,NO,NO,VÉRTICE,NO,NO,NO,NO,NO,NO,NO,NO,NO,NO,NO,NO,,,,,,,,,,,,,NO,,,,,,,,,,,,,,,,,,,,,,1,,,,,,,,,,,NO
23879,,,,,,,,,,,,,,,,,,NO,NO,NO,NO,NO,NINGUNO,NO,NO,NO,,,NO,NO,NO,NO,NO,NO,NO,NO,VÉRTICE,NO,NO,NO,NO,NO,NO,NO,NO,NO,NO,NO,NO,,,,,,,,,,,,,NO,,,,,,,,,,,,,,,,,,,,,,1,,,,,,,,,,,NO
23880,,,,,,,,,,,,,,,,,,NO,NO,NO,NO,NO,NINGUNO,NO,NO,NO,,,NO,NO,NO,NO,NO,NO,NO,NO,VÉRTICE,NO,NO,NO,NO,NO,NO,NO,NO,NO,NO,NO,NO,,,,,,,,,,,,,NO,,,,,,,,,,,,,,,,,,,,,,1,,,,,,,,,,,NO
23881,,,,,,,,,,,,,,,,,,NO,NO,NO,NO,NO,NINGUNO,NO,NO,NO,,,NO,NO,NO,NO,NO,NO,NO,NO,VÉRTICE,NO,NO,NO,NO,NO,NO,NO,NO,NO,NO,NO,NO,,,,,,,,,,,,,NO,,,,,,,,,,,,,,,,,,,,,,1,,,,,,,,,,,NO
23882,,,,,,,,,,,,,,,,,,NO,NO,NO,NO,NO,NINGUNO,NO,NO,NO,,,NO,NO,NO,NO,NO,NO,NO,NO,VÉRTICE,NO,NO,NO,NO,NO,NO,NO,NO,NO,NO,NO,NO,,,,,,,,,,,,,NO,,,,,,,,,,,,,,,,,,,,,,1,,,,,,,,,,,NO
23883,,,,,,,,,,,,,,,,,,NO,NO,NO,NO,NO,NINGUNO,NO,NO,NO,,,NO,NO,NO,NO,NO,NO,NO,NO,VÉRTICE,NO,NO,NO,NO,NO,NO,NO,NO,NO,NO,NO,NO,,,,,,,,,,,,,NO,,,,,,,,,,,,,,,,,,,,,,1,,,,,,,,,,,NO
23884,,,,,,,,,,,,,,,,,,NO,NO,NO,NO,NO,NINGUNO,NO,NO,NO,,,NO,NO,NO,NO,NO,NO,NO,NO,VÉRTICE,NO,NO,NO,NO,NO,NO,NO,NO,NO,NO,NO,NO,,,,,,,,,,,,,NO,,,,,,,,,,,,,,,,,,,,,,1,,,,,,,,,,,NO
23885,,,,,,,,,,,,,,,,,,NO,NO,NO,NO,NO,NINGUNO,NO,NO,NO,,,NO,NO,NO,NO,NO,NO,NO,NO,VÉRTICE,NO,NO,NO,NO,NO,NO,NO,NO,NO,NO,NO,NO,,,,,,,,,,,,,NO,,,,,,,,,,,,,,,,,,,,,,1,,,,,,,,,,,NO
23886,,,,,,,,,,,,,,,,,,NO,NO,NO,NO,NO,NINGUNO,NO,NO,NO,,,NO,NO,NO,NO,NO,NO,NO,NO,VÉRTICE,NO,NO,NO,NO,NO,NO,NO,NO,NO,NO,NO,NO,,,,,,,,,,,,,NO,,,,,,,,,,,,,,,,,,,,,,1,,,,,,,,,,,NO
23887,,,,,,,,,,,,,,,,,,NO,NO,NO,NO,NO,NINGUNO,NO,NO,NO,,,NO,NO,NO,NO,NO,NO,NO,NO,VÉRTICE,NO,NO,NO,NO,NO,NO,NO,NO,NO,NO,NO,NO,,,,,,,,,,,,,NO,,,,,,,,,,,,,,,,,,,,,,1,,,,,,,,,,,NO
23888,,,,,,,,,,,,,,,,,,NO,NO,NO,NO,NO,NINGUNO,NO,NO,NO,,,NO,NO,NO,NO,NO,NO,NO,NO,VÉRTICE,NO,NO,NO,NO,NO,NO,NO,NO,NO,NO,NO,NO,,,,,,,,,,,,,NO,,,,,,,,,,,,,,,,,,,,,,1,,,,,,,,,,,NO
23889,,,,,,,,,,,,,,,,,,NO,NO,NO,NO,NO,NINGUNO,NO,NO,NO,,,NO,NO,NO,NO,NO,NO,NO,NO,VÉRTICE,NO,NO,NO,NO,NO,NO,NO,NO,NO,NO,NO,NO,,,,,,,,,,,,,NO,,,,,,,,,,,,,,,,,,,,,,1,,,,,,,,,,,NO
23890,,,,,,,,,,,,,,,,,,NO,NO,NO,NO,NO,NINGUNO,NO,NO,NO,,,NO,NO,NO,NO,NO,NO,NO,NO,VÉRTICE,NO,NO,NO,NO,NO,NO,NO,NO,NO,NO,NO,NO,,,,,,,,,,,,,NO,,,,,,,,,,,,,,,,,,,,,,1,,,,,,,,,,,NO
23891,,,,,,,,,,,,,,,,,,NO,NO,NO,NO,NO,NINGUNO,NO,NO,NO,,,NO,NO,NO,NO,NO,NO,NO,NO,VÉRTICE,NO,NO,NO,NO,NO,NO,NO,NO,NO,NO,NO,NO,,,,,,,,,,,,,NO,,,,,,,,,,,,,,,,,,,,,,1,,,,,,,,,,,NO
23892,,,,,,,,,,,,,,,,,,NO,NO,NO,NO,NO,NINGUNO,NO,NO,NO,,,NO,NO,NO,NO,NO,NO,NO,NO,VÉRTICE,NO,NO,NO,NO,NO,NO,NO,NO,NO,NO,NO,NO,,,,,,,,,,,,,NO,,,,,,,,,,,,,,,,,,,,,,1,,,,,,,,,,,NO
23893,,,,,,,,,,,,,,,,,,NO,NO,NO,NO,NO,NINGUNO,NO,NO,NO,,,NO,NO,NO,NO,NO,NO,NO,NO,VÉRTICE,NO,NO,NO,NO,NO,NO,NO,NO,NO,NO,NO,NO,,,,,,,,,,,,,NO,,,,,,,,,,,,,,,,,,,,,,1,,,,,,,,,,,NO
23894,,,,,,,,,,,,,,,,,,NO,NO,NO,NO,NO,NINGUNO,NO,NO,NO,,,NO,NO,NO,NO,NO,NO,NO,NO,VÉRTICE,NO,NO,NO,NO,NO,NO,NO,NO,NO,NO,NO,NO,,,,,,,,,,,,,NO,,,,,,,,,,,,,,,,,,,,,,1,,,,,,,,,,,NO
23895,,,,,,,,,,,,,,,,,,NO,NO,NO,NO,NO,NINGUNO,NO,NO,NO,,,NO,NO,NO,NO,NO,NO,NO,NO,VÉRTICE,NO,NO,NO,NO,NO,NO,NO,NO,NO,NO,NO,NO,,,,,,,,,,,,,NO,,,,,,,,,,,,,,,,,,,,,,1,,,,,,,,,,,NO
23896,,,,,,,,,,,,,,,,,,NO,NO,NO,NO,NO,NINGUNO,NO,NO,NO,,,NO,NO,NO,NO,NO,NO,NO,NO,VÉRTICE,NO,NO,NO,NO,NO,NO,NO,NO,NO,NO,NO,NO,,,,,,,,,,,,,NO,,,,,,,,,,,,,,,,,,,,,,1,,,,,,,,,,,NO
23897,,,,,,,,,,,,,,,,,,NO,NO,NO,NO,NO,NINGUNO,NO,NO,NO,,,NO,NO,NO,NO,NO,NO,NO,NO,VÉRTICE,NO,NO,NO,NO,NO,NO,NO,NO,NO,NO,NO,NO,,,,,,,,,,,,,NO,,,,,,,,,,,,,,,,,,,,,,1,,,,,,,,,,,NO
23898,,,,,,,,,,,,,,,,,,NO,NO,NO,NO,NO,NINGUNO,NO,NO,NO,,,NO,NO,NO,NO,NO,NO,NO,NO,VÉRTICE,NO,NO,NO,NO,NO,NO,NO,NO,NO,NO,NO,NO,,,,,,,,,,,,,NO,,,,,,,,,,,,,,,,,,,,,,1,,,,,,,,,,,NO
23899,,,,,,,,,,,,,,,,,,NO,NO,NO,NO,NO,NINGUNO,NO,NO,NO,,,NO,NO,NO,NO,NO,NO,NO,NO,VÉRTICE,NO,NO,NO,NO,NO,NO,NO,NO,NO,NO,NO,NO,,,,,,,,,,,,,NO,,,,,,,,,,,,,,,,,,,,,,1,,,,,,,,,,,NO
23900,,,,,,,,,,,,,,,,,,NO,NO,NO,NO,NO,NINGUNO,NO,NO,NO,,,NO,NO,NO,NO,NO,NO,NO,NO,VÉRTICE,NO,NO,NO,NO,NO,NO,NO,NO,NO,NO,NO,NO,,,,,,,,,,,,,NO,,,,,,,,,,,,,,,,,,,,,,1,,,,,,,,,,,NO
23901,,,,,,,,,,,,,,,,,,NO,NO,NO,NO,NO,NINGUNO,NO,NO,NO,,,NO,NO,NO,NO,NO,NO,NO,NO,VÉRTICE,NO,NO,NO,NO,NO,NO,NO,NO,NO,NO,NO,NO,,,,,,,,,,,,,NO,,,,,,,,,,,,,,,,,,,,,,1,,,,,,,,,,,NO
23902,,,,,,,,,,,,,,,,,,NO,NO,NO,NO,NO,NINGUNO,NO,NO,NO,,,NO,NO,NO,NO,NO,NO,NO,NO,VÉRTICE,NO,NO,NO,NO,NO,NO,NO,NO,NO,NO,NO,NO,,,,,,,,,,,,,NO,,,,,,,,,,,,,,,,,,,,,,1,,,,,,,,,,,NO
23903,,,,,,,,,,,,,,,,,,NO,NO,NO,NO,NO,NINGUNO,NO,NO,NO,,,NO,NO,NO,NO,NO,NO,NO,NO,VÉRTICE,NO,NO,NO,NO,NO,NO,NO,NO,NO,NO,NO,NO,,,,,,,,,,,,,NO,,,,,,,,,,,,,,,,,,,,,,1,,,,,,,,,,,NO
23904,,,,,,,,,,,,,,,,,,NO,NO,NO,NO,NO,NINGUNO,NO,NO,NO,,,NO,NO,NO,NO,NO,NO,NO,NO,VÉRTICE,NO,NO,NO,NO,NO,NO,NO,NO,NO,NO,NO,NO,,,,,,,,,,,,,NO,,,,,,,,,,,,,,,,,,,,,,1,,,,,,,,,,,NO
23905,,,,,,,,,,,,,,,,,,NO,NO,NO,NO,NO,NINGUNO,NO,NO,NO,,,NO,NO,NO,NO,NO,NO,NO,NO,VÉRTICE,NO,NO,NO,NO,NO,NO,NO,NO,NO,NO,NO,NO,,,,,,,,,,,,,NO,,,,,,,,,,,,,,,,,,,,,,1,,,,,,,,,,,NO
23906,,,,,,,,,,,,,,,,,,NO,NO,NO,NO,NO,NINGUNO,NO,NO,NO,,,NO,NO,NO,NO,NO,NO,NO,NO,VÉRTICE,NO,NO,NO,NO,NO,NO,NO,NO,NO,NO,NO,NO,,,,,,,,,,,,,NO,,,,,,,,,,,,,,,,,,,,,,1,,,,,,,,,,,NO
23907,,,,,,,,,,,,,,,,,,NO,NO,NO,NO,NO,NINGUNO,NO,NO,NO,,,NO,NO,NO,NO,NO,NO,NO,NO,VÉRTICE,NO,NO,NO,NO,NO,NO,NO,NO,NO,NO,NO,NO,,,,,,,,,,,,,NO,,,,,,,,,,,,,,,,,,,,,,1,,,,,,,,,,,NO
23908,,,,,,,,,,,,,,,,,,NO,NO,NO,NO,NO,NINGUNO,NO,NO,NO,,,NO,NO,NO,NO,NO,NO,NO,NO,VÉRTICE,NO,NO,NO,NO,NO,NO,NO,NO,NO,NO,NO,NO,,,,,,,,,,,,,NO,,,,,,,,,,,,,,,,,,,,,,1,,,,,,,,,,,NO
23909,,,,,,,,,,,,,,,,,,NO,NO,NO,NO,NO,NINGUNO,NO,NO,NO,,,NO,NO,NO,NO,NO,NO,NO,NO,VÉRTICE,NO,NO,NO,NO,NO,NO,NO,NO,NO,NO,NO,NO,,,,,,,,,,,,,NO,,,,,,,,,,,,,,,,,,,,,,1,,,,,,,,,,,NO
23910,,,,,,,,,,,,,,,,,,NO,NO,NO,NO,NO,NINGUNO,NO,NO,NO,,,NO,NO,NO,NO,NO,NO,NO,NO,VÉRTICE,NO,NO,NO,NO,NO,NO,NO,NO,NO,NO,NO,NO,,,,,,,,,,,,,NO,,,,,,,,,,,,,,,,,,,,,,1,,,,,,,,,,,NO
23911,,,,,,,,,,,,,,,,,,NO,NO,NO,NO,NO,NINGUNO,NO,NO,NO,,,NO,NO,NO,NO,NO,NO,NO,NO,VÉRTICE,NO,NO,NO,NO,NO,NO,NO,NO,NO,NO,NO,NO,,,,,,,,,,,,,NO,,,,,,,,,,,,,,,,,,,,,,1,,,,,,,,,,,NO
23912,,,,,,,,,,,,,,,,,,NO,NO,NO,NO,NO,NINGUNO,NO,NO,NO,,,NO,NO,NO,NO,NO,NO,NO,NO,VÉRTICE,NO,NO,NO,NO,NO,NO,NO,NO,NO,NO,NO,NO,,,,,,,,,,,,,NO,,,,,,,,,,,,,,,,,,,,,,1,,,,,,,,,,,NO
23913,,,,,,,,,,,,,,,,,,NO,NO,NO,NO,NO,NINGUNO,NO,NO,NO,,,NO,NO,NO,NO,NO,NO,NO,NO,VÉRTICE,NO,NO,NO,NO,NO,NO,NO,NO,NO,NO,NO,NO,,,,,,,,,,,,,NO,,,,,,,,,,,,,,,,,,,,,,1,,,,,,,,,,,NO
23914,,,,,,,,,,,,,,,,,,NO,NO,NO,NO,NO,NINGUNO,NO,NO,NO,,,NO,NO,NO,NO,NO,NO,NO,NO,VÉRTICE,NO,NO,NO,NO,NO,NO,NO,NO,NO,NO,NO,NO,,,,,,,,,,,,,NO,,,,,,,,,,,,,,,,,,,,,,1,,,,,,,,,,,NO
23915,,,,,,,,,,,,,,,,,,NO,NO,NO,NO,NO,NINGUNO,NO,NO,NO,,,NO,NO,NO,NO,NO,NO,NO,NO,VÉRTICE,NO,NO,NO,NO,NO,NO,NO,NO,NO,NO,NO,NO,,,,,,,,,,,,,NO,,,,,,,,,,,,,,,,,,,,,,1,,,,,,,,,,,NO
23916,,,,,,,,,,,,,,,,,,NO,NO,NO,NO,NO,NINGUNO,NO,NO,NO,,,NO,NO,NO,NO,NO,NO,NO,NO,VÉRTICE,NO,NO,NO,NO,NO,NO,NO,NO,NO,NO,NO,NO,,,,,,,,,,,,,NO,,,,,,,,,,,,,,,,,,,,,,1,,,,,,,,,,,NO
23917,,,,,,,,,,,,,,,,,,NO,NO,NO,NO,NO,NINGUNO,NO,NO,NO,,,NO,NO,NO,NO,NO,NO,NO,NO,VÉRTICE,NO,NO,NO,NO,NO,NO,NO,NO,NO,NO,NO,NO,,,,,,,,,,,,,NO,,,,,,,,,,,,,,,,,,,,,,1,,,,,,,,,,,NO
23918,,,,,,,,,,,,,,,,,,NO,NO,NO,NO,NO,NINGUNO,NO,NO,NO,,,NO,NO,NO,NO,NO,NO,NO,NO,VÉRTICE,NO,NO,NO,NO,NO,NO,NO,NO,NO,NO,NO,NO,,,,,,,,,,,,,NO,,,,,,,,,,,,,,,,,,,,,,1,,,,,,,,,,,NO
23919,,,,,,,,,,,,,,,,,,NO,NO,NO,NO,NO,NINGUNO,NO,NO,NO,,,NO,NO,NO,NO,NO,NO,NO,NO,VÉRTICE,NO,NO,NO,NO,NO,NO,NO,NO,NO,NO,NO,NO,,,,,,,,,,,,,NO,,,,,,,,,,,,,,,,,,,,,,1,,,,,,,,,,,NO
23920,,,,,,,,,,,,,,,,,,NO,NO,NO,NO,NO,NINGUNO,NO,NO,NO,,,NO,NO,NO,NO,NO,NO,NO,NO,VÉRTICE,NO,NO,NO,NO,NO,NO,NO,NO,NO,NO,NO,NO,,,,,,,,,,,,,NO,,,,,,,,,,,,,,,,,,,,,,1,,,,,,,,,,,NO
23921,,,,,,,,,,,,,,,,,,NO,NO,NO,NO,NO,NINGUNO,NO,NO,NO,,,NO,NO,NO,NO,NO,NO,NO,NO,VÉRTICE,NO,NO,NO,NO,NO,NO,NO,NO,NO,NO,NO,NO,,,,,,,,,,,,,NO,,,,,,,,,,,,,,,,,,,,,,1,,,,,,,,,,,NO
23922,,,,,,,,,,,,,,,,,,NO,NO,NO,NO,NO,NINGUNO,NO,NO,NO,,,NO,NO,NO,NO,NO,NO,NO,NO,VÉRTICE,NO,NO,NO,NO,NO,NO,NO,NO,NO,NO,NO,NO,,,,,,,,,,,,,NO,,,,,,,,,,,,,,,,,,,,,,1,,,,,,,,,,,NO
23923,,,,,,,,,,,,,,,,,,NO,NO,NO,NO,NO,NINGUNO,NO,NO,NO,,,NO,NO,NO,NO,NO,NO,NO,NO,VÉRTICE,NO,NO,NO,NO,NO,NO,NO,NO,NO,NO,NO,NO,,,,,,,,,,,,,NO,,,,,,,,,,,,,,,,,,,,,,1,,,,,,,,,,,NO
23924,,,,,,,,,,,,,,,,,,NO,NO,NO,NO,NO,NINGUNO,NO,NO,NO,,,NO,NO,NO,NO,NO,NO,NO,NO,VÉRTICE,NO,NO,NO,NO,NO,NO,NO,NO,NO,NO,NO,NO,,,,,,,,,,,,,NO,,,,,,,,,,,,,,,,,,,,,,1,,,,,,,,,,,NO
23925,,,,,,,,,,,,,,,,,,NO,NO,NO,NO,NO,NINGUNO,NO,NO,NO,,,NO,NO,NO,NO,NO,NO,NO,NO,VÉRTICE,NO,NO,NO,NO,NO,NO,NO,NO,NO,NO,NO,NO,,,,,,,,,,,,,NO,,,,,,,,,,,,,,,,,,,,,,1,,,,,,,,,,,NO
23926,,,,,,,,,,,,,,,,,,NO,NO,NO,NO,NO,NINGUNO,NO,NO,NO,,,NO,NO,NO,NO,NO,NO,NO,NO,VÉRTICE,NO,NO,NO,NO,NO,NO,NO,NO,NO,NO,NO,NO,,,,,,,,,,,,,NO,,,,,,,,,,,,,,,,,,,,,,1,,,,,,,,,,,NO
23927,,,,,,,,,,,,,,,,,,NO,NO,NO,NO,NO,NINGUNO,NO,NO,NO,,,NO,NO,NO,NO,NO,NO,NO,NO,VÉRTICE,NO,NO,NO,NO,NO,NO,NO,NO,NO,NO,NO,NO,,,,,,,,,,,,,NO,,,,,,,,,,,,,,,,,,,,,,1,,,,,,,,,,,NO
23928,,,,,,,,,,,,,,,,,,NO,NO,NO,NO,NO,NINGUNO,NO,NO,NO,,,NO,NO,NO,NO,NO,NO,NO,NO,VÉRTICE,NO,NO,NO,NO,NO,NO,NO,NO,NO,NO,NO,NO,,,,,,,,,,,,,NO,,,,,,,,,,,,,,,,,,,,,,1,,,,,,,,,,,NO
23929,,,,,,,,,,,,,,,,,,NO,NO,NO,NO,NO,NINGUNO,NO,NO,NO,,,NO,NO,NO,NO,NO,NO,NO,NO,VÉRTICE,NO,NO,NO,NO,NO,NO,NO,NO,NO,NO,NO,NO,,,,,,,,,,,,,NO,,,,,,,,,,,,,,,,,,,,,,1,,,,,,,,,,,NO
23930,,,,,,,,,,,,,,,,,,NO,NO,NO,NO,NO,NINGUNO,NO,NO,NO,,,NO,NO,NO,NO,NO,NO,NO,NO,VÉRTICE,NO,NO,NO,NO,NO,NO,NO,NO,NO,NO,NO,NO,,,,,,,,,,,,,NO,,,,,,,,,,,,,,,,,,,,,,1,,,,,,,,,,,NO
23931,,,,,,,,,,,,,,,,,,NO,NO,NO,NO,NO,NINGUNO,NO,NO,NO,,,NO,NO,NO,NO,NO,NO,NO,NO,VÉRTICE,NO,NO,NO,NO,NO,NO,NO,NO,NO,NO,NO,NO,,,,,,,,,,,,,NO,,,,,,,,,,,,,,,,,,,,,,1,,,,,,,,,,,NO
23932,,,,,,,,,,,,,,,,,,NO,NO,NO,NO,NO,NINGUNO,NO,NO,NO,,,NO,NO,NO,NO,NO,NO,NO,NO,VÉRTICE,NO,NO,NO,NO,NO,NO,NO,NO,NO,NO,NO,NO,,,,,,,,,,,,,NO,,,,,,,,,,,,,,,,,,,,,,1,,,,,,,,,,,NO
23933,,,,,,,,,,,,,,,,,,NO,NO,NO,NO,NO,NINGUNO,NO,NO,NO,,,NO,NO,NO,NO,NO,NO,NO,NO,VÉRTICE,NO,NO,NO,NO,NO,NO,NO,NO,NO,NO,NO,NO,,,,,,,,,,,,,NO,,,,,,,,,,,,,,,,,,,,,,1,,,,,,,,,,,NO
23934,,,,,,,,,,,,,,,,,,NO,NO,NO,NO,NO,NINGUNO,NO,NO,NO,,,NO,NO,NO,NO,NO,NO,NO,NO,VÉRTICE,NO,NO,NO,NO,NO,NO,NO,NO,NO,NO,NO,NO,,,,,,,,,,,,,NO,,,,,,,,,,,,,,,,,,,,,,1,,,,,,,,,,,NO
23935,,,,,,,,,,,,,,,,,,NO,NO,NO,NO,NO,NINGUNO,NO,NO,NO,,,NO,NO,NO,NO,NO,NO,NO,NO,VÉRTICE,NO,NO,NO,NO,NO,NO,NO,NO,NO,NO,NO,NO,,,,,,,,,,,,,NO,,,,,,,,,,,,,,,,,,,,,,1,,,,,,,,,,,NO
23936,,,,,,,,,,,,,,,,,,NO,NO,NO,NO,NO,NINGUNO,NO,NO,NO,,,NO,NO,NO,NO,NO,NO,NO,NO,VÉRTICE,NO,NO,NO,NO,NO,NO,NO,NO,NO,NO,NO,NO,,,,,,,,,,,,,NO,,,,,,,,,,,,,,,,,,,,,,1,,,,,,,,,,,NO
23937,,,,,,,,,,,,,,,,,,NO,NO,NO,NO,NO,NINGUNO,NO,NO,NO,,,NO,NO,NO,NO,NO,NO,NO,NO,VÉRTICE,NO,NO,NO,NO,NO,NO,NO,NO,NO,NO,NO,NO,,,,,,,,,,,,,NO,,,,,,,,,,,,,,,,,,,,,,1,,,,,,,,,,,NO
23938,,,,,,,,,,,,,,,,,,NO,NO,NO,NO,NO,NINGUNO,NO,NO,NO,,,NO,NO,NO,NO,NO,NO,NO,NO,VÉRTICE,NO,NO,NO,NO,NO,NO,NO,NO,NO,NO,NO,NO,,,,,,,,,,,,,NO,,,,,,,,,,,,,,,,,,,,,,1,,,,,,,,,,,NO
23939,,,,,,,,,,,,,,,,,,NO,NO,NO,NO,NO,NINGUNO,NO,NO,NO,,,NO,NO,NO,NO,NO,NO,NO,NO,VÉRTICE,NO,NO,NO,NO,NO,NO,NO,NO,NO,NO,NO,NO,,,,,,,,,,,,,NO,,,,,,,,,,,,,,,,,,,,,,1,,,,,,,,,,,NO
23940,,,,,,,,,,,,,,,,,,NO,NO,NO,NO,NO,NINGUNO,NO,NO,NO,,,NO,NO,NO,NO,NO,NO,NO,NO,VÉRTICE,NO,NO,NO,NO,NO,NO,NO,NO,NO,NO,NO,NO,,,,,,,,,,,,,NO,,,,,,,,,,,,,,,,,,,,,,1,,,,,,,,,,,NO
23941,,,,,,,,,,,,,,,,,,NO,NO,NO,NO,NO,NINGUNO,NO,NO,NO,,,NO,NO,NO,NO,NO,NO,NO,NO,VÉRTICE,NO,NO,NO,NO,NO,NO,NO,NO,NO,NO,NO,NO,,,,,,,,,,,,,NO,,,,,,,,,,,,,,,,,,,,,,1,,,,,,,,,,,NO
23942,,,,,,,,,,,,,,,,,,NO,NO,NO,NO,NO,NINGUNO,NO,NO,NO,,,NO,NO,NO,NO,NO,NO,NO,NO,VÉRTICE,NO,NO,NO,NO,NO,NO,NO,NO,NO,NO,NO,NO,,,,,,,,,,,,,NO,,,,,,,,,,,,,,,,,,,,,,1,,,,,,,,,,,NO
23943,,,,,,,,,,,,,,,,,,NO,NO,NO,NO,NO,NINGUNO,NO,NO,NO,,,NO,NO,NO,NO,NO,NO,NO,NO,VÉRTICE,NO,NO,NO,NO,NO,NO,NO,NO,NO,NO,NO,NO,,,,,,,,,,,,,NO,,,,,,,,,,,,,,,,,,,,,,1,,,,,,,,,,,NO
23944,,,,,,,,,,,,,,,,,,NO,NO,NO,NO,NO,NINGUNO,NO,NO,NO,,,NO,NO,NO,NO,NO,NO,NO,NO,VÉRTICE,NO,NO,NO,NO,NO,NO,NO,NO,NO,NO,NO,NO,,,,,,,,,,,,,NO,,,,,,,,,,,,,,,,,,,,,,1,,,,,,,,,,,NO
23945,,,,,,,,,,,,,,,,,,NO,NO,NO,NO,NO,NINGUNO,NO,NO,NO,,,NO,NO,NO,NO,NO,NO,NO,NO,VÉRTICE,NO,NO,NO,NO,NO,NO,NO,NO,NO,NO,NO,NO,,,,,,,,,,,,,NO,,,,,,,,,,,,,,,,,,,,,,1,,,,,,,,,,,NO
23946,,,,,,,,,,,,,,,,,,NO,NO,NO,NO,NO,NINGUNO,NO,NO,NO,,,NO,NO,NO,NO,NO,NO,NO,NO,VÉRTICE,NO,NO,NO,NO,NO,NO,NO,NO,NO,NO,NO,NO,,,,,,,,,,,,,NO,,,,,,,,,,,,,,,,,,,,,,1,,,,,,,,,,,NO
23947,,,,,,,,,,,,,,,,,,NO,NO,NO,NO,NO,NINGUNO,NO,NO,NO,,,NO,NO,NO,NO,NO,NO,NO,NO,VÉRTICE,NO,NO,NO,NO,NO,NO,NO,NO,NO,NO,NO,NO,,,,,,,,,,,,,NO,,,,,,,,,,,,,,,,,,,,,,1,,,,,,,,,,,NO
23948,,,,,,,,,,,,,,,,,,NO,NO,NO,NO,NO,NINGUNO,NO,NO,NO,,,NO,NO,NO,NO,NO,NO,NO,NO,VÉRTICE,NO,NO,NO,NO,NO,NO,NO,NO,NO,NO,NO,NO,,,,,,,,,,,,,NO,,,,,,,,,,,,,,,,,,,,,,1,,,,,,,,,,,NO
23949,,,,,,,,,,,,,,,,,,NO,NO,NO,NO,NO,NINGUNO,NO,NO,NO,,,NO,NO,NO,NO,NO,NO,NO,NO,VÉRTICE,NO,NO,NO,NO,NO,NO,NO,NO,NO,NO,NO,NO,,,,,,,,,,,,,NO,,,,,,,,,,,,,,,,,,,,,,1,,,,,,,,,,,NO
23950,,,,,,,,,,,,,,,,,,NO,NO,NO,NO,NO,NINGUNO,NO,NO,NO,,,NO,NO,NO,NO,NO,NO,NO,NO,VÉRTICE,NO,NO,NO,NO,NO,NO,NO,NO,NO,NO,NO,NO,,,,,,,,,,,,,NO,,,,,,,,,,,,,,,,,,,,,,1,,,,,,,,,,,NO
23951,,,,,,,,,,,,,,,,,,NO,NO,NO,NO,NO,NINGUNO,NO,NO,NO,,,NO,NO,NO,NO,NO,NO,NO,NO,VÉRTICE,NO,NO,NO,NO,NO,NO,NO,NO,NO,NO,NO,NO,,,,,,,,,,,,,NO,,,,,,,,,,,,,,,,,,,,,,1,,,,,,,,,,,NO
23952,,,,,,,,,,,,,,,,,,NO,NO,NO,NO,NO,NINGUNO,NO,NO,NO,,,NO,NO,NO,NO,NO,NO,NO,NO,VÉRTICE,NO,NO,NO,NO,NO,NO,NO,NO,NO,NO,NO,NO,,,,,,,,,,,,,NO,,,,,,,,,,,,,,,,,,,,,,1,,,,,,,,,,,NO
23953,,,,,,,,,,,,,,,,,,NO,NO,NO,NO,NO,NINGUNO,NO,NO,NO,,,NO,NO,NO,NO,NO,NO,NO,NO,VÉRTICE,NO,NO,NO,NO,NO,NO,NO,NO,NO,NO,NO,NO,,,,,,,,,,,,,NO,,,,,,,,,,,,,,,,,,,,,,1,,,,,,,,,,,NO
23954,,,,,,,,,,,,,,,,,,NO,NO,NO,NO,NO,NINGUNO,NO,NO,NO,,,NO,NO,NO,NO,NO,NO,NO,NO,VÉRTICE,NO,NO,NO,NO,NO,NO,NO,NO,NO,NO,NO,NO,,,,,,,,,,,,,NO,,,,,,,,,,,,,,,,,,,,,,1,,,,,,,,,,,NO
23955,,,,,,,,,,,,,,,,,,NO,NO,NO,NO,NO,NINGUNO,NO,NO,NO,,,NO,NO,NO,NO,NO,NO,NO,NO,VÉRTICE,NO,NO,NO,NO,NO,NO,NO,NO,NO,NO,NO,NO,,,,,,,,,,,,,NO,,,,,,,,,,,,,,,,,,,,,,1,,,,,,,,,,,NO
23956,,,,,,,,,,,,,,,,,,NO,NO,NO,NO,NO,NINGUNO,NO,NO,NO,,,NO,NO,NO,NO,NO,NO,NO,NO,VÉRTICE,NO,NO,NO,NO,NO,NO,NO,NO,NO,NO,NO,NO,,,,,,,,,,,,,NO,,,,,,,,,,,,,,,,,,,,,,1,,,,,,,,,,,NO
23957,,,,,,,,,,,,,,,,,,NO,NO,NO,NO,NO,NINGUNO,NO,NO,NO,,,NO,NO,NO,NO,NO,NO,NO,NO,VÉRTICE,NO,NO,NO,NO,NO,NO,NO,NO,NO,NO,NO,NO,,,,,,,,,,,,,NO,,,,,,,,,,,,,,,,,,,,,,1,,,,,,,,,,,NO
23958,,,,,,,,,,,,,,,,,,NO,NO,NO,NO,NO,NINGUNO,NO,NO,NO,,,NO,NO,NO,NO,NO,NO,NO,NO,VÉRTICE,NO,NO,NO,NO,NO,NO,NO,NO,NO,NO,NO,NO,,,,,,,,,,,,,NO,,,,,,,,,,,,,,,,,,,,,,1,,,,,,,,,,,NO
23959,,,,,,,,,,,,,,,,,,NO,NO,NO,NO,NO,NINGUNO,NO,NO,NO,,,NO,NO,NO,NO,NO,NO,NO,NO,VÉRTICE,NO,NO,NO,NO,NO,NO,NO,NO,NO,NO,NO,NO,,,,,,,,,,,,,NO,,,,,,,,,,,,,,,,,,,,,,1,,,,,,,,,,,NO
23960,,,,,,,,,,,,,,,,,,NO,NO,NO,NO,NO,NINGUNO,NO,NO,NO,,,NO,NO,NO,NO,NO,NO,NO,NO,VÉRTICE,NO,NO,NO,NO,NO,NO,NO,NO,NO,NO,NO,NO,,,,,,,,,,,,,NO,,,,,,,,,,,,,,,,,,,,,,1,,,,,,,,,,,NO
23961,,,,,,,,,,,,,,,,,,NO,NO,NO,NO,NO,NINGUNO,NO,NO,NO,,,NO,NO,NO,NO,NO,NO,NO,NO,VÉRTICE,NO,NO,NO,NO,NO,NO,NO,NO,NO,NO,NO,NO,,,,,,,,,,,,,NO,,,,,,,,,,,,,,,,,,,,,,1,,,,,,,,,,,NO
23962,,,,,,,,,,,,,,,,,,NO,NO,NO,NO,NO,NINGUNO,NO,NO,NO,,,NO,NO,NO,NO,NO,NO,NO,NO,VÉRTICE,NO,NO,NO,NO,NO,NO,NO,NO,NO,NO,NO,NO,,,,,,,,,,,,,NO,,,,,,,,,,,,,,,,,,,,,,1,,,,,,,,,,,NO
23963,,,,,,,,,,,,,,,,,,NO,NO,NO,NO,NO,NINGUNO,NO,NO,NO,,,NO,NO,NO,NO,NO,NO,NO,NO,VÉRTICE,NO,NO,NO,NO,NO,NO,NO,NO,NO,NO,NO,NO,,,,,,,,,,,,,NO,,,,,,,,,,,,,,,,,,,,,,1,,,,,,,,,,,NO
23964,,,,,,,,,,,,,,,,,,NO,NO,NO,NO,NO,NINGUNO,NO,NO,NO,,,NO,NO,NO,NO,NO,NO,NO,NO,VÉRTICE,NO,NO,NO,NO,NO,NO,NO,NO,NO,NO,NO,NO,,,,,,,,,,,,,NO,,,,,,,,,,,,,,,,,,,,,,1,,,,,,,,,,,NO
23965,,,,,,,,,,,,,,,,,,NO,NO,NO,NO,NO,NINGUNO,NO,NO,NO,,,NO,NO,NO,NO,NO,NO,NO,NO,VÉRTICE,NO,NO,NO,NO,NO,NO,NO,NO,NO,NO,NO,NO,,,,,,,,,,,,,NO,,,,,,,,,,,,,,,,,,,,,,1,,,,,,,,,,,NO
23966,,,,,,,,,,,,,,,,,,NO,NO,NO,NO,NO,NINGUNO,NO,NO,NO,,,NO,NO,NO,NO,NO,NO,NO,NO,VÉRTICE,NO,NO,NO,NO,NO,NO,NO,NO,NO,NO,NO,NO,,,,,,,,,,,,,NO,,,,,,,,,,,,,,,,,,,,,,1,,,,,,,,,,,NO
23967,,,,,,,,,,,,,,,,,,NO,NO,NO,NO,NO,NINGUNO,NO,NO,NO,,,NO,NO,NO,NO,NO,NO,NO,NO,VÉRTICE,NO,NO,NO,NO,NO,NO,NO,NO,NO,NO,NO,NO,,,,,,,,,,,,,NO,,,,,,,,,,,,,,,,,,,,,,1,,,,,,,,,,,NO
23968,,,,,,,,,,,,,,,,,,NO,NO,NO,NO,NO,NINGUNO,NO,NO,NO,,,NO,NO,NO,NO,NO,NO,NO,NO,VÉRTICE,NO,NO,NO,NO,NO,NO,NO,NO,NO,NO,NO,NO,,,,,,,,,,,,,NO,,,,,,,,,,,,,,,,,,,,,,1,,,,,,,,,,,NO
23969,,,,,,,,,,,,,,,,,,NO,NO,NO,NO,NO,NINGUNO,NO,NO,NO,,,NO,NO,NO,NO,NO,NO,NO,NO,VÉRTICE,NO,NO,NO,NO,NO,NO,NO,NO,NO,NO,NO,NO,,,,,,,,,,,,,NO,,,,,,,,,,,,,,,,,,,,,,1,,,,,,,,,,,NO
23970,,,,,,,,,,,,,,,,,,NO,NO,NO,NO,NO,NINGUNO,NO,NO,NO,,,NO,NO,NO,NO,NO,NO,NO,NO,VÉRTICE,NO,NO,NO,NO,NO,NO,NO,NO,NO,NO,NO,NO,,,,,,,,,,,,,NO,,,,,,,,,,,,,,,,,,,,,,1,,,,,,,,,,,NO
23971,,,,,,,,,,,,,,,,,,NO,NO,NO,NO,NO,NINGUNO,NO,NO,NO,,,NO,NO,NO,NO,NO,NO,NO,NO,VÉRTICE,NO,NO,NO,NO,NO,NO,NO,NO,NO,NO,NO,NO,,,,,,,,,,,,,NO,,,,,,,,,,,,,,,,,,,,,,1,,,,,,,,,,,NO
23972,,,,,,,,,,,,,,,,,,NO,NO,NO,NO,NO,NINGUNO,NO,NO,NO,,,NO,NO,NO,NO,NO,NO,NO,NO,VÉRTICE,NO,NO,NO,NO,NO,NO,NO,NO,NO,NO,NO,NO,,,,,,,,,,,,,NO,,,,,,,,,,,,,,,,,,,,,,1,,,,,,,,,,,NO
23973,,,,,,,,,,,,,,,,,,NO,NO,NO,NO,NO,NINGUNO,NO,NO,NO,,,NO,NO,NO,NO,NO,NO,NO,NO,VÉRTICE,NO,NO,NO,NO,NO,NO,NO,NO,NO,NO,NO,NO,,,,,,,,,,,,,NO,,,,,,,,,,,,,,,,,,,,,,1,,,,,,,,,,,NO
23974,,,,,,,,,,,,,,,,,,NO,NO,NO,NO,NO,NINGUNO,NO,NO,NO,,,NO,NO,NO,NO,NO,NO,NO,NO,VÉRTICE,NO,NO,NO,NO,NO,NO,NO,NO,NO,NO,NO,NO,,,,,,,,,,,,,NO,,,,,,,,,,,,,,,,,,,,,,1,,,,,,,,,,,NO
23975,,,,,,,,,,,,,,,,,,NO,NO,NO,NO,NO,NINGUNO,NO,NO,NO,,,NO,NO,NO,NO,NO,NO,NO,NO,VÉRTICE,NO,NO,NO,NO,NO,NO,NO,NO,NO,NO,NO,NO,,,,,,,,,,,,,NO,,,,,,,,,,,,,,,,,,,,,,1,,,,,,,,,,,NO
23976,,,,,,,,,,,,,,,,,,NO,NO,NO,NO,NO,NINGUNO,NO,NO,NO,,,NO,NO,NO,NO,NO,NO,NO,NO,VÉRTICE,NO,NO,NO,NO,NO,NO,NO,NO,NO,NO,NO,NO,,,,,,,,,,,,,NO,,,,,,,,,,,,,,,,,,,,,,1,,,,,,,,,,,NO
23977,,,,,,,,,,,,,,,,,,NO,NO,NO,NO,NO,NINGUNO,NO,NO,NO,,,NO,NO,NO,NO,NO,NO,NO,NO,VÉRTICE,NO,NO,NO,NO,NO,NO,NO,NO,NO,NO,NO,NO,,,,,,,,,,,,,NO,,,,,,,,,,,,,,,,,,,,,,1,,,,,,,,,,,NO
23978,,,,,,,,,,,,,,,,,,NO,NO,NO,NO,NO,NINGUNO,NO,NO,NO,,,NO,NO,NO,NO,NO,NO,NO,NO,VÉRTICE,NO,NO,NO,NO,NO,NO,NO,NO,NO,NO,NO,NO,,,,,,,,,,,,,NO,,,,,,,,,,,,,,,,,,,,,,1,,,,,,,,,,,NO
23979,,,,,,,,,,,,,,,,,,NO,NO,NO,NO,NO,NINGUNO,NO,NO,NO,,,NO,NO,NO,NO,NO,NO,NO,NO,VÉRTICE,NO,NO,NO,NO,NO,NO,NO,NO,NO,NO,NO,NO,,,,,,,,,,,,,NO,,,,,,,,,,,,,,,,,,,,,,1,,,,,,,,,,,NO
23980,,,,,,,,,,,,,,,,,,NO,NO,NO,NO,NO,NINGUNO,NO,NO,NO,,,NO,NO,NO,NO,NO,NO,NO,NO,VÉRTICE,NO,NO,NO,NO,NO,NO,NO,NO,NO,NO,NO,NO,,,,,,,,,,,,,NO,,,,,,,,,,,,,,,,,,,,,,1,,,,,,,,,,,NO
23981,,,,,,,,,,,,,,,,,,NO,NO,NO,NO,NO,NINGUNO,NO,NO,NO,,,NO,NO,NO,NO,NO,NO,NO,NO,VÉRTICE,NO,NO,NO,NO,NO,NO,NO,NO,NO,NO,NO,NO,,,,,,,,,,,,,NO,,,,,,,,,,,,,,,,,,,,,,1,,,,,,,,,,,NO
23982,,,,,,,,,,,,,,,,,,NO,NO,NO,NO,NO,NINGUNO,NO,NO,NO,,,NO,NO,NO,NO,NO,NO,NO,NO,VÉRTICE,NO,NO,NO,NO,NO,NO,NO,NO,NO,NO,NO,NO,,,,,,,,,,,,,NO,,,,,,,,,,,,,,,,,,,,,,1,,,,,,,,,,,NO
23983,,,,,,,,,,,,,,,,,,NO,NO,NO,NO,NO,NINGUNO,NO,NO,NO,,,NO,NO,NO,NO,NO,NO,NO,NO,VÉRTICE,NO,NO,NO,NO,NO,NO,NO,NO,NO,NO,NO,NO,,,,,,,,,,,,,NO,,,,,,,,,,,,,,,,,,,,,,1,,,,,,,,,,,NO
23984,,,,,,,,,,,,,,,,,,NO,NO,NO,NO,NO,NINGUNO,NO,NO,NO,,,NO,NO,NO,NO,NO,NO,NO,NO,VÉRTICE,NO,NO,NO,NO,NO,NO,NO,NO,NO,NO,NO,NO,,,,,,,,,,,,,NO,,,,,,,,,,,,,,,,,,,,,,1,,,,,,,,,,,NO
23985,,,,,,,,,,,,,,,,,,NO,NO,NO,NO,NO,NINGUNO,NO,NO,NO,,,NO,NO,NO,NO,NO,NO,NO,NO,VÉRTICE,NO,NO,NO,NO,NO,NO,NO,NO,NO,NO,NO,NO,,,,,,,,,,,,,NO,,,,,,,,,,,,,,,,,,,,,,1,,,,,,,,,,,NO
23986,,,,,,,,,,,,,,,,,,NO,NO,NO,NO,NO,NINGUNO,NO,NO,NO,,,NO,NO,NO,NO,NO,NO,NO,NO,VÉRTICE,NO,NO,NO,NO,NO,NO,NO,NO,NO,NO,NO,NO,,,,,,,,,,,,,NO,,,,,,,,,,,,,,,,,,,,,,1,,,,,,,,,,,NO
23987,,,,,,,,,,,,,,,,,,NO,NO,NO,NO,NO,NINGUNO,NO,NO,NO,,,NO,NO,NO,NO,NO,NO,NO,NO,VÉRTICE,NO,NO,NO,NO,NO,NO,NO,NO,NO,NO,NO,NO,,,,,,,,,,,,,NO,,,,,,,,,,,,,,,,,,,,,,1,,,,,,,,,,,NO
23988,,,,,,,,,,,,,,,,,,NO,NO,NO,NO,NO,NINGUNO,NO,NO,NO,,,NO,NO,NO,NO,NO,NO,NO,NO,VÉRTICE,NO,NO,NO,NO,NO,NO,NO,NO,NO,NO,NO,NO,,,,,,,,,,,,,NO,,,,,,,,,,,,,,,,,,,,,,1,,,,,,,,,,,NO
23989,,,,,,,,,,,,,,,,,,NO,NO,NO,NO,NO,NINGUNO,NO,NO,NO,,,NO,NO,NO,NO,NO,NO,NO,NO,VÉRTICE,NO,NO,NO,NO,NO,NO,NO,NO,NO,NO,NO,NO,,,,,,,,,,,,,NO,,,,,,,,,,,,,,,,,,,,,,1,,,,,,,,,,,NO
23990,,,,,,,,,,,,,,,,,,NO,NO,NO,NO,NO,NINGUNO,NO,NO,NO,,,NO,NO,NO,NO,NO,NO,NO,NO,VÉRTICE,NO,NO,NO,NO,NO,NO,NO,NO,NO,NO,NO,NO,,,,,,,,,,,,,NO,,,,,,,,,,,,,,,,,,,,,,1,,,,,,,,,,,NO
23991,,,,,,,,,,,,,,,,,,NO,NO,NO,NO,NO,NINGUNO,NO,NO,NO,,,NO,NO,NO,NO,NO,NO,NO,NO,VÉRTICE,NO,NO,NO,NO,NO,NO,NO,NO,NO,NO,NO,NO,,,,,,,,,,,,,NO,,,,,,,,,,,,,,,,,,,,,,1,,,,,,,,,,,NO
23992,,,,,,,,,,,,,,,,,,NO,NO,NO,NO,NO,NINGUNO,NO,NO,NO,,,NO,NO,NO,NO,NO,NO,NO,NO,VÉRTICE,NO,NO,NO,NO,NO,NO,NO,NO,NO,NO,NO,NO,,,,,,,,,,,,,NO,,,,,,,,,,,,,,,,,,,,,,1,,,,,,,,,,,NO
23993,,,,,,,,,,,,,,,,,,NO,NO,NO,NO,NO,NINGUNO,NO,NO,NO,,,NO,NO,NO,NO,NO,NO,NO,NO,VÉRTICE,NO,NO,NO,NO,NO,NO,NO,NO,NO,NO,NO,NO,,,,,,,,,,,,,NO,,,,,,,,,,,,,,,,,,,,,,1,,,,,,,,,,,NO
23994,,,,,,,,,,,,,,,,,,NO,NO,NO,NO,NO,NINGUNO,NO,NO,NO,,,NO,NO,NO,NO,NO,NO,NO,NO,VÉRTICE,NO,NO,NO,NO,NO,NO,NO,NO,NO,NO,NO,NO,,,,,,,,,,,,,NO,,,,,,,,,,,,,,,,,,,,,,1,,,,,,,,,,,NO
23995,,,,,,,,,,,,,,,,,,NO,NO,NO,NO,NO,NINGUNO,NO,NO,NO,,,NO,NO,NO,NO,NO,NO,NO,NO,VÉRTICE,NO,NO,NO,NO,NO,NO,NO,NO,NO,NO,NO,NO,,,,,,,,,,,,,NO,,,,,,,,,,,,,,,,,,,,,,1,,,,,,,,,,,NO
23996,,,,,,,,,,,,,,,,,,NO,NO,NO,NO,NO,NINGUNO,NO,NO,NO,,,NO,NO,NO,NO,NO,NO,NO,NO,VÉRTICE,NO,NO,NO,NO,NO,NO,NO,NO,NO,NO,NO,NO,,,,,,,,,,,,,NO,,,,,,,,,,,,,,,,,,,,,,1,,,,,,,,,,,NO
23997,,,,,,,,,,,,,,,,,,NO,NO,NO,NO,NO,NINGUNO,NO,NO,NO,,,NO,NO,NO,NO,NO,NO,NO,NO,VÉRTICE,NO,NO,NO,NO,NO,NO,NO,NO,NO,NO,NO,NO,,,,,,,,,,,,,NO,,,,,,,,,,,,,,,,,,,,,,1,,,,,,,,,,,NO
23998,,,,,,,,,,,,,,,,,,NO,NO,NO,NO,NO,NINGUNO,NO,NO,NO,,,NO,NO,NO,NO,NO,NO,NO,NO,VÉRTICE,NO,NO,NO,NO,NO,NO,NO,NO,NO,NO,NO,NO,,,,,,,,,,,,,NO,,,,,,,,,,,,,,,,,,,,,,1,,,,,,,,,,,NO
23999,,,,,,,,,,,,,,,,,,NO,NO,NO,NO,NO,NINGUNO,NO,NO,NO,,,NO,NO,NO,NO,NO,NO,NO,NO,VÉRTICE,NO,NO,NO,NO,NO,NO,NO,NO,NO,NO,NO,NO,,,,,,,,,,,,,NO,,,,,,,,,,,,,,,,,,,,,,1,,,,,,,,,,,NO
24000,,,,,,,,,,,,,,,,,,NO,NO,NO,NO,NO,NINGUNO,NO,NO,NO,,,NO,NO,NO,NO,NO,NO,NO,NO,VÉRTICE,NO,NO,NO,NO,NO,NO,NO,NO,NO,NO,NO,NO,,,,,,,,,,,,,NO,,,,,,,,,,,,,,,,,,,,,,1,,,,,,,,,,,NO
24001,,,,,,,,,,,,,,,,,,NO,NO,NO,NO,NO,NINGUNO,NO,NO,NO,,,NO,NO,NO,NO,NO,NO,NO,NO,VÉRTICE,NO,NO,NO,NO,NO,NO,NO,NO,NO,NO,NO,NO,,,,,,,,,,,,,NO,,,,,,,,,,,,,,,,,,,,,,1,,,,,,,,,,,NO
24002,,,,,,,,,,,,,,,,,,NO,NO,NO,NO,NO,NINGUNO,NO,NO,NO,,,NO,NO,NO,NO,NO,NO,NO,NO,VÉRTICE,NO,NO,NO,NO,NO,NO,NO,NO,NO,NO,NO,NO,,,,,,,,,,,,,NO,,,,,,,,,,,,,,,,,,,,,,1,,,,,,,,,,,NO
24003,,,,,,,,,,,,,,,,,,NO,NO,NO,NO,NO,NINGUNO,NO,NO,NO,,,NO,NO,NO,NO,NO,NO,NO,NO,VÉRTICE,NO,NO,NO,NO,NO,NO,NO,NO,NO,NO,NO,NO,,,,,,,,,,,,,NO,,,,,,,,,,,,,,,,,,,,,,1,,,,,,,,,,,NO
24004,,,,,,,,,,,,,,,,,,NO,NO,NO,NO,NO,NINGUNO,NO,NO,NO,,,NO,NO,NO,NO,NO,NO,NO,NO,VÉRTICE,NO,NO,NO,NO,NO,NO,NO,NO,NO,NO,NO,NO,,,,,,,,,,,,,NO,,,,,,,,,,,,,,,,,,,,,,1,,,,,,,,,,,NO
24005,,,,,,,,,,,,,,,,,,NO,NO,NO,NO,NO,NINGUNO,NO,NO,NO,,,NO,NO,NO,NO,NO,NO,NO,NO,VÉRTICE,NO,NO,NO,NO,NO,NO,NO,NO,NO,NO,NO,NO,,,,,,,,,,,,,NO,,,,,,,,,,,,,,,,,,,,,,1,,,,,,,,,,,NO
24006,,,,,,,,,,,,,,,,,,NO,NO,NO,NO,NO,NINGUNO,NO,NO,NO,,,NO,NO,NO,NO,NO,NO,NO,NO,VÉRTICE,NO,NO,NO,NO,NO,NO,NO,NO,NO,NO,NO,NO,,,,,,,,,,,,,NO,,,,,,,,,,,,,,,,,,,,,,1,,,,,,,,,,,NO
24007,,,,,,,,,,,,,,,,,,NO,NO,NO,NO,NO,NINGUNO,NO,NO,NO,,,NO,NO,NO,NO,NO,NO,NO,NO,VÉRTICE,NO,NO,NO,NO,NO,NO,NO,NO,NO,NO,NO,NO,,,,,,,,,,,,,NO,,,,,,,,,,,,,,,,,,,,,,1,,,,,,,,,,,NO
24008,,,,,,,,,,,,,,,,,,NO,NO,NO,NO,NO,NINGUNO,NO,NO,NO,,,NO,NO,NO,NO,NO,NO,NO,NO,VÉRTICE,NO,NO,NO,NO,NO,NO,NO,NO,NO,NO,NO,NO,,,,,,,,,,,,,NO,,,,,,,,,,,,,,,,,,,,,,1,,,,,,,,,,,NO
24009,,,,,,,,,,,,,,,,,,NO,NO,NO,NO,NO,NINGUNO,NO,NO,NO,,,NO,NO,NO,NO,NO,NO,NO,NO,VÉRTICE,NO,NO,NO,NO,NO,NO,NO,NO,NO,NO,NO,NO,,,,,,,,,,,,,NO,,,,,,,,,,,,,,,,,,,,,,1,,,,,,,,,,,NO
24010,,,,,,,,,,,,,,,,,,NO,NO,NO,NO,NO,NINGUNO,NO,NO,NO,,,NO,NO,NO,NO,NO,NO,NO,NO,VÉRTICE,NO,NO,NO,NO,NO,NO,NO,NO,NO,NO,NO,NO,,,,,,,,,,,,,NO,,,,,,,,,,,,,,,,,,,,,,1,,,,,,,,,,,NO
24011,,,,,,,,,,,,,,,,,,NO,NO,NO,NO,NO,NINGUNO,NO,NO,NO,,,NO,NO,NO,NO,NO,NO,NO,NO,VÉRTICE,NO,NO,NO,NO,NO,NO,NO,NO,NO,NO,NO,NO,,,,,,,,,,,,,NO,,,,,,,,,,,,,,,,,,,,,,1,,,,,,,,,,,NO
24012,,,,,,,,,,,,,,,,,,NO,NO,NO,NO,NO,NINGUNO,NO,NO,NO,,,NO,NO,NO,NO,NO,NO,NO,NO,VÉRTICE,NO,NO,NO,NO,NO,NO,NO,NO,NO,NO,NO,NO,,,,,,,,,,,,,NO,,,,,,,,,,,,,,,,,,,,,,1,,,,,,,,,,,NO
24013,,,,,,,,,,,,,,,,,,NO,NO,NO,NO,NO,NINGUNO,NO,NO,NO,,,NO,NO,NO,NO,NO,NO,NO,NO,VÉRTICE,NO,NO,NO,NO,NO,NO,NO,NO,NO,NO,NO,NO,,,,,,,,,,,,,NO,,,,,,,,,,,,,,,,,,,,,,1,,,,,,,,,,,NO
24014,,,,,,,,,,,,,,,,,,NO,NO,NO,NO,NO,NINGUNO,NO,NO,NO,,,NO,NO,NO,NO,NO,NO,NO,NO,VÉRTICE,NO,NO,NO,NO,NO,NO,NO,NO,NO,NO,NO,NO,,,,,,,,,,,,,NO,,,,,,,,,,,,,,,,,,,,,,1,,,,,,,,,,,NO
24015,,,,,,,,,,,,,,,,,,NO,NO,NO,NO,NO,NINGUNO,NO,NO,NO,,,NO,NO,NO,NO,NO,NO,NO,NO,VÉRTICE,NO,NO,NO,NO,NO,NO,NO,NO,NO,NO,NO,NO,,,,,,,,,,,,,NO,,,,,,,,,,,,,,,,,,,,,,1,,,,,,,,,,,NO
24016,,,,,,,,,,,,,,,,,,NO,NO,NO,NO,NO,NINGUNO,NO,NO,NO,,,NO,NO,NO,NO,NO,NO,NO,NO,VÉRTICE,NO,NO,NO,NO,NO,NO,NO,NO,NO,NO,NO,NO,,,,,,,,,,,,,NO,,,,,,,,,,,,,,,,,,,,,,1,,,,,,,,,,,NO
24017,,,,,,,,,,,,,,,,,,NO,NO,NO,NO,NO,NINGUNO,NO,NO,NO,,,NO,NO,NO,NO,NO,NO,NO,NO,VÉRTICE,NO,NO,NO,NO,NO,NO,NO,NO,NO,NO,NO,NO,,,,,,,,,,,,,NO,,,,,,,,,,,,,,,,,,,,,,1,,,,,,,,,,,NO
24018,,,,,,,,,,,,,,,,,,NO,NO,NO,NO,NO,NINGUNO,NO,NO,NO,,,NO,NO,NO,NO,NO,NO,NO,NO,VÉRTICE,NO,NO,NO,NO,NO,NO,NO,NO,NO,NO,NO,NO,,,,,,,,,,,,,NO,,,,,,,,,,,,,,,,,,,,,,1,,,,,,,,,,,NO
24019,,,,,,,,,,,,,,,,,,NO,NO,NO,NO,NO,NINGUNO,NO,NO,NO,,,NO,NO,NO,NO,NO,NO,NO,NO,VÉRTICE,NO,NO,NO,NO,NO,NO,NO,NO,NO,NO,NO,NO,,,,,,,,,,,,,NO,,,,,,,,,,,,,,,,,,,,,,1,,,,,,,,,,,NO
24020,,,,,,,,,,,,,,,,,,NO,NO,NO,NO,NO,NINGUNO,NO,NO,NO,,,NO,NO,NO,NO,NO,NO,NO,NO,VÉRTICE,NO,NO,NO,NO,NO,NO,NO,NO,NO,NO,NO,NO,,,,,,,,,,,,,NO,,,,,,,,,,,,,,,,,,,,,,1,,,,,,,,,,,NO
24021,,,,,,,,,,,,,,,,,,NO,NO,NO,NO,NO,NINGUNO,NO,NO,NO,,,NO,NO,NO,NO,NO,NO,NO,NO,VÉRTICE,NO,NO,NO,NO,NO,NO,NO,NO,NO,NO,NO,NO,,,,,,,,,,,,,NO,,,,,,,,,,,,,,,,,,,,,,1,,,,,,,,,,,NO
24022,,,,,,,,,,,,,,,,,,NO,NO,NO,NO,NO,NINGUNO,NO,NO,NO,,,NO,NO,NO,NO,NO,NO,NO,NO,VÉRTICE,NO,NO,NO,NO,NO,NO,NO,NO,NO,NO,NO,NO,,,,,,,,,,,,,NO,,,,,,,,,,,,,,,,,,,,,,1,,,,,,,,,,,NO
24023,,,,,,,,,,,,,,,,,,NO,NO,NO,NO,NO,NINGUNO,NO,NO,NO,,,NO,NO,NO,NO,NO,NO,NO,NO,VÉRTICE,NO,NO,NO,NO,NO,NO,NO,NO,NO,NO,NO,NO,,,,,,,,,,,,,NO,,,,,,,,,,,,,,,,,,,,,,1,,,,,,,,,,,NO
24024,,,,,,,,,,,,,,,,,,NO,NO,NO,NO,NO,NINGUNO,NO,NO,NO,,,NO,NO,NO,NO,NO,NO,NO,NO,VÉRTICE,NO,NO,NO,NO,NO,NO,NO,NO,NO,NO,NO,NO,,,,,,,,,,,,,NO,,,,,,,,,,,,,,,,,,,,,,1,,,,,,,,,,,NO
24025,,,,,,,,,,,,,,,,,,NO,NO,NO,NO,NO,NINGUNO,NO,NO,NO,,,NO,NO,NO,NO,NO,NO,NO,NO,VÉRTICE,NO,NO,NO,NO,NO,NO,NO,NO,NO,NO,NO,NO,,,,,,,,,,,,,NO,,,,,,,,,,,,,,,,,,,,,,1,,,,,,,,,,,NO
24026,,,,,,,,,,,,,,,,,,NO,NO,NO,NO,NO,NINGUNO,NO,NO,NO,,,NO,NO,NO,NO,NO,NO,NO,NO,VÉRTICE,NO,NO,NO,NO,NO,NO,NO,NO,NO,NO,NO,NO,,,,,,,,,,,,,NO,,,,,,,,,,,,,,,,,,,,,,1,,,,,,,,,,,NO
24027,,,,,,,,,,,,,,,,,,NO,NO,NO,NO,NO,NINGUNO,NO,NO,NO,,,NO,NO,NO,NO,NO,NO,NO,NO,VÉRTICE,NO,NO,NO,NO,NO,NO,NO,NO,NO,NO,NO,NO,,,,,,,,,,,,,NO,,,,,,,,,,,,,,,,,,,,,,1,,,,,,,,,,,NO
24028,,,,,,,,,,,,,,,,,,NO,NO,NO,NO,NO,NINGUNO,NO,NO,NO,,,NO,NO,NO,NO,NO,NO,NO,NO,VÉRTICE,NO,NO,NO,NO,NO,NO,NO,NO,NO,NO,NO,NO,,,,,,,,,,,,,NO,,,,,,,,,,,,,,,,,,,,,,1,,,,,,,,,,,NO
24029,,,,,,,,,,,,,,,,,,NO,NO,NO,NO,NO,NINGUNO,NO,NO,NO,,,NO,NO,NO,NO,NO,NO,NO,NO,VÉRTICE,NO,NO,NO,NO,NO,NO,NO,NO,NO,NO,NO,NO,,,,,,,,,,,,,NO,,,,,,,,,,,,,,,,,,,,,,1,,,,,,,,,,,NO
24030,,,,,,,,,,,,,,,,,,NO,NO,NO,NO,NO,NINGUNO,NO,NO,NO,,,NO,NO,NO,NO,NO,NO,NO,NO,VÉRTICE,NO,NO,NO,NO,NO,NO,NO,NO,NO,NO,NO,NO,,,,,,,,,,,,,NO,,,,,,,,,,,,,,,,,,,,,,1,,,,,,,,,,,NO
24031,,,,,,,,,,,,,,,,,,NO,NO,NO,NO,NO,NINGUNO,NO,NO,NO,,,NO,NO,NO,NO,NO,NO,NO,NO,VÉRTICE,NO,NO,NO,NO,NO,NO,NO,NO,NO,NO,NO,NO,,,,,,,,,,,,,NO,,,,,,,,,,,,,,,,,,,,,,1,,,,,,,,,,,NO
24032,,,,,,,,,,,,,,,,,,NO,NO,NO,NO,NO,NINGUNO,NO,NO,NO,,,NO,NO,NO,NO,NO,NO,NO,NO,VÉRTICE,NO,NO,NO,NO,NO,NO,NO,NO,NO,NO,NO,NO,,,,,,,,,,,,,NO,,,,,,,,,,,,,,,,,,,,,,1,,,,,,,,,,,NO
24033,,,,,,,,,,,,,,,,,,NO,NO,NO,NO,NO,NINGUNO,NO,NO,NO,,,NO,NO,NO,NO,NO,NO,NO,NO,VÉRTICE,NO,NO,NO,NO,NO,NO,NO,NO,NO,NO,NO,NO,,,,,,,,,,,,,NO,,,,,,,,,,,,,,,,,,,,,,1,,,,,,,,,,,NO
24034,,,,,,,,,,,,,,,,,,NO,NO,NO,NO,NO,NINGUNO,NO,NO,NO,,,NO,NO,NO,NO,NO,NO,NO,NO,VÉRTICE,NO,NO,NO,NO,NO,NO,NO,NO,NO,NO,NO,NO,,,,,,,,,,,,,NO,,,,,,,,,,,,,,,,,,,,,,1,,,,,,,,,,,NO
24035,,,,,,,,,,,,,,,,,,NO,NO,NO,NO,NO,NINGUNO,NO,NO,NO,,,NO,NO,NO,NO,NO,NO,NO,NO,VÉRTICE,NO,NO,NO,NO,NO,NO,NO,NO,NO,NO,NO,NO,,,,,,,,,,,,,NO,,,,,,,,,,,,,,,,,,,,,,1,,,,,,,,,,,NO
24036,,,,,,,,,,,,,,,,,,NO,NO,NO,NO,NO,NINGUNO,NO,NO,NO,,,NO,NO,NO,NO,NO,NO,NO,NO,VÉRTICE,NO,NO,NO,NO,NO,NO,NO,NO,NO,NO,NO,NO,,,,,,,,,,,,,NO,,,,,,,,,,,,,,,,,,,,,,1,,,,,,,,,,,NO
24037,,,,,,,,,,,,,,,,,,NO,NO,NO,NO,NO,NINGUNO,NO,NO,NO,,,NO,NO,NO,NO,NO,NO,NO,NO,VÉRTICE,NO,NO,NO,NO,NO,NO,NO,NO,NO,NO,NO,NO,,,,,,,,,,,,,NO,,,,,,,,,,,,,,,,,,,,,,1,,,,,,,,,,,NO
24038,,,,,,,,,,,,,,,,,,NO,NO,NO,NO,NO,NINGUNO,NO,NO,NO,,,NO,NO,NO,NO,NO,NO,NO,NO,VÉRTICE,NO,NO,NO,NO,NO,NO,NO,NO,NO,NO,NO,NO,,,,,,,,,,,,,NO,,,,,,,,,,,,,,,,,,,,,,1,,,,,,,,,,,NO
24039,,,,,,,,,,,,,,,,,,NO,NO,NO,NO,NO,NINGUNO,NO,NO,NO,,,NO,NO,NO,NO,NO,NO,NO,NO,VÉRTICE,NO,NO,NO,NO,NO,NO,NO,NO,NO,NO,NO,NO,,,,,,,,,,,,,NO,,,,,,,,,,,,,,,,,,,,,,1,,,,,,,,,,,NO
24040,,,,,,,,,,,,,,,,,,NO,NO,NO,NO,NO,NINGUNO,NO,NO,NO,,,NO,NO,NO,NO,NO,NO,NO,NO,VÉRTICE,NO,NO,NO,NO,NO,NO,NO,NO,NO,NO,NO,NO,,,,,,,,,,,,,NO,,,,,,,,,,,,,,,,,,,,,,1,,,,,,,,,,,NO
24041,,,,,,,,,,,,,,,,,,NO,NO,NO,NO,NO,NINGUNO,NO,NO,NO,,,NO,NO,NO,NO,NO,NO,NO,NO,VÉRTICE,NO,NO,NO,NO,NO,NO,NO,NO,NO,NO,NO,NO,,,,,,,,,,,,,NO,,,,,,,,,,,,,,,,,,,,,,1,,,,,,,,,,,NO
24042,,,,,,,,,,,,,,,,,,NO,NO,NO,NO,NO,NINGUNO,NO,NO,NO,,,NO,NO,NO,NO,NO,NO,NO,NO,VÉRTICE,NO,NO,NO,NO,NO,NO,NO,NO,NO,NO,NO,NO,,,,,,,,,,,,,NO,,,,,,,,,,,,,,,,,,,,,,1,,,,,,,,,,,NO
24043,,,,,,,,,,,,,,,,,,NO,NO,NO,NO,NO,NINGUNO,NO,NO,NO,,,NO,NO,NO,NO,NO,NO,NO,NO,VÉRTICE,NO,NO,NO,NO,NO,NO,NO,NO,NO,NO,NO,NO,,,,,,,,,,,,,NO,,,,,,,,,,,,,,,,,,,,,,1,,,,,,,,,,,NO
24044,,,,,,,,,,,,,,,,,,NO,NO,NO,NO,NO,NINGUNO,NO,NO,NO,,,NO,NO,NO,NO,NO,NO,NO,NO,VÉRTICE,NO,NO,NO,NO,NO,NO,NO,NO,NO,NO,NO,NO,,,,,,,,,,,,,NO,,,,,,,,,,,,,,,,,,,,,,1,,,,,,,,,,,NO
24045,,,,,,,,,,,,,,,,,,NO,NO,NO,NO,NO,NINGUNO,NO,NO,NO,,,NO,NO,NO,NO,NO,NO,NO,NO,VÉRTICE,NO,NO,NO,NO,NO,NO,NO,NO,NO,NO,NO,NO,,,,,,,,,,,,,NO,,,,,,,,,,,,,,,,,,,,,,1,,,,,,,,,,,NO
24046,,,,,,,,,,,,,,,,,,NO,NO,NO,NO,NO,NINGUNO,NO,NO,NO,,,NO,NO,NO,NO,NO,NO,NO,NO,VÉRTICE,NO,NO,NO,NO,NO,NO,NO,NO,NO,NO,NO,NO,,,,,,,,,,,,,NO,,,,,,,,,,,,,,,,,,,,,,1,,,,,,,,,,,NO
24047,,,,,,,,,,,,,,,,,,NO,NO,NO,NO,NO,NINGUNO,NO,NO,NO,,,NO,NO,NO,NO,NO,NO,NO,NO,VÉRTICE,NO,NO,NO,NO,NO,NO,NO,NO,NO,NO,NO,NO,,,,,,,,,,,,,NO,,,,,,,,,,,,,,,,,,,,,,1,,,,,,,,,,,NO
24048,,,,,,,,,,,,,,,,,,NO,NO,NO,NO,NO,NINGUNO,NO,NO,NO,,,NO,NO,NO,NO,NO,NO,NO,NO,VÉRTICE,NO,NO,NO,NO,NO,NO,NO,NO,NO,NO,NO,NO,,,,,,,,,,,,,NO,,,,,,,,,,,,,,,,,,,,,,1,,,,,,,,,,,NO
24049,,,,,,,,,,,,,,,,,,NO,NO,NO,NO,NO,NINGUNO,NO,NO,NO,,,NO,NO,NO,NO,NO,NO,NO,NO,VÉRTICE,NO,NO,NO,NO,NO,NO,NO,NO,NO,NO,NO,NO,,,,,,,,,,,,,NO,,,,,,,,,,,,,,,,,,,,,,1,,,,,,,,,,,NO
24050,,,,,,,,,,,,,,,,,,NO,NO,NO,NO,NO,NINGUNO,NO,NO,NO,,,NO,NO,NO,NO,NO,NO,NO,NO,VÉRTICE,NO,NO,NO,NO,NO,NO,NO,NO,NO,NO,NO,NO,,,,,,,,,,,,,NO,,,,,,,,,,,,,,,,,,,,,,1,,,,,,,,,,,NO
24051,,,,,,,,,,,,,,,,,,NO,NO,NO,NO,NO,NINGUNO,NO,NO,NO,,,NO,NO,NO,NO,NO,NO,NO,NO,VÉRTICE,NO,NO,NO,NO,NO,NO,NO,NO,NO,NO,NO,NO,,,,,,,,,,,,,NO,,,,,,,,,,,,,,,,,,,,,,1,,,,,,,,,,,NO
24052,,,,,,,,,,,,,,,,,,NO,NO,NO,NO,NO,NINGUNO,NO,NO,NO,,,NO,NO,NO,NO,NO,NO,NO,NO,VÉRTICE,NO,NO,NO,NO,NO,NO,NO,NO,NO,NO,NO,NO,,,,,,,,,,,,,NO,,,,,,,,,,,,,,,,,,,,,,1,,,,,,,,,,,NO
24053,,,,,,,,,,,,,,,,,,NO,NO,NO,NO,NO,NINGUNO,NO,NO,NO,,,NO,NO,NO,NO,NO,NO,NO,NO,VÉRTICE,NO,NO,NO,NO,NO,NO,NO,NO,NO,NO,NO,NO,,,,,,,,,,,,,NO,,,,,,,,,,,,,,,,,,,,,,1,,,,,,,,,,,NO
24054,,,,,,,,,,,,,,,,,,NO,NO,NO,NO,NO,NINGUNO,NO,NO,NO,,,NO,NO,NO,NO,NO,NO,NO,NO,VÉRTICE,NO,NO,NO,NO,NO,NO,NO,NO,NO,NO,NO,NO,,,,,,,,,,,,,NO,,,,,,,,,,,,,,,,,,,,,,1,,,,,,,,,,,NO
24055,,,,,,,,,,,,,,,,,,NO,NO,NO,NO,NO,NINGUNO,NO,NO,NO,,,NO,NO,NO,NO,NO,NO,NO,NO,VÉRTICE,NO,NO,NO,NO,NO,NO,NO,NO,NO,NO,NO,NO,,,,,,,,,,,,,NO,,,,,,,,,,,,,,,,,,,,,,1,,,,,,,,,,,NO
24056,,,,,,,,,,,,,,,,,,NO,NO,NO,NO,NO,NINGUNO,NO,NO,NO,,,NO,NO,NO,NO,NO,NO,NO,NO,VÉRTICE,NO,NO,NO,NO,NO,NO,NO,NO,NO,NO,NO,NO,,,,,,,,,,,,,NO,,,,,,,,,,,,,,,,,,,,,,1,,,,,,,,,,,NO
24057,,,,,,,,,,,,,,,,,,NO,NO,NO,NO,NO,NINGUNO,NO,NO,NO,,,NO,NO,NO,NO,NO,NO,NO,NO,VÉRTICE,NO,NO,NO,NO,NO,NO,NO,NO,NO,NO,NO,NO,,,,,,,,,,,,,NO,,,,,,,,,,,,,,,,,,,,,,1,,,,,,,,,,,NO
24058,,,,,,,,,,,,,,,,,,NO,NO,NO,NO,NO,NINGUNO,NO,NO,NO,,,NO,NO,NO,NO,NO,NO,NO,NO,VÉRTICE,NO,NO,NO,NO,NO,NO,NO,NO,NO,NO,NO,NO,,,,,,,,,,,,,NO,,,,,,,,,,,,,,,,,,,,,,1,,,,,,,,,,,NO
24059,,,,,,,,,,,,,,,,,,NO,NO,NO,NO,NO,NINGUNO,NO,NO,NO,,,NO,NO,NO,NO,NO,NO,NO,NO,VÉRTICE,NO,NO,NO,NO,NO,NO,NO,NO,NO,NO,NO,NO,,,,,,,,,,,,,NO,,,,,,,,,,,,,,,,,,,,,,1,,,,,,,,,,,NO
24060,,,,,,,,,,,,,,,,,,NO,NO,NO,NO,NO,NINGUNO,NO,NO,NO,,,NO,NO,NO,NO,NO,NO,NO,NO,VÉRTICE,NO,NO,NO,NO,NO,NO,NO,NO,NO,NO,NO,NO,,,,,,,,,,,,,NO,,,,,,,,,,,,,,,,,,,,,,1,,,,,,,,,,,NO
24061,,,,,,,,,,,,,,,,,,NO,NO,NO,NO,NO,NINGUNO,NO,NO,NO,,,NO,NO,NO,NO,NO,NO,NO,NO,VÉRTICE,NO,NO,NO,NO,NO,NO,NO,NO,NO,NO,NO,NO,,,,,,,,,,,,,NO,,,,,,,,,,,,,,,,,,,,,,1,,,,,,,,,,,NO
24062,,,,,,,,,,,,,,,,,,NO,NO,NO,NO,NO,NINGUNO,NO,NO,NO,,,NO,NO,NO,NO,NO,NO,NO,NO,VÉRTICE,NO,NO,NO,NO,NO,NO,NO,NO,NO,NO,NO,NO,,,,,,,,,,,,,NO,,,,,,,,,,,,,,,,,,,,,,1,,,,,,,,,,,NO
24063,,,,,,,,,,,,,,,,,,NO,NO,NO,NO,NO,NINGUNO,NO,NO,NO,,,NO,NO,NO,NO,NO,NO,NO,NO,VÉRTICE,NO,NO,NO,NO,NO,NO,NO,NO,NO,NO,NO,NO,,,,,,,,,,,,,NO,,,,,,,,,,,,,,,,,,,,,,1,,,,,,,,,,,NO
24064,,,,,,,,,,,,,,,,,,NO,NO,NO,NO,NO,NINGUNO,NO,NO,NO,,,NO,NO,NO,NO,NO,NO,NO,NO,VÉRTICE,NO,NO,NO,NO,NO,NO,NO,NO,NO,NO,NO,NO,,,,,,,,,,,,,NO,,,,,,,,,,,,,,,,,,,,,,1,,,,,,,,,,,NO
24065,,,,,,,,,,,,,,,,,,NO,NO,NO,NO,NO,NINGUNO,NO,NO,NO,,,NO,NO,NO,NO,NO,NO,NO,NO,VÉRTICE,NO,NO,NO,NO,NO,NO,NO,NO,NO,NO,NO,NO,,,,,,,,,,,,,NO,,,,,,,,,,,,,,,,,,,,,,1,,,,,,,,,,,NO
24066,,,,,,,,,,,,,,,,,,NO,NO,NO,NO,NO,NINGUNO,NO,NO,NO,,,NO,NO,NO,NO,NO,NO,NO,NO,VÉRTICE,NO,NO,NO,NO,NO,NO,NO,NO,NO,NO,NO,NO,,,,,,,,,,,,,NO,,,,,,,,,,,,,,,,,,,,,,1,,,,,,,,,,,NO
24067,,,,,,,,,,,,,,,,,,NO,NO,NO,NO,NO,NINGUNO,NO,NO,NO,,,NO,NO,NO,NO,NO,NO,NO,NO,VÉRTICE,NO,NO,NO,NO,NO,NO,NO,NO,NO,NO,NO,NO,,,,,,,,,,,,,NO,,,,,,,,,,,,,,,,,,,,,,1,,,,,,,,,,,NO
24068,,,,,,,,,,,,,,,,,,NO,NO,NO,NO,NO,NINGUNO,NO,NO,NO,,,NO,NO,NO,NO,NO,NO,NO,NO,VÉRTICE,NO,NO,NO,NO,NO,NO,NO,NO,NO,NO,NO,NO,,,,,,,,,,,,,NO,,,,,,,,,,,,,,,,,,,,,,1,,,,,,,,,,,NO
24069,,,,,,,,,,,,,,,,,,NO,NO,NO,NO,NO,NINGUNO,NO,NO,NO,,,NO,NO,NO,NO,NO,NO,NO,NO,VÉRTICE,NO,NO,NO,NO,NO,NO,NO,NO,NO,NO,NO,NO,,,,,,,,,,,,,NO,,,,,,,,,,,,,,,,,,,,,,1,,,,,,,,,,,NO
24070,,,,,,,,,,,,,,,,,,NO,NO,NO,NO,NO,NINGUNO,NO,NO,NO,,,NO,NO,NO,NO,NO,NO,NO,NO,VÉRTICE,NO,NO,NO,NO,NO,NO,NO,NO,NO,NO,NO,NO,,,,,,,,,,,,,NO,,,,,,,,,,,,,,,,,,,,,,1,,,,,,,,,,,NO
24071,,,,,,,,,,,,,,,,,,NO,NO,NO,NO,NO,NINGUNO,NO,NO,NO,,,NO,NO,NO,NO,NO,NO,NO,NO,VÉRTICE,NO,NO,NO,NO,NO,NO,NO,NO,NO,NO,NO,NO,,,,,,,,,,,,,NO,,,,,,,,,,,,,,,,,,,,,,1,,,,,,,,,,,NO
24072,,,,,,,,,,,,,,,,,,NO,NO,NO,NO,NO,NINGUNO,NO,NO,NO,,,NO,NO,NO,NO,NO,NO,NO,NO,VÉRTICE,NO,NO,NO,NO,NO,NO,NO,NO,NO,NO,NO,NO,,,,,,,,,,,,,NO,,,,,,,,,,,,,,,,,,,,,,1,,,,,,,,,,,NO
24073,,,,,,,,,,,,,,,,,,NO,NO,NO,NO,NO,NINGUNO,NO,NO,NO,,,NO,NO,NO,NO,NO,NO,NO,NO,VÉRTICE,NO,NO,NO,NO,NO,NO,NO,NO,NO,NO,NO,NO,,,,,,,,,,,,,NO,,,,,,,,,,,,,,,,,,,,,,1,,,,,,,,,,,NO
24074,,,,,,,,,,,,,,,,,,NO,NO,NO,NO,NO,NINGUNO,NO,NO,NO,,,NO,NO,NO,NO,NO,NO,NO,NO,VÉRTICE,NO,NO,NO,NO,NO,NO,NO,NO,NO,NO,NO,NO,,,,,,,,,,,,,NO,,,,,,,,,,,,,,,,,,,,,,1,,,,,,,,,,,NO
24075,,,,,,,,,,,,,,,,,,NO,NO,NO,NO,NO,NINGUNO,NO,NO,NO,,,NO,NO,NO,NO,NO,NO,NO,NO,VÉRTICE,NO,NO,NO,NO,NO,NO,NO,NO,NO,NO,NO,NO,,,,,,,,,,,,,NO,,,,,,,,,,,,,,,,,,,,,,1,,,,,,,,,,,NO
24076,,,,,,,,,,,,,,,,,,NO,NO,NO,NO,NO,NINGUNO,NO,NO,NO,,,NO,NO,NO,NO,NO,NO,NO,NO,VÉRTICE,NO,NO,NO,NO,NO,NO,NO,NO,NO,NO,NO,NO,,,,,,,,,,,,,NO,,,,,,,,,,,,,,,,,,,,,,1,,,,,,,,,,,NO
24077,,,,,,,,,,,,,,,,,,NO,NO,NO,NO,NO,NINGUNO,NO,NO,NO,,,NO,NO,NO,NO,NO,NO,NO,NO,VÉRTICE,NO,NO,NO,NO,NO,NO,NO,NO,NO,NO,NO,NO,,,,,,,,,,,,,NO,,,,,,,,,,,,,,,,,,,,,,1,,,,,,,,,,,NO
24078,,,,,,,,,,,,,,,,,,NO,NO,NO,NO,NO,NINGUNO,NO,NO,NO,,,NO,NO,NO,NO,NO,NO,NO,NO,VÉRTICE,NO,NO,NO,NO,NO,NO,NO,NO,NO,NO,NO,NO,,,,,,,,,,,,,NO,,,,,,,,,,,,,,,,,,,,,,1,,,,,,,,,,,NO
24079,,,,,,,,,,,,,,,,,,NO,NO,NO,NO,NO,NINGUNO,NO,NO,NO,,,NO,NO,NO,NO,NO,NO,NO,NO,VÉRTICE,NO,NO,NO,NO,NO,NO,NO,NO,NO,NO,NO,NO,,,,,,,,,,,,,NO,,,,,,,,,,,,,,,,,,,,,,1,,,,,,,,,,,NO
24080,,,,,,,,,,,,,,,,,,NO,NO,NO,NO,NO,NINGUNO,NO,NO,NO,,,NO,NO,NO,NO,NO,NO,NO,NO,VÉRTICE,NO,NO,NO,NO,NO,NO,NO,NO,NO,NO,NO,NO,,,,,,,,,,,,,NO,,,,,,,,,,,,,,,,,,,,,,1,,,,,,,,,,,NO
24081,,,,,,,,,,,,,,,,,,NO,NO,NO,NO,NO,NINGUNO,NO,NO,NO,,,NO,NO,NO,NO,NO,NO,NO,NO,VÉRTICE,NO,NO,NO,NO,NO,NO,NO,NO,NO,NO,NO,NO,,,,,,,,,,,,,NO,,,,,,,,,,,,,,,,,,,,,,1,,,,,,,,,,,NO
24082,,,,,,,,,,,,,,,,,,NO,NO,NO,NO,NO,NINGUNO,NO,NO,NO,,,NO,NO,NO,NO,NO,NO,NO,NO,VÉRTICE,NO,NO,NO,NO,NO,NO,NO,NO,NO,NO,NO,NO,,,,,,,,,,,,,NO,,,,,,,,,,,,,,,,,,,,,,1,,,,,,,,,,,NO
24083,,,,,,,,,,,,,,,,,,NO,NO,NO,NO,NO,NINGUNO,NO,NO,NO,,,NO,NO,NO,NO,NO,NO,NO,NO,VÉRTICE,NO,NO,NO,NO,NO,NO,NO,NO,NO,NO,NO,NO,,,,,,,,,,,,,NO,,,,,,,,,,,,,,,,,,,,,,1,,,,,,,,,,,NO
24084,,,,,,,,,,,,,,,,,,NO,NO,NO,NO,NO,NINGUNO,NO,NO,NO,,,NO,NO,NO,NO,NO,NO,NO,NO,VÉRTICE,NO,NO,NO,NO,NO,NO,NO,NO,NO,NO,NO,NO,,,,,,,,,,,,,NO,,,,,,,,,,,,,,,,,,,,,,1,,,,,,,,,,,NO
24085,,,,,,,,,,,,,,,,,,NO,NO,NO,NO,NO,NINGUNO,NO,NO,NO,,,NO,NO,NO,NO,NO,NO,NO,NO,VÉRTICE,NO,NO,NO,NO,NO,NO,NO,NO,NO,NO,NO,NO,,,,,,,,,,,,,NO,,,,,,,,,,,,,,,,,,,,,,1,,,,,,,,,,,NO
24086,,,,,,,,,,,,,,,,,,NO,NO,NO,NO,NO,NINGUNO,NO,NO,NO,,,NO,NO,NO,NO,NO,NO,NO,NO,VÉRTICE,NO,NO,NO,NO,NO,NO,NO,NO,NO,NO,NO,NO,,,,,,,,,,,,,NO,,,,,,,,,,,,,,,,,,,,,,1,,,,,,,,,,,NO
24087,,,,,,,,,,,,,,,,,,NO,NO,NO,NO,NO,NINGUNO,NO,NO,NO,,,NO,NO,NO,NO,NO,NO,NO,NO,VÉRTICE,NO,NO,NO,NO,NO,NO,NO,NO,NO,NO,NO,NO,,,,,,,,,,,,,NO,,,,,,,,,,,,,,,,,,,,,,1,,,,,,,,,,,NO
24088,,,,,,,,,,,,,,,,,,NO,NO,NO,NO,NO,NINGUNO,NO,NO,NO,,,NO,NO,NO,NO,NO,NO,NO,NO,VÉRTICE,NO,NO,NO,NO,NO,NO,NO,NO,NO,NO,NO,NO,,,,,,,,,,,,,NO,,,,,,,,,,,,,,,,,,,,,,1,,,,,,,,,,,NO
24089,,,,,,,,,,,,,,,,,,NO,NO,NO,NO,NO,NINGUNO,NO,NO,NO,,,NO,NO,NO,NO,NO,NO,NO,NO,VÉRTICE,NO,NO,NO,NO,NO,NO,NO,NO,NO,NO,NO,NO,,,,,,,,,,,,,NO,,,,,,,,,,,,,,,,,,,,,,1,,,,,,,,,,,NO
24090,,,,,,,,,,,,,,,,,,NO,NO,NO,NO,NO,NINGUNO,NO,NO,NO,,,NO,NO,NO,NO,NO,NO,NO,NO,VÉRTICE,NO,NO,NO,NO,NO,NO,NO,NO,NO,NO,NO,NO,,,,,,,,,,,,,NO,,,,,,,,,,,,,,,,,,,,,,1,,,,,,,,,,,NO
24091,,,,,,,,,,,,,,,,,,NO,NO,NO,NO,NO,NINGUNO,NO,NO,NO,,,NO,NO,NO,NO,NO,NO,NO,NO,VÉRTICE,NO,NO,NO,NO,NO,NO,NO,NO,NO,NO,NO,NO,,,,,,,,,,,,,NO,,,,,,,,,,,,,,,,,,,,,,1,,,,,,,,,,,NO
24092,,,,,,,,,,,,,,,,,,NO,NO,NO,NO,NO,NINGUNO,NO,NO,NO,,,NO,NO,NO,NO,NO,NO,NO,NO,VÉRTICE,NO,NO,NO,NO,NO,NO,NO,NO,NO,NO,NO,NO,,,,,,,,,,,,,NO,,,,,,,,,,,,,,,,,,,,,,1,,,,,,,,,,,NO
24093,,,,,,,,,,,,,,,,,,NO,NO,NO,NO,NO,NINGUNO,NO,NO,NO,,,NO,NO,NO,NO,NO,NO,NO,NO,VÉRTICE,NO,NO,NO,NO,NO,NO,NO,NO,NO,NO,NO,NO,,,,,,,,,,,,,NO,,,,,,,,,,,,,,,,,,,,,,1,,,,,,,,,,,NO
24094,,,,,,,,,,,,,,,,,,NO,NO,NO,NO,NO,NINGUNO,NO,NO,NO,,,NO,NO,NO,NO,NO,NO,NO,NO,VÉRTICE,NO,NO,NO,NO,NO,NO,NO,NO,NO,NO,NO,NO,,,,,,,,,,,,,NO,,,,,,,,,,,,,,,,,,,,,,1,,,,,,,,,,,NO
24095,,,,,,,,,,,,,,,,,,NO,NO,NO,NO,NO,NINGUNO,NO,NO,NO,,,NO,NO,NO,NO,NO,NO,NO,NO,VÉRTICE,NO,NO,NO,NO,NO,NO,NO,NO,NO,NO,NO,NO,,,,,,,,,,,,,NO,,,,,,,,,,,,,,,,,,,,,,1,,,,,,,,,,,NO
24096,,,,,,,,,,,,,,,,,,NO,NO,NO,NO,NO,NINGUNO,NO,NO,NO,,,NO,NO,NO,NO,NO,NO,NO,NO,VÉRTICE,NO,NO,NO,NO,NO,NO,NO,NO,NO,NO,NO,NO,,,,,,,,,,,,,NO,,,,,,,,,,,,,,,,,,,,,,1,,,,,,,,,,,NO
24097,,,,,,,,,,,,,,,,,,NO,NO,NO,NO,NO,NINGUNO,NO,NO,NO,,,NO,NO,NO,NO,NO,NO,NO,NO,VÉRTICE,NO,NO,NO,NO,NO,NO,NO,NO,NO,NO,NO,NO,,,,,,,,,,,,,NO,,,,,,,,,,,,,,,,,,,,,,1,,,,,,,,,,,NO
24098,,,,,,,,,,,,,,,,,,NO,NO,NO,NO,NO,NINGUNO,NO,NO,NO,,,NO,NO,NO,NO,NO,NO,NO,NO,VÉRTICE,NO,NO,NO,NO,NO,NO,NO,NO,NO,NO,NO,NO,,,,,,,,,,,,,NO,,,,,,,,,,,,,,,,,,,,,,1,,,,,,,,,,,NO
24099,,,,,,,,,,,,,,,,,,NO,NO,NO,NO,NO,NINGUNO,NO,NO,NO,,,NO,NO,NO,NO,NO,NO,NO,NO,VÉRTICE,NO,NO,NO,NO,NO,NO,NO,NO,NO,NO,NO,NO,,,,,,,,,,,,,NO,,,,,,,,,,,,,,,,,,,,,,1,,,,,,,,,,,NO
24100,,,,,,,,,,,,,,,,,,NO,NO,NO,NO,NO,NINGUNO,NO,NO,NO,,,NO,NO,NO,NO,NO,NO,NO,NO,VÉRTICE,NO,NO,NO,NO,NO,NO,NO,NO,NO,NO,NO,NO,,,,,,,,,,,,,NO,,,,,,,,,,,,,,,,,,,,,,1,,,,,,,,,,,NO
24101,,,,,,,,,,,,,,,,,,NO,NO,NO,NO,NO,NINGUNO,NO,NO,NO,,,NO,NO,NO,NO,NO,NO,NO,NO,VÉRTICE,NO,NO,NO,NO,NO,NO,NO,NO,NO,NO,NO,NO,,,,,,,,,,,,,NO,,,,,,,,,,,,,,,,,,,,,,1,,,,,,,,,,,NO
24102,,,,,,,,,,,,,,,,,,NO,NO,NO,NO,NO,NINGUNO,NO,NO,NO,,,NO,NO,NO,NO,NO,NO,NO,NO,VÉRTICE,NO,NO,NO,NO,NO,NO,NO,NO,NO,NO,NO,NO,,,,,,,,,,,,,NO,,,,,,,,,,,,,,,,,,,,,,1,,,,,,,,,,,NO
24103,,,,,,,,,,,,,,,,,,NO,NO,NO,NO,NO,NINGUNO,NO,NO,NO,,,NO,NO,NO,NO,NO,NO,NO,NO,VÉRTICE,NO,NO,NO,NO,NO,NO,NO,NO,NO,NO,NO,NO,,,,,,,,,,,,,NO,,,,,,,,,,,,,,,,,,,,,,1,,,,,,,,,,,NO
24104,,,,,,,,,,,,,,,,,,NO,NO,NO,NO,NO,NINGUNO,NO,NO,NO,,,NO,NO,NO,NO,NO,NO,NO,NO,VÉRTICE,NO,NO,NO,NO,NO,NO,NO,NO,NO,NO,NO,NO,,,,,,,,,,,,,NO,,,,,,,,,,,,,,,,,,,,,,1,,,,,,,,,,,NO
24105,,,,,,,,,,,,,,,,,,NO,NO,NO,NO,NO,NINGUNO,NO,NO,NO,,,NO,NO,NO,NO,NO,NO,NO,NO,VÉRTICE,NO,NO,NO,NO,NO,NO,NO,NO,NO,NO,NO,NO,,,,,,,,,,,,,NO,,,,,,,,,,,,,,,,,,,,,,1,,,,,,,,,,,NO
24106,,,,,,,,,,,,,,,,,,NO,NO,NO,NO,NO,NINGUNO,NO,NO,NO,,,NO,NO,NO,NO,NO,NO,NO,NO,VÉRTICE,NO,NO,NO,NO,NO,NO,NO,NO,NO,NO,NO,NO,,,,,,,,,,,,,NO,,,,,,,,,,,,,,,,,,,,,,1,,,,,,,,,,,NO
24107,,,,,,,,,,,,,,,,,,NO,NO,NO,NO,NO,NINGUNO,NO,NO,NO,,,NO,NO,NO,NO,NO,NO,NO,NO,VÉRTICE,NO,NO,NO,NO,NO,NO,NO,NO,NO,NO,NO,NO,,,,,,,,,,,,,NO,,,,,,,,,,,,,,,,,,,,,,1,,,,,,,,,,,NO
24108,,,,,,,,,,,,,,,,,,NO,NO,NO,NO,NO,NINGUNO,NO,NO,NO,,,NO,NO,NO,NO,NO,NO,NO,NO,VÉRTICE,NO,NO,NO,NO,NO,NO,NO,NO,NO,NO,NO,NO,,,,,,,,,,,,,NO,,,,,,,,,,,,,,,,,,,,,,1,,,,,,,,,,,NO
24109,,,,,,,,,,,,,,,,,,NO,NO,NO,NO,NO,NINGUNO,NO,NO,NO,,,NO,NO,NO,NO,NO,NO,NO,NO,VÉRTICE,NO,NO,NO,NO,NO,NO,NO,NO,NO,NO,NO,NO,,,,,,,,,,,,,NO,,,,,,,,,,,,,,,,,,,,,,1,,,,,,,,,,,NO
24110,,,,,,,,,,,,,,,,,,NO,NO,NO,NO,NO,NINGUNO,NO,NO,NO,,,NO,NO,NO,NO,NO,NO,NO,NO,VÉRTICE,NO,NO,NO,NO,NO,NO,NO,NO,NO,NO,NO,NO,,,,,,,,,,,,,NO,,,,,,,,,,,,,,,,,,,,,,1,,,,,,,,,,,NO
24111,,,,,,,,,,,,,,,,,,NO,NO,NO,NO,NO,NINGUNO,NO,NO,NO,,,NO,NO,NO,NO,NO,NO,NO,NO,VÉRTICE,NO,NO,NO,NO,NO,NO,NO,NO,NO,NO,NO,NO,,,,,,,,,,,,,NO,,,,,,,,,,,,,,,,,,,,,,1,,,,,,,,,,,NO
24112,,,,,,,,,,,,,,,,,,NO,NO,NO,NO,NO,NINGUNO,NO,NO,NO,,,NO,NO,NO,NO,NO,NO,NO,NO,VÉRTICE,NO,NO,NO,NO,NO,NO,NO,NO,NO,NO,NO,NO,,,,,,,,,,,,,NO,,,,,,,,,,,,,,,,,,,,,,1,,,,,,,,,,,NO
24113,,,,,,,,,,,,,,,,,,NO,NO,NO,NO,NO,NINGUNO,NO,NO,NO,,,NO,NO,NO,NO,NO,NO,NO,NO,VÉRTICE,NO,NO,NO,NO,NO,NO,NO,NO,NO,NO,NO,NO,,,,,,,,,,,,,NO,,,,,,,,,,,,,,,,,,,,,,1,,,,,,,,,,,NO
24114,,,,,,,,,,,,,,,,,,NO,NO,NO,NO,NO,NINGUNO,NO,NO,NO,,,NO,NO,NO,NO,NO,NO,NO,NO,VÉRTICE,NO,NO,NO,NO,NO,NO,NO,NO,NO,NO,NO,NO,,,,,,,,,,,,,NO,,,,,,,,,,,,,,,,,,,,,,1,,,,,,,,,,,NO
24115,,,,,,,,,,,,,,,,,,NO,NO,NO,NO,NO,NINGUNO,NO,NO,NO,,,NO,NO,NO,NO,NO,NO,NO,NO,VÉRTICE,NO,NO,NO,NO,NO,NO,NO,NO,NO,NO,NO,NO,,,,,,,,,,,,,NO,,,,,,,,,,,,,,,,,,,,,,1,,,,,,,,,,,NO
24116,,,,,,,,,,,,,,,,,,NO,NO,NO,NO,NO,NINGUNO,NO,NO,NO,,,NO,NO,NO,NO,NO,NO,NO,NO,VÉRTICE,NO,NO,NO,NO,NO,NO,NO,NO,NO,NO,NO,NO,,,,,,,,,,,,,NO,,,,,,,,,,,,,,,,,,,,,,1,,,,,,,,,,,NO
24117,,,,,,,,,,,,,,,,,,NO,NO,NO,NO,NO,NINGUNO,NO,NO,NO,,,NO,NO,NO,NO,NO,NO,NO,NO,VÉRTICE,NO,NO,NO,NO,NO,NO,NO,NO,NO,NO,NO,NO,,,,,,,,,,,,,NO,,,,,,,,,,,,,,,,,,,,,,1,,,,,,,,,,,NO
24118,,,,,,,,,,,,,,,,,,NO,NO,NO,NO,NO,NINGUNO,NO,NO,NO,,,NO,NO,NO,NO,NO,NO,NO,NO,VÉRTICE,NO,NO,NO,NO,NO,NO,NO,NO,NO,NO,NO,NO,,,,,,,,,,,,,NO,,,,,,,,,,,,,,,,,,,,,,1,,,,,,,,,,,NO
24119,,,,,,,,,,,,,,,,,,NO,NO,NO,NO,NO,NINGUNO,NO,NO,NO,,,NO,NO,NO,NO,NO,NO,NO,NO,VÉRTICE,NO,NO,NO,NO,NO,NO,NO,NO,NO,NO,NO,NO,,,,,,,,,,,,,NO,,,,,,,,,,,,,,,,,,,,,,1,,,,,,,,,,,NO
24120,,,,,,,,,,,,,,,,,,NO,NO,NO,NO,NO,NINGUNO,NO,NO,NO,,,NO,NO,NO,NO,NO,NO,NO,NO,VÉRTICE,NO,NO,NO,NO,NO,NO,NO,NO,NO,NO,NO,NO,,,,,,,,,,,,,NO,,,,,,,,,,,,,,,,,,,,,,1,,,,,,,,,,,NO
24121,,,,,,,,,,,,,,,,,,NO,NO,NO,NO,NO,NINGUNO,NO,NO,NO,,,NO,NO,NO,NO,NO,NO,NO,NO,VÉRTICE,NO,NO,NO,NO,NO,NO,NO,NO,NO,NO,NO,NO,,,,,,,,,,,,,NO,,,,,,,,,,,,,,,,,,,,,,1,,,,,,,,,,,NO
24122,,,,,,,,,,,,,,,,,,NO,NO,NO,NO,NO,NINGUNO,NO,NO,NO,,,NO,NO,NO,NO,NO,NO,NO,NO,VÉRTICE,NO,NO,NO,NO,NO,NO,NO,NO,NO,NO,NO,NO,,,,,,,,,,,,,NO,,,,,,,,,,,,,,,,,,,,,,1,,,,,,,,,,,NO
24123,,,,,,,,,,,,,,,,,,NO,NO,NO,NO,NO,NINGUNO,NO,NO,NO,,,NO,NO,NO,NO,NO,NO,NO,NO,VÉRTICE,NO,NO,NO,NO,NO,NO,NO,NO,NO,NO,NO,NO,,,,,,,,,,,,,NO,,,,,,,,,,,,,,,,,,,,,,1,,,,,,,,,,,NO
24124,,,,,,,,,,,,,,,,,,NO,NO,NO,NO,NO,NINGUNO,NO,NO,NO,,,NO,NO,NO,NO,NO,NO,NO,NO,VÉRTICE,NO,NO,NO,NO,NO,NO,NO,NO,NO,NO,NO,NO,,,,,,,,,,,,,NO,,,,,,,,,,,,,,,,,,,,,,1,,,,,,,,,,,NO
24125,,,,,,,,,,,,,,,,,,NO,NO,NO,NO,NO,NINGUNO,NO,NO,NO,,,NO,NO,NO,NO,NO,NO,NO,NO,VÉRTICE,NO,NO,NO,NO,NO,NO,NO,NO,NO,NO,NO,NO,,,,,,,,,,,,,NO,,,,,,,,,,,,,,,,,,,,,,1,,,,,,,,,,,NO
24126,,,,,,,,,,,,,,,,,,NO,NO,NO,NO,NO,NINGUNO,NO,NO,NO,,,NO,NO,NO,NO,NO,NO,NO,NO,VÉRTICE,NO,NO,NO,NO,NO,NO,NO,NO,NO,NO,NO,NO,,,,,,,,,,,,,NO,,,,,,,,,,,,,,,,,,,,,,1,,,,,,,,,,,NO
24127,,,,,,,,,,,,,,,,,,NO,NO,NO,NO,NO,NINGUNO,NO,NO,NO,,,NO,NO,NO,NO,NO,NO,NO,NO,VÉRTICE,NO,NO,NO,NO,NO,NO,NO,NO,NO,NO,NO,NO,,,,,,,,,,,,,NO,,,,,,,,,,,,,,,,,,,,,,1,,,,,,,,,,,NO
24128,,,,,,,,,,,,,,,,,,NO,NO,NO,NO,NO,NINGUNO,NO,NO,NO,,,NO,NO,NO,NO,NO,NO,NO,NO,VÉRTICE,NO,NO,NO,NO,NO,NO,NO,NO,NO,NO,NO,NO,,,,,,,,,,,,,NO,,,,,,,,,,,,,,,,,,,,,,1,,,,,,,,,,,NO
24129,,,,,,,,,,,,,,,,,,NO,NO,NO,NO,NO,NINGUNO,NO,NO,NO,,,NO,NO,NO,NO,NO,NO,NO,NO,VÉRTICE,NO,NO,NO,NO,NO,NO,NO,NO,NO,NO,NO,NO,,,,,,,,,,,,,NO,,,,,,,,,,,,,,,,,,,,,,1,,,,,,,,,,,NO
24130,,,,,,,,,,,,,,,,,,NO,NO,NO,NO,NO,NINGUNO,NO,NO,NO,,,NO,NO,NO,NO,NO,NO,NO,NO,VÉRTICE,NO,NO,NO,NO,NO,NO,NO,NO,NO,NO,NO,NO,,,,,,,,,,,,,NO,,,,,,,,,,,,,,,,,,,,,,1,,,,,,,,,,,NO
24131,,,,,,,,,,,,,,,,,,NO,NO,NO,NO,NO,NINGUNO,NO,NO,NO,,,NO,NO,NO,NO,NO,NO,NO,NO,VÉRTICE,NO,NO,NO,NO,NO,NO,NO,NO,NO,NO,NO,NO,,,,,,,,,,,,,NO,,,,,,,,,,,,,,,,,,,,,,1,,,,,,,,,,,NO
24132,,,,,,,,,,,,,,,,,,NO,NO,NO,NO,NO,NINGUNO,NO,NO,NO,,,NO,NO,NO,NO,NO,NO,NO,NO,VÉRTICE,NO,NO,NO,NO,NO,NO,NO,NO,NO,NO,NO,NO,,,,,,,,,,,,,NO,,,,,,,,,,,,,,,,,,,,,,1,,,,,,,,,,,NO
24133,,,,,,,,,,,,,,,,,,NO,NO,NO,NO,NO,NINGUNO,NO,NO,NO,,,NO,NO,NO,NO,NO,NO,NO,NO,VÉRTICE,NO,NO,NO,NO,NO,NO,NO,NO,NO,NO,NO,NO,,,,,,,,,,,,,NO,,,,,,,,,,,,,,,,,,,,,,1,,,,,,,,,,,NO
24134,,,,,,,,,,,,,,,,,,NO,NO,NO,NO,NO,NINGUNO,NO,NO,NO,,,NO,NO,NO,NO,NO,NO,NO,NO,VÉRTICE,NO,NO,NO,NO,NO,NO,NO,NO,NO,NO,NO,NO,,,,,,,,,,,,,NO,,,,,,,,,,,,,,,,,,,,,,1,,,,,,,,,,,NO
24135,,,,,,,,,,,,,,,,,,NO,NO,NO,NO,NO,NINGUNO,NO,NO,NO,,,NO,NO,NO,NO,NO,NO,NO,NO,VÉRTICE,NO,NO,NO,NO,NO,NO,NO,NO,NO,NO,NO,NO,,,,,,,,,,,,,NO,,,,,,,,,,,,,,,,,,,,,,1,,,,,,,,,,,NO
24136,,,,,,,,,,,,,,,,,,NO,NO,NO,NO,NO,NINGUNO,NO,NO,NO,,,NO,NO,NO,NO,NO,NO,NO,NO,VÉRTICE,NO,NO,NO,NO,NO,NO,NO,NO,NO,NO,NO,NO,,,,,,,,,,,,,NO,,,,,,,,,,,,,,,,,,,,,,1,,,,,,,,,,,NO
24137,,,,,,,,,,,,,,,,,,NO,NO,NO,NO,NO,NINGUNO,NO,NO,NO,,,NO,NO,NO,NO,NO,NO,NO,NO,VÉRTICE,NO,NO,NO,NO,NO,NO,NO,NO,NO,NO,NO,NO,,,,,,,,,,,,,NO,,,,,,,,,,,,,,,,,,,,,,1,,,,,,,,,,,NO
24138,,,,,,,,,,,,,,,,,,NO,NO,NO,NO,NO,NINGUNO,NO,NO,NO,,,NO,NO,NO,NO,NO,NO,NO,NO,VÉRTICE,NO,NO,NO,NO,NO,NO,NO,NO,NO,NO,NO,NO,,,,,,,,,,,,,NO,,,,,,,,,,,,,,,,,,,,,,1,,,,,,,,,,,NO
24139,,,,,,,,,,,,,,,,,,NO,NO,NO,NO,NO,NINGUNO,NO,NO,NO,,,NO,NO,NO,NO,NO,NO,NO,NO,VÉRTICE,NO,NO,NO,NO,NO,NO,NO,NO,NO,NO,NO,NO,,,,,,,,,,,,,NO,,,,,,,,,,,,,,,,,,,,,,1,,,,,,,,,,,NO
24140,,,,,,,,,,,,,,,,,,NO,NO,NO,NO,NO,NINGUNO,NO,NO,NO,,,NO,NO,NO,NO,NO,NO,NO,NO,VÉRTICE,NO,NO,NO,NO,NO,NO,NO,NO,NO,NO,NO,NO,,,,,,,,,,,,,NO,,,,,,,,,,,,,,,,,,,,,,1,,,,,,,,,,,NO
24141,,,,,,,,,,,,,,,,,,NO,NO,NO,NO,NO,NINGUNO,NO,NO,NO,,,NO,NO,NO,NO,NO,NO,NO,NO,VÉRTICE,NO,NO,NO,NO,NO,NO,NO,NO,NO,NO,NO,NO,,,,,,,,,,,,,NO,,,,,,,,,,,,,,,,,,,,,,1,,,,,,,,,,,NO
24142,,,,,,,,,,,,,,,,,,NO,NO,NO,NO,NO,NINGUNO,NO,NO,NO,,,NO,NO,NO,NO,NO,NO,NO,NO,VÉRTICE,NO,NO,NO,NO,NO,NO,NO,NO,NO,NO,NO,NO,,,,,,,,,,,,,NO,,,,,,,,,,,,,,,,,,,,,,1,,,,,,,,,,,NO
24143,,,,,,,,,,,,,,,,,,NO,NO,NO,NO,NO,NINGUNO,NO,NO,NO,,,NO,NO,NO,NO,NO,NO,NO,NO,VÉRTICE,NO,NO,NO,NO,NO,NO,NO,NO,NO,NO,NO,NO,,,,,,,,,,,,,NO,,,,,,,,,,,,,,,,,,,,,,1,,,,,,,,,,,NO
24144,,,,,,,,,,,,,,,,,,NO,NO,NO,NO,NO,NINGUNO,NO,NO,NO,,,NO,NO,NO,NO,NO,NO,NO,NO,VÉRTICE,NO,NO,NO,NO,NO,NO,NO,NO,NO,NO,NO,NO,,,,,,,,,,,,,NO,,,,,,,,,,,,,,,,,,,,,,1,,,,,,,,,,,NO
24145,,,,,,,,,,,,,,,,,,NO,NO,NO,NO,NO,NINGUNO,NO,NO,NO,,,NO,NO,NO,NO,NO,NO,NO,NO,VÉRTICE,NO,NO,NO,NO,NO,NO,NO,NO,NO,NO,NO,NO,,,,,,,,,,,,,NO,,,,,,,,,,,,,,,,,,,,,,1,,,,,,,,,,,NO
24146,,,,,,,,,,,,,,,,,,NO,NO,NO,NO,NO,NINGUNO,NO,NO,NO,,,NO,NO,NO,NO,NO,NO,NO,NO,VÉRTICE,NO,NO,NO,NO,NO,NO,NO,NO,NO,NO,NO,NO,,,,,,,,,,,,,NO,,,,,,,,,,,,,,,,,,,,,,1,,,,,,,,,,,NO
24147,,,,,,,,,,,,,,,,,,NO,NO,NO,NO,NO,NINGUNO,NO,NO,NO,,,NO,NO,NO,NO,NO,NO,NO,NO,VÉRTICE,NO,NO,NO,NO,NO,NO,NO,NO,NO,NO,NO,NO,,,,,,,,,,,,,NO,,,,,,,,,,,,,,,,,,,,,,1,,,,,,,,,,,NO
24148,,,,,,,,,,,,,,,,,,NO,NO,NO,NO,NO,NINGUNO,NO,NO,NO,,,NO,NO,NO,NO,NO,NO,NO,NO,VÉRTICE,NO,NO,NO,NO,NO,NO,NO,NO,NO,NO,NO,NO,,,,,,,,,,,,,NO,,,,,,,,,,,,,,,,,,,,,,1,,,,,,,,,,,NO
24149,,,,,,,,,,,,,,,,,,NO,NO,NO,NO,NO,NINGUNO,NO,NO,NO,,,NO,NO,NO,NO,NO,NO,NO,NO,VÉRTICE,NO,NO,NO,NO,NO,NO,NO,NO,NO,NO,NO,NO,,,,,,,,,,,,,NO,,,,,,,,,,,,,,,,,,,,,,1,,,,,,,,,,,NO
24150,,,,,,,,,,,,,,,,,,NO,NO,NO,NO,NO,NINGUNO,NO,NO,NO,,,NO,NO,NO,NO,NO,NO,NO,NO,VÉRTICE,NO,NO,NO,NO,NO,NO,NO,NO,NO,NO,NO,NO,,,,,,,,,,,,,NO,,,,,,,,,,,,,,,,,,,,,,1,,,,,,,,,,,NO
24151,,,,,,,,,,,,,,,,,,NO,NO,NO,NO,NO,NINGUNO,NO,NO,NO,,,NO,NO,NO,NO,NO,NO,NO,NO,VÉRTICE,NO,NO,NO,NO,NO,NO,NO,NO,NO,NO,NO,NO,,,,,,,,,,,,,NO,,,,,,,,,,,,,,,,,,,,,,1,,,,,,,,,,,NO
24152,,,,,,,,,,,,,,,,,,NO,NO,NO,NO,NO,NINGUNO,NO,NO,NO,,,NO,NO,NO,NO,NO,NO,NO,NO,VÉRTICE,NO,NO,NO,NO,NO,NO,NO,NO,NO,NO,NO,NO,,,,,,,,,,,,,NO,,,,,,,,,,,,,,,,,,,,,,1,,,,,,,,,,,NO
24153,,,,,,,,,,,,,,,,,,NO,NO,NO,NO,NO,NINGUNO,NO,NO,NO,,,NO,NO,NO,NO,NO,NO,NO,NO,VÉRTICE,NO,NO,NO,NO,NO,NO,NO,NO,NO,NO,NO,NO,,,,,,,,,,,,,NO,,,,,,,,,,,,,,,,,,,,,,1,,,,,,,,,,,NO
24154,,,,,,,,,,,,,,,,,,NO,NO,NO,NO,NO,NINGUNO,NO,NO,NO,,,NO,NO,NO,NO,NO,NO,NO,NO,VÉRTICE,NO,NO,NO,NO,NO,NO,NO,NO,NO,NO,NO,NO,,,,,,,,,,,,,NO,,,,,,,,,,,,,,,,,,,,,,1,,,,,,,,,,,NO
24155,,,,,,,,,,,,,,,,,,NO,NO,NO,NO,NO,NINGUNO,NO,NO,NO,,,NO,NO,NO,NO,NO,NO,NO,NO,VÉRTICE,NO,NO,NO,NO,NO,NO,NO,NO,NO,NO,NO,NO,,,,,,,,,,,,,NO,,,,,,,,,,,,,,,,,,,,,,1,,,,,,,,,,,NO
24156,,,,,,,,,,,,,,,,,,NO,NO,NO,NO,NO,NINGUNO,NO,NO,NO,,,NO,NO,NO,NO,NO,NO,NO,NO,VÉRTICE,NO,NO,NO,NO,NO,NO,NO,NO,NO,NO,NO,NO,,,,,,,,,,,,,NO,,,,,,,,,,,,,,,,,,,,,,1,,,,,,,,,,,NO
24157,,,,,,,,,,,,,,,,,,NO,NO,NO,NO,NO,NINGUNO,NO,NO,NO,,,NO,NO,NO,NO,NO,NO,NO,NO,VÉRTICE,NO,NO,NO,NO,NO,NO,NO,NO,NO,NO,NO,NO,,,,,,,,,,,,,NO,,,,,,,,,,,,,,,,,,,,,,1,,,,,,,,,,,NO
24158,,,,,,,,,,,,,,,,,,NO,NO,NO,NO,NO,NINGUNO,NO,NO,NO,,,NO,NO,NO,NO,NO,NO,NO,NO,VÉRTICE,NO,NO,NO,NO,NO,NO,NO,NO,NO,NO,NO,NO,,,,,,,,,,,,,NO,,,,,,,,,,,,,,,,,,,,,,1,,,,,,,,,,,NO
24159,,,,,,,,,,,,,,,,,,NO,NO,NO,NO,NO,NINGUNO,NO,NO,NO,,,NO,NO,NO,NO,NO,NO,NO,NO,VÉRTICE,NO,NO,NO,NO,NO,NO,NO,NO,NO,NO,NO,NO,,,,,,,,,,,,,NO,,,,,,,,,,,,,,,,,,,,,,1,,,,,,,,,,,NO
24160,,,,,,,,,,,,,,,,,,NO,NO,NO,NO,NO,NINGUNO,NO,NO,NO,,,NO,NO,NO,NO,NO,NO,NO,NO,VÉRTICE,NO,NO,NO,NO,NO,NO,NO,NO,NO,NO,NO,NO,,,,,,,,,,,,,NO,,,,,,,,,,,,,,,,,,,,,,1,,,,,,,,,,,NO
24161,,,,,,,,,,,,,,,,,,NO,NO,NO,NO,NO,NINGUNO,NO,NO,NO,,,NO,NO,NO,NO,NO,NO,NO,NO,VÉRTICE,NO,NO,NO,NO,NO,NO,NO,NO,NO,NO,NO,NO,,,,,,,,,,,,,NO,,,,,,,,,,,,,,,,,,,,,,1,,,,,,,,,,,NO
24162,,,,,,,,,,,,,,,,,,NO,NO,NO,NO,NO,NINGUNO,NO,NO,NO,,,NO,NO,NO,NO,NO,NO,NO,NO,VÉRTICE,NO,NO,NO,NO,NO,NO,NO,NO,NO,NO,NO,NO,,,,,,,,,,,,,NO,,,,,,,,,,,,,,,,,,,,,,1,,,,,,,,,,,NO
24163,,,,,,,,,,,,,,,,,,NO,NO,NO,NO,NO,NINGUNO,NO,NO,NO,,,NO,NO,NO,NO,NO,NO,NO,NO,VÉRTICE,NO,NO,NO,NO,NO,NO,NO,NO,NO,NO,NO,NO,,,,,,,,,,,,,NO,,,,,,,,,,,,,,,,,,,,,,1,,,,,,,,,,,NO
24164,,,,,,,,,,,,,,,,,,NO,NO,NO,NO,NO,NINGUNO,NO,NO,NO,,,NO,NO,NO,NO,NO,NO,NO,NO,VÉRTICE,NO,NO,NO,NO,NO,NO,NO,NO,NO,NO,NO,NO,,,,,,,,,,,,,NO,,,,,,,,,,,,,,,,,,,,,,1,,,,,,,,,,,NO
24165,,,,,,,,,,,,,,,,,,NO,NO,NO,NO,NO,NINGUNO,NO,NO,NO,,,NO,NO,NO,NO,NO,NO,NO,NO,VÉRTICE,NO,NO,NO,NO,NO,NO,NO,NO,NO,NO,NO,NO,,,,,,,,,,,,,NO,,,,,,,,,,,,,,,,,,,,,,1,,,,,,,,,,,NO
24166,,,,,,,,,,,,,,,,,,NO,NO,NO,NO,NO,NINGUNO,NO,NO,NO,,,NO,NO,NO,NO,NO,NO,NO,NO,VÉRTICE,NO,NO,NO,NO,NO,NO,NO,NO,NO,NO,NO,NO,,,,,,,,,,,,,NO,,,,,,,,,,,,,,,,,,,,,,1,,,,,,,,,,,NO
24167,,,,,,,,,,,,,,,,,,NO,NO,NO,NO,NO,NINGUNO,NO,NO,NO,,,NO,NO,NO,NO,NO,NO,NO,NO,VÉRTICE,NO,NO,NO,NO,NO,NO,NO,NO,NO,NO,NO,NO,,,,,,,,,,,,,NO,,,,,,,,,,,,,,,,,,,,,,1,,,,,,,,,,,NO
24168,,,,,,,,,,,,,,,,,,NO,NO,NO,NO,NO,NINGUNO,NO,NO,NO,,,NO,NO,NO,NO,NO,NO,NO,NO,VÉRTICE,NO,NO,NO,NO,NO,NO,NO,NO,NO,NO,NO,NO,,,,,,,,,,,,,NO,,,,,,,,,,,,,,,,,,,,,,1,,,,,,,,,,,NO
24169,,,,,,,,,,,,,,,,,,NO,NO,NO,NO,NO,NINGUNO,NO,NO,NO,,,NO,NO,NO,NO,NO,NO,NO,NO,VÉRTICE,NO,NO,NO,NO,NO,NO,NO,NO,NO,NO,NO,NO,,,,,,,,,,,,,NO,,,,,,,,,,,,,,,,,,,,,,1,,,,,,,,,,,NO
24170,,,,,,,,,,,,,,,,,,NO,NO,NO,NO,NO,NINGUNO,NO,NO,NO,,,NO,NO,NO,NO,NO,NO,NO,NO,VÉRTICE,NO,NO,NO,NO,NO,NO,NO,NO,NO,NO,NO,NO,,,,,,,,,,,,,NO,,,,,,,,,,,,,,,,,,,,,,1,,,,,,,,,,,NO
24171,,,,,,,,,,,,,,,,,,NO,NO,NO,NO,NO,NINGUNO,NO,NO,NO,,,NO,NO,NO,NO,NO,NO,NO,NO,VÉRTICE,NO,NO,NO,NO,NO,NO,NO,NO,NO,NO,NO,NO,,,,,,,,,,,,,NO,,,,,,,,,,,,,,,,,,,,,,1,,,,,,,,,,,NO
24172,,,,,,,,,,,,,,,,,,NO,NO,NO,NO,NO,NINGUNO,NO,NO,NO,,,NO,NO,NO,NO,NO,NO,NO,NO,VÉRTICE,NO,NO,NO,NO,NO,NO,NO,NO,NO,NO,NO,NO,,,,,,,,,,,,,NO,,,,,,,,,,,,,,,,,,,,,,1,,,,,,,,,,,NO
24173,,,,,,,,,,,,,,,,,,NO,NO,NO,NO,NO,NINGUNO,NO,NO,NO,,,NO,NO,NO,NO,NO,NO,NO,NO,VÉRTICE,NO,NO,NO,NO,NO,NO,NO,NO,NO,NO,NO,NO,,,,,,,,,,,,,NO,,,,,,,,,,,,,,,,,,,,,,1,,,,,,,,,,,NO
24174,,,,,,,,,,,,,,,,,,NO,NO,NO,NO,NO,NINGUNO,NO,NO,NO,,,NO,NO,NO,NO,NO,NO,NO,NO,VÉRTICE,NO,NO,NO,NO,NO,NO,NO,NO,NO,NO,NO,NO,,,,,,,,,,,,,NO,,,,,,,,,,,,,,,,,,,,,,1,,,,,,,,,,,NO
24175,,,,,,,,,,,,,,,,,,NO,NO,NO,NO,NO,NINGUNO,NO,NO,NO,,,NO,NO,NO,NO,NO,NO,NO,NO,VÉRTICE,NO,NO,NO,NO,NO,NO,NO,NO,NO,NO,NO,NO,,,,,,,,,,,,,NO,,,,,,,,,,,,,,,,,,,,,,1,,,,,,,,,,,NO
24176,,,,,,,,,,,,,,,,,,NO,NO,NO,NO,NO,NINGUNO,NO,NO,NO,,,NO,NO,NO,NO,NO,NO,NO,NO,VÉRTICE,NO,NO,NO,NO,NO,NO,NO,NO,NO,NO,NO,NO,,,,,,,,,,,,,NO,,,,,,,,,,,,,,,,,,,,,,1,,,,,,,,,,,NO
24177,,,,,,,,,,,,,,,,,,NO,NO,NO,NO,NO,NINGUNO,NO,NO,NO,,,NO,NO,NO,NO,NO,NO,NO,NO,VÉRTICE,NO,NO,NO,NO,NO,NO,NO,NO,NO,NO,NO,NO,,,,,,,,,,,,,NO,,,,,,,,,,,,,,,,,,,,,,1,,,,,,,,,,,NO
24178,,,,,,,,,,,,,,,,,,NO,NO,NO,NO,NO,NINGUNO,NO,NO,NO,,,NO,NO,NO,NO,NO,NO,NO,NO,VÉRTICE,NO,NO,NO,NO,NO,NO,NO,NO,NO,NO,NO,NO,,,,,,,,,,,,,NO,,,,,,,,,,,,,,,,,,,,,,1,,,,,,,,,,,NO
24179,,,,,,,,,,,,,,,,,,NO,NO,NO,NO,NO,NINGUNO,NO,NO,NO,,,NO,NO,NO,NO,NO,NO,NO,NO,VÉRTICE,NO,NO,NO,NO,NO,NO,NO,NO,NO,NO,NO,NO,,,,,,,,,,,,,NO,,,,,,,,,,,,,,,,,,,,,,1,,,,,,,,,,,NO
24180,,,,,,,,,,,,,,,,,,NO,NO,NO,NO,NO,NINGUNO,NO,NO,NO,,,NO,NO,NO,NO,NO,NO,NO,NO,VÉRTICE,NO,NO,NO,NO,NO,NO,NO,NO,NO,NO,NO,NO,,,,,,,,,,,,,NO,,,,,,,,,,,,,,,,,,,,,,1,,,,,,,,,,,NO
24181,,,,,,,,,,,,,,,,,,NO,NO,NO,NO,NO,NINGUNO,NO,NO,NO,,,NO,NO,NO,NO,NO,NO,NO,NO,VÉRTICE,NO,NO,NO,NO,NO,NO,NO,NO,NO,NO,NO,NO,,,,,,,,,,,,,NO,,,,,,,,,,,,,,,,,,,,,,1,,,,,,,,,,,NO
24182,,,,,,,,,,,,,,,,,,NO,NO,NO,NO,NO,NINGUNO,NO,NO,NO,,,NO,NO,NO,NO,NO,NO,NO,NO,VÉRTICE,NO,NO,NO,NO,NO,NO,NO,NO,NO,NO,NO,NO,,,,,,,,,,,,,NO,,,,,,,,,,,,,,,,,,,,,,1,,,,,,,,,,,NO
24183,,,,,,,,,,,,,,,,,,NO,NO,NO,NO,NO,NINGUNO,NO,NO,NO,,,NO,NO,NO,NO,NO,NO,NO,NO,VÉRTICE,NO,NO,NO,NO,NO,NO,NO,NO,NO,NO,NO,NO,,,,,,,,,,,,,NO,,,,,,,,,,,,,,,,,,,,,,1,,,,,,,,,,,NO
24184,,,,,,,,,,,,,,,,,,NO,NO,NO,NO,NO,NINGUNO,NO,NO,NO,,,NO,NO,NO,NO,NO,NO,NO,NO,VÉRTICE,NO,NO,NO,NO,NO,NO,NO,NO,NO,NO,NO,NO,,,,,,,,,,,,,NO,,,,,,,,,,,,,,,,,,,,,,1,,,,,,,,,,,NO
24185,,,,,,,,,,,,,,,,,,NO,NO,NO,NO,NO,NINGUNO,NO,NO,NO,,,NO,NO,NO,NO,NO,NO,NO,NO,VÉRTICE,NO,NO,NO,NO,NO,NO,NO,NO,NO,NO,NO,NO,,,,,,,,,,,,,NO,,,,,,,,,,,,,,,,,,,,,,1,,,,,,,,,,,NO
24186,,,,,,,,,,,,,,,,,,NO,NO,NO,NO,NO,NINGUNO,NO,NO,NO,,,NO,NO,NO,NO,NO,NO,NO,NO,VÉRTICE,NO,NO,NO,NO,NO,NO,NO,NO,NO,NO,NO,NO,,,,,,,,,,,,,NO,,,,,,,,,,,,,,,,,,,,,,1,,,,,,,,,,,NO
24187,,,,,,,,,,,,,,,,,,NO,NO,NO,NO,NO,NINGUNO,NO,NO,NO,,,NO,NO,NO,NO,NO,NO,NO,NO,VÉRTICE,NO,NO,NO,NO,NO,NO,NO,NO,NO,NO,NO,NO,,,,,,,,,,,,,NO,,,,,,,,,,,,,,,,,,,,,,1,,,,,,,,,,,NO
24188,,,,,,,,,,,,,,,,,,NO,NO,NO,NO,NO,NINGUNO,NO,NO,NO,,,NO,NO,NO,NO,NO,NO,NO,NO,VÉRTICE,NO,NO,NO,NO,NO,NO,NO,NO,NO,NO,NO,NO,,,,,,,,,,,,,NO,,,,,,,,,,,,,,,,,,,,,,1,,,,,,,,,,,NO
24189,,,,,,,,,,,,,,,,,,NO,NO,NO,NO,NO,NINGUNO,NO,NO,NO,,,NO,NO,NO,NO,NO,NO,NO,NO,VÉRTICE,NO,NO,NO,NO,NO,NO,NO,NO,NO,NO,NO,NO,,,,,,,,,,,,,NO,,,,,,,,,,,,,,,,,,,,,,1,,,,,,,,,,,NO
24190,,,,,,,,,,,,,,,,,,NO,NO,NO,NO,NO,NINGUNO,NO,NO,NO,,,NO,NO,NO,NO,NO,NO,NO,NO,VÉRTICE,NO,NO,NO,NO,NO,NO,NO,NO,NO,NO,NO,NO,,,,,,,,,,,,,NO,,,,,,,,,,,,,,,,,,,,,,1,,,,,,,,,,,NO
24191,,,,,,,,,,,,,,,,,,NO,NO,NO,NO,NO,NINGUNO,NO,NO,NO,,,NO,NO,NO,NO,NO,NO,NO,NO,VÉRTICE,NO,NO,NO,NO,NO,NO,NO,NO,NO,NO,NO,NO,,,,,,,,,,,,,NO,,,,,,,,,,,,,,,,,,,,,,1,,,,,,,,,,,NO
24192,,,,,,,,,,,,,,,,,,NO,NO,NO,NO,NO,NINGUNO,NO,NO,NO,,,NO,NO,NO,NO,NO,NO,NO,NO,VÉRTICE,NO,NO,NO,NO,NO,NO,NO,NO,NO,NO,NO,NO,,,,,,,,,,,,,NO,,,,,,,,,,,,,,,,,,,,,,1,,,,,,,,,,,NO
24193,,,,,,,,,,,,,,,,,,NO,NO,NO,NO,NO,NINGUNO,NO,NO,NO,,,NO,NO,NO,NO,NO,NO,NO,NO,VÉRTICE,NO,NO,NO,NO,NO,NO,NO,NO,NO,NO,NO,NO,,,,,,,,,,,,,NO,,,,,,,,,,,,,,,,,,,,,,1,,,,,,,,,,,NO
24194,,,,,,,,,,,,,,,,,,NO,NO,NO,NO,NO,NINGUNO,NO,NO,NO,,,NO,NO,NO,NO,NO,NO,NO,NO,VÉRTICE,NO,NO,NO,NO,NO,NO,NO,NO,NO,NO,NO,NO,,,,,,,,,,,,,NO,,,,,,,,,,,,,,,,,,,,,,1,,,,,,,,,,,NO
24195,,,,,,,,,,,,,,,,,,NO,NO,NO,NO,NO,NINGUNO,NO,NO,NO,,,NO,NO,NO,NO,NO,NO,NO,NO,VÉRTICE,NO,NO,NO,NO,NO,NO,NO,NO,NO,NO,NO,NO,,,,,,,,,,,,,NO,,,,,,,,,,,,,,,,,,,,,,1,,,,,,,,,,,NO
24196,,,,,,,,,,,,,,,,,,NO,NO,NO,NO,NO,NINGUNO,NO,NO,NO,,,NO,NO,NO,NO,NO,NO,NO,NO,VÉRTICE,NO,NO,NO,NO,NO,NO,NO,NO,NO,NO,NO,NO,,,,,,,,,,,,,NO,,,,,,,,,,,,,,,,,,,,,,1,,,,,,,,,,,NO
24197,,,,,,,,,,,,,,,,,,NO,NO,NO,NO,NO,NINGUNO,NO,NO,NO,,,NO,NO,NO,NO,NO,NO,NO,NO,VÉRTICE,NO,NO,NO,NO,NO,NO,NO,NO,NO,NO,NO,NO,,,,,,,,,,,,,NO,,,,,,,,,,,,,,,,,,,,,,1,,,,,,,,,,,NO
24198,,,,,,,,,,,,,,,,,,NO,NO,NO,NO,NO,NINGUNO,NO,NO,NO,,,NO,NO,NO,NO,NO,NO,NO,NO,VÉRTICE,NO,NO,NO,NO,NO,NO,NO,NO,NO,NO,NO,NO,,,,,,,,,,,,,NO,,,,,,,,,,,,,,,,,,,,,,1,,,,,,,,,,,NO
24199,,,,,,,,,,,,,,,,,,NO,NO,NO,NO,NO,NINGUNO,NO,NO,NO,,,NO,NO,NO,NO,NO,NO,NO,NO,VÉRTICE,NO,NO,NO,NO,NO,NO,NO,NO,NO,NO,NO,NO,,,,,,,,,,,,,NO,,,,,,,,,,,,,,,,,,,,,,1,,,,,,,,,,,NO
24200,,,,,,,,,,,,,,,,,,NO,NO,NO,NO,NO,NINGUNO,NO,NO,NO,,,NO,NO,NO,NO,NO,NO,NO,NO,VÉRTICE,NO,NO,NO,NO,NO,NO,NO,NO,NO,NO,NO,NO,,,,,,,,,,,,,NO,,,,,,,,,,,,,,,,,,,,,,1,,,,,,,,,,,NO
24201,,,,,,,,,,,,,,,,,,NO,NO,NO,NO,NO,NINGUNO,NO,NO,NO,,,NO,NO,NO,NO,NO,NO,NO,NO,VÉRTICE,NO,NO,NO,NO,NO,NO,NO,NO,NO,NO,NO,NO,,,,,,,,,,,,,NO,,,,,,,,,,,,,,,,,,,,,,1,,,,,,,,,,,NO
24202,,,,,,,,,,,,,,,,,,NO,NO,NO,NO,NO,NINGUNO,NO,NO,NO,,,NO,NO,NO,NO,NO,NO,NO,NO,VÉRTICE,NO,NO,NO,NO,NO,NO,NO,NO,NO,NO,NO,NO,,,,,,,,,,,,,NO,,,,,,,,,,,,,,,,,,,,,,1,,,,,,,,,,,NO
24203,,,,,,,,,,,,,,,,,,NO,NO,NO,NO,NO,NINGUNO,NO,NO,NO,,,NO,NO,NO,NO,NO,NO,NO,NO,VÉRTICE,NO,NO,NO,NO,NO,NO,NO,NO,NO,NO,NO,NO,,,,,,,,,,,,,NO,,,,,,,,,,,,,,,,,,,,,,1,,,,,,,,,,,NO
24204,,,,,,,,,,,,,,,,,,NO,NO,NO,NO,NO,NINGUNO,NO,NO,NO,,,NO,NO,NO,NO,NO,NO,NO,NO,VÉRTICE,NO,NO,NO,NO,NO,NO,NO,NO,NO,NO,NO,NO,,,,,,,,,,,,,NO,,,,,,,,,,,,,,,,,,,,,,1,,,,,,,,,,,NO
24205,,,,,,,,,,,,,,,,,,NO,NO,NO,NO,NO,NINGUNO,NO,NO,NO,,,NO,NO,NO,NO,NO,NO,NO,NO,VÉRTICE,NO,NO,NO,NO,NO,NO,NO,NO,NO,NO,NO,NO,,,,,,,,,,,,,NO,,,,,,,,,,,,,,,,,,,,,,1,,,,,,,,,,,NO
24206,,,,,,,,,,,,,,,,,,NO,NO,NO,NO,NO,NINGUNO,NO,NO,NO,,,NO,NO,NO,NO,NO,NO,NO,NO,VÉRTICE,NO,NO,NO,NO,NO,NO,NO,NO,NO,NO,NO,NO,,,,,,,,,,,,,NO,,,,,,,,,,,,,,,,,,,,,,1,,,,,,,,,,,NO
24207,,,,,,,,,,,,,,,,,,NO,NO,NO,NO,NO,NINGUNO,NO,NO,NO,,,NO,NO,NO,NO,NO,NO,NO,NO,VÉRTICE,NO,NO,NO,NO,NO,NO,NO,NO,NO,NO,NO,NO,,,,,,,,,,,,,NO,,,,,,,,,,,,,,,,,,,,,,1,,,,,,,,,,,NO
24208,,,,,,,,,,,,,,,,,,NO,NO,NO,NO,NO,NINGUNO,NO,NO,NO,,,NO,NO,NO,NO,NO,NO,NO,NO,VÉRTICE,NO,NO,NO,NO,NO,NO,NO,NO,NO,NO,NO,NO,,,,,,,,,,,,,NO,,,,,,,,,,,,,,,,,,,,,,1,,,,,,,,,,,NO
24209,,,,,,,,,,,,,,,,,,NO,NO,NO,NO,NO,NINGUNO,NO,NO,NO,,,NO,NO,NO,NO,NO,NO,NO,NO,VÉRTICE,NO,NO,NO,NO,NO,NO,NO,NO,NO,NO,NO,NO,,,,,,,,,,,,,NO,,,,,,,,,,,,,,,,,,,,,,1,,,,,,,,,,,NO
24210,,,,,,,,,,,,,,,,,,NO,NO,NO,NO,NO,NINGUNO,NO,NO,NO,,,NO,NO,NO,NO,NO,NO,NO,NO,VÉRTICE,NO,NO,NO,NO,NO,NO,NO,NO,NO,NO,NO,NO,,,,,,,,,,,,,NO,,,,,,,,,,,,,,,,,,,,,,1,,,,,,,,,,,NO
24211,,,,,,,,,,,,,,,,,,NO,NO,NO,NO,NO,NINGUNO,NO,NO,NO,,,NO,NO,NO,NO,NO,NO,NO,NO,VÉRTICE,NO,NO,NO,NO,NO,NO,NO,NO,NO,NO,NO,NO,,,,,,,,,,,,,NO,,,,,,,,,,,,,,,,,,,,,,1,,,,,,,,,,,NO
24212,,,,,,,,,,,,,,,,,,NO,NO,NO,NO,NO,NINGUNO,NO,NO,NO,,,NO,NO,NO,NO,NO,NO,NO,NO,VÉRTICE,NO,NO,NO,NO,NO,NO,NO,NO,NO,NO,NO,NO,,,,,,,,,,,,,NO,,,,,,,,,,,,,,,,,,,,,,1,,,,,,,,,,,NO
24213,,,,,,,,,,,,,,,,,,NO,NO,NO,NO,NO,NINGUNO,NO,NO,NO,,,NO,NO,NO,NO,NO,NO,NO,NO,VÉRTICE,NO,NO,NO,NO,NO,NO,NO,NO,NO,NO,NO,NO,,,,,,,,,,,,,NO,,,,,,,,,,,,,,,,,,,,,,1,,,,,,,,,,,NO
24214,,,,,,,,,,,,,,,,,,NO,NO,NO,NO,NO,NINGUNO,NO,NO,NO,,,NO,NO,NO,NO,NO,NO,NO,NO,VÉRTICE,NO,NO,NO,NO,NO,NO,NO,NO,NO,NO,NO,NO,,,,,,,,,,,,,NO,,,,,,,,,,,,,,,,,,,,,,1,,,,,,,,,,,NO
24215,,,,,,,,,,,,,,,,,,NO,NO,NO,NO,NO,NINGUNO,NO,NO,NO,,,NO,NO,NO,NO,NO,NO,NO,NO,VÉRTICE,NO,NO,NO,NO,NO,NO,NO,NO,NO,NO,NO,NO,,,,,,,,,,,,,NO,,,,,,,,,,,,,,,,,,,,,,1,,,,,,,,,,,NO
24216,,,,,,,,,,,,,,,,,,NO,NO,NO,NO,NO,NINGUNO,NO,NO,NO,,,NO,NO,NO,NO,NO,NO,NO,NO,VÉRTICE,NO,NO,NO,NO,NO,NO,NO,NO,NO,NO,NO,NO,,,,,,,,,,,,,NO,,,,,,,,,,,,,,,,,,,,,,1,,,,,,,,,,,NO
24217,,,,,,,,,,,,,,,,,,NO,NO,NO,NO,NO,NINGUNO,NO,NO,NO,,,NO,NO,NO,NO,NO,NO,NO,NO,VÉRTICE,NO,NO,NO,NO,NO,NO,NO,NO,NO,NO,NO,NO,,,,,,,,,,,,,NO,,,,,,,,,,,,,,,,,,,,,,1,,,,,,,,,,,NO
24218,,,,,,,,,,,,,,,,,,NO,NO,NO,NO,NO,NINGUNO,NO,NO,NO,,,NO,NO,NO,NO,NO,NO,NO,NO,VÉRTICE,NO,NO,NO,NO,NO,NO,NO,NO,NO,NO,NO,NO,,,,,,,,,,,,,NO,,,,,,,,,,,,,,,,,,,,,,1,,,,,,,,,,,NO
24219,,,,,,,,,,,,,,,,,,NO,NO,NO,NO,NO,NINGUNO,NO,NO,NO,,,NO,NO,NO,NO,NO,NO,NO,NO,VÉRTICE,NO,NO,NO,NO,NO,NO,NO,NO,NO,NO,NO,NO,,,,,,,,,,,,,NO,,,,,,,,,,,,,,,,,,,,,,1,,,,,,,,,,,NO
24220,,,,,,,,,,,,,,,,,,NO,NO,NO,NO,NO,NINGUNO,NO,NO,NO,,,NO,NO,NO,NO,NO,NO,NO,NO,VÉRTICE,NO,NO,NO,NO,NO,NO,NO,NO,NO,NO,NO,NO,,,,,,,,,,,,,NO,,,,,,,,,,,,,,,,,,,,,,1,,,,,,,,,,,NO
24221,,,,,,,,,,,,,,,,,,NO,NO,NO,NO,NO,NINGUNO,NO,NO,NO,,,NO,NO,NO,NO,NO,NO,NO,NO,VÉRTICE,NO,NO,NO,NO,NO,NO,NO,NO,NO,NO,NO,NO,,,,,,,,,,,,,NO,,,,,,,,,,,,,,,,,,,,,,1,,,,,,,,,,,NO
24222,,,,,,,,,,,,,,,,,,NO,NO,NO,NO,NO,NINGUNO,NO,NO,NO,,,NO,NO,NO,NO,NO,NO,NO,NO,VÉRTICE,NO,NO,NO,NO,NO,NO,NO,NO,NO,NO,NO,NO,,,,,,,,,,,,,NO,,,,,,,,,,,,,,,,,,,,,,1,,,,,,,,,,,NO
24223,,,,,,,,,,,,,,,,,,NO,NO,NO,NO,NO,NINGUNO,NO,NO,NO,,,NO,NO,NO,NO,NO,NO,NO,NO,VÉRTICE,NO,NO,NO,NO,NO,NO,NO,NO,NO,NO,NO,NO,,,,,,,,,,,,,NO,,,,,,,,,,,,,,,,,,,,,,1,,,,,,,,,,,NO
24224,,,,,,,,,,,,,,,,,,NO,NO,NO,NO,NO,NINGUNO,NO,NO,NO,,,NO,NO,NO,NO,NO,NO,NO,NO,VÉRTICE,NO,NO,NO,NO,NO,NO,NO,NO,NO,NO,NO,NO,,,,,,,,,,,,,NO,,,,,,,,,,,,,,,,,,,,,,1,,,,,,,,,,,NO
24225,,,,,,,,,,,,,,,,,,NO,NO,NO,NO,NO,NINGUNO,NO,NO,NO,,,NO,NO,NO,NO,NO,NO,NO,NO,VÉRTICE,NO,NO,NO,NO,NO,NO,NO,NO,NO,NO,NO,NO,,,,,,,,,,,,,NO,,,,,,,,,,,,,,,,,,,,,,1,,,,,,,,,,,NO
24226,,,,,,,,,,,,,,,,,,NO,NO,NO,NO,NO,NINGUNO,NO,NO,NO,,,NO,NO,NO,NO,NO,NO,NO,NO,VÉRTICE,NO,NO,NO,NO,NO,NO,NO,NO,NO,NO,NO,NO,,,,,,,,,,,,,NO,,,,,,,,,,,,,,,,,,,,,,1,,,,,,,,,,,NO
24227,,,,,,,,,,,,,,,,,,NO,NO,NO,NO,NO,NINGUNO,NO,NO,NO,,,NO,NO,NO,NO,NO,NO,NO,NO,VÉRTICE,NO,NO,NO,NO,NO,NO,NO,NO,NO,NO,NO,NO,,,,,,,,,,,,,NO,,,,,,,,,,,,,,,,,,,,,,1,,,,,,,,,,,NO
24228,,,,,,,,,,,,,,,,,,NO,NO,NO,NO,NO,NINGUNO,NO,NO,NO,,,NO,NO,NO,NO,NO,NO,NO,NO,VÉRTICE,NO,NO,NO,NO,NO,NO,NO,NO,NO,NO,NO,NO,,,,,,,,,,,,,NO,,,,,,,,,,,,,,,,,,,,,,1,,,,,,,,,,,NO
24229,,,,,,,,,,,,,,,,,,NO,NO,NO,NO,NO,NINGUNO,NO,NO,NO,,,NO,NO,NO,NO,NO,NO,NO,NO,VÉRTICE,NO,NO,NO,NO,NO,NO,NO,NO,NO,NO,NO,NO,,,,,,,,,,,,,NO,,,,,,,,,,,,,,,,,,,,,,1,,,,,,,,,,,NO
24230,,,,,,,,,,,,,,,,,,NO,NO,NO,NO,NO,NINGUNO,NO,NO,NO,,,NO,NO,NO,NO,NO,NO,NO,NO,VÉRTICE,NO,NO,NO,NO,NO,NO,NO,NO,NO,NO,NO,NO,,,,,,,,,,,,,NO,,,,,,,,,,,,,,,,,,,,,,1,,,,,,,,,,,NO
24231,,,,,,,,,,,,,,,,,,NO,NO,NO,NO,NO,NINGUNO,NO,NO,NO,,,NO,NO,NO,NO,NO,NO,NO,NO,VÉRTICE,NO,NO,NO,NO,NO,NO,NO,NO,NO,NO,NO,NO,,,,,,,,,,,,,NO,,,,,,,,,,,,,,,,,,,,,,1,,,,,,,,,,,NO
24232,,,,,,,,,,,,,,,,,,NO,NO,NO,NO,NO,NINGUNO,NO,NO,NO,,,NO,NO,NO,NO,NO,NO,NO,NO,VÉRTICE,NO,NO,NO,NO,NO,NO,NO,NO,NO,NO,NO,NO,,,,,,,,,,,,,NO,,,,,,,,,,,,,,,,,,,,,,1,,,,,,,,,,,NO
24233,,,,,,,,,,,,,,,,,,NO,NO,NO,NO,NO,NINGUNO,NO,NO,NO,,,NO,NO,NO,NO,NO,NO,NO,NO,VÉRTICE,NO,NO,NO,NO,NO,NO,NO,NO,NO,NO,NO,NO,,,,,,,,,,,,,NO,,,,,,,,,,,,,,,,,,,,,,1,,,,,,,,,,,NO
24234,,,,,,,,,,,,,,,,,,NO,NO,NO,NO,NO,NINGUNO,NO,NO,NO,,,NO,NO,NO,NO,NO,NO,NO,NO,VÉRTICE,NO,NO,NO,NO,NO,NO,NO,NO,NO,NO,NO,NO,,,,,,,,,,,,,NO,,,,,,,,,,,,,,,,,,,,,,1,,,,,,,,,,,NO
24235,,,,,,,,,,,,,,,,,,NO,NO,NO,NO,NO,NINGUNO,NO,NO,NO,,,NO,NO,NO,NO,NO,NO,NO,NO,VÉRTICE,NO,NO,NO,NO,NO,NO,NO,NO,NO,NO,NO,NO,,,,,,,,,,,,,NO,,,,,,,,,,,,,,,,,,,,,,1,,,,,,,,,,,NO
24236,,,,,,,,,,,,,,,,,,NO,NO,NO,NO,NO,NINGUNO,NO,NO,NO,,,NO,NO,NO,NO,NO,NO,NO,NO,VÉRTICE,NO,NO,NO,NO,NO,NO,NO,NO,NO,NO,NO,NO,,,,,,,,,,,,,NO,,,,,,,,,,,,,,,,,,,,,,1,,,,,,,,,,,NO
24237,,,,,,,,,,,,,,,,,,NO,NO,NO,NO,NO,NINGUNO,NO,NO,NO,,,NO,NO,NO,NO,NO,NO,NO,NO,VÉRTICE,NO,NO,NO,NO,NO,NO,NO,NO,NO,NO,NO,NO,,,,,,,,,,,,,NO,,,,,,,,,,,,,,,,,,,,,,1,,,,,,,,,,,NO
24238,,,,,,,,,,,,,,,,,,NO,NO,NO,NO,NO,NINGUNO,NO,NO,NO,,,NO,NO,NO,NO,NO,NO,NO,NO,VÉRTICE,NO,NO,NO,NO,NO,NO,NO,NO,NO,NO,NO,NO,,,,,,,,,,,,,NO,,,,,,,,,,,,,,,,,,,,,,1,,,,,,,,,,,NO
24239,,,,,,,,,,,,,,,,,,NO,NO,NO,NO,NO,NINGUNO,NO,NO,NO,,,NO,NO,NO,NO,NO,NO,NO,NO,VÉRTICE,NO,NO,NO,NO,NO,NO,NO,NO,NO,NO,NO,NO,,,,,,,,,,,,,NO,,,,,,,,,,,,,,,,,,,,,,1,,,,,,,,,,,NO
24240,,,,,,,,,,,,,,,,,,NO,NO,NO,NO,NO,NINGUNO,NO,NO,NO,,,NO,NO,NO,NO,NO,NO,NO,NO,VÉRTICE,NO,NO,NO,NO,NO,NO,NO,NO,NO,NO,NO,NO,,,,,,,,,,,,,NO,,,,,,,,,,,,,,,,,,,,,,1,,,,,,,,,,,NO
24241,,,,,,,,,,,,,,,,,,NO,NO,NO,NO,NO,NINGUNO,NO,NO,NO,,,NO,NO,NO,NO,NO,NO,NO,NO,VÉRTICE,NO,NO,NO,NO,NO,NO,NO,NO,NO,NO,NO,NO,,,,,,,,,,,,,NO,,,,,,,,,,,,,,,,,,,,,,1,,,,,,,,,,,NO
24242,,,,,,,,,,,,,,,,,,NO,NO,NO,NO,NO,NINGUNO,NO,NO,NO,,,NO,NO,NO,NO,NO,NO,NO,NO,VÉRTICE,NO,NO,NO,NO,NO,NO,NO,NO,NO,NO,NO,NO,,,,,,,,,,,,,NO,,,,,,,,,,,,,,,,,,,,,,1,,,,,,,,,,,NO
24243,,,,,,,,,,,,,,,,,,NO,NO,NO,NO,NO,NINGUNO,NO,NO,NO,,,NO,NO,NO,NO,NO,NO,NO,NO,VÉRTICE,NO,NO,NO,NO,NO,NO,NO,NO,NO,NO,NO,NO,,,,,,,,,,,,,NO,,,,,,,,,,,,,,,,,,,,,,1,,,,,,,,,,,NO
24244,,,,,,,,,,,,,,,,,,NO,NO,NO,NO,NO,NINGUNO,NO,NO,NO,,,NO,NO,NO,NO,NO,NO,NO,NO,VÉRTICE,NO,NO,NO,NO,NO,NO,NO,NO,NO,NO,NO,NO,,,,,,,,,,,,,NO,,,,,,,,,,,,,,,,,,,,,,1,,,,,,,,,,,NO
24245,,,,,,,,,,,,,,,,,,NO,NO,NO,NO,NO,NINGUNO,NO,NO,NO,,,NO,NO,NO,NO,NO,NO,NO,NO,VÉRTICE,NO,NO,NO,NO,NO,NO,NO,NO,NO,NO,NO,NO,,,,,,,,,,,,,NO,,,,,,,,,,,,,,,,,,,,,,1,,,,,,,,,,,NO
24246,,,,,,,,,,,,,,,,,,NO,NO,NO,NO,NO,NINGUNO,NO,NO,NO,,,NO,NO,NO,NO,NO,NO,NO,NO,VÉRTICE,NO,NO,NO,NO,NO,NO,NO,NO,NO,NO,NO,NO,,,,,,,,,,,,,NO,,,,,,,,,,,,,,,,,,,,,,1,,,,,,,,,,,NO
24247,,,,,,,,,,,,,,,,,,NO,NO,NO,NO,NO,NINGUNO,NO,NO,NO,,,NO,NO,NO,NO,NO,NO,NO,NO,VÉRTICE,NO,NO,NO,NO,NO,NO,NO,NO,NO,NO,NO,NO,,,,,,,,,,,,,NO,,,,,,,,,,,,,,,,,,,,,,1,,,,,,,,,,,NO
24248,,,,,,,,,,,,,,,,,,NO,NO,NO,NO,NO,NINGUNO,NO,NO,NO,,,NO,NO,NO,NO,NO,NO,NO,NO,VÉRTICE,NO,NO,NO,NO,NO,NO,NO,NO,NO,NO,NO,NO,,,,,,,,,,,,,NO,,,,,,,,,,,,,,,,,,,,,,1,,,,,,,,,,,NO
24249,,,,,,,,,,,,,,,,,,NO,NO,NO,NO,NO,NINGUNO,NO,NO,NO,,,NO,NO,NO,NO,NO,NO,NO,NO,VÉRTICE,NO,NO,NO,NO,NO,NO,NO,NO,NO,NO,NO,NO,,,,,,,,,,,,,NO,,,,,,,,,,,,,,,,,,,,,,1,,,,,,,,,,,NO
24250,,,,,,,,,,,,,,,,,,NO,NO,NO,NO,NO,NINGUNO,NO,NO,NO,,,NO,NO,NO,NO,NO,NO,NO,NO,VÉRTICE,NO,NO,NO,NO,NO,NO,NO,NO,NO,NO,NO,NO,,,,,,,,,,,,,NO,,,,,,,,,,,,,,,,,,,,,,1,,,,,,,,,,,NO
24251,,,,,,,,,,,,,,,,,,NO,NO,NO,NO,NO,NINGUNO,NO,NO,NO,,,NO,NO,NO,NO,NO,NO,NO,NO,VÉRTICE,NO,NO,NO,NO,NO,NO,NO,NO,NO,NO,NO,NO,,,,,,,,,,,,,NO,,,,,,,,,,,,,,,,,,,,,,1,,,,,,,,,,,NO
24252,,,,,,,,,,,,,,,,,,NO,NO,NO,NO,NO,NINGUNO,NO,NO,NO,,,NO,NO,NO,NO,NO,NO,NO,NO,VÉRTICE,NO,NO,NO,NO,NO,NO,NO,NO,NO,NO,NO,NO,,,,,,,,,,,,,NO,,,,,,,,,,,,,,,,,,,,,,1,,,,,,,,,,,NO
24253,,,,,,,,,,,,,,,,,,NO,NO,NO,NO,NO,NINGUNO,NO,NO,NO,,,NO,NO,NO,NO,NO,NO,NO,NO,VÉRTICE,NO,NO,NO,NO,NO,NO,NO,NO,NO,NO,NO,NO,,,,,,,,,,,,,NO,,,,,,,,,,,,,,,,,,,,,,1,,,,,,,,,,,NO
24254,,,,,,,,,,,,,,,,,,NO,NO,NO,NO,NO,NINGUNO,NO,NO,NO,,,NO,NO,NO,NO,NO,NO,NO,NO,VÉRTICE,NO,NO,NO,NO,NO,NO,NO,NO,NO,NO,NO,NO,,,,,,,,,,,,,NO,,,,,,,,,,,,,,,,,,,,,,1,,,,,,,,,,,NO
24255,,,,,,,,,,,,,,,,,,NO,NO,NO,NO,NO,NINGUNO,NO,NO,NO,,,NO,NO,NO,NO,NO,NO,NO,NO,VÉRTICE,NO,NO,NO,NO,NO,NO,NO,NO,NO,NO,NO,NO,,,,,,,,,,,,,NO,,,,,,,,,,,,,,,,,,,,,,1,,,,,,,,,,,NO
24256,,,,,,,,,,,,,,,,,,NO,NO,NO,NO,NO,NINGUNO,NO,NO,NO,,,NO,NO,NO,NO,NO,NO,NO,NO,VÉRTICE,NO,NO,NO,NO,NO,NO,NO,NO,NO,NO,NO,NO,,,,,,,,,,,,,NO,,,,,,,,,,,,,,,,,,,,,,1,,,,,,,,,,,NO
24257,,,,,,,,,,,,,,,,,,NO,NO,NO,NO,NO,NINGUNO,NO,NO,NO,,,NO,NO,NO,NO,NO,NO,NO,NO,VÉRTICE,NO,NO,NO,NO,NO,NO,NO,NO,NO,NO,NO,NO,,,,,,,,,,,,,NO,,,,,,,,,,,,,,,,,,,,,,1,,,,,,,,,,,NO
24258,,,,,,,,,,,,,,,,,,NO,NO,NO,NO,NO,NINGUNO,NO,NO,NO,,,NO,NO,NO,NO,NO,NO,NO,NO,VÉRTICE,NO,NO,NO,NO,NO,NO,NO,NO,NO,NO,NO,NO,,,,,,,,,,,,,NO,,,,,,,,,,,,,,,,,,,,,,1,,,,,,,,,,,NO
24259,,,,,,,,,,,,,,,,,,NO,NO,NO,NO,NO,NINGUNO,NO,NO,NO,,,NO,NO,NO,NO,NO,NO,NO,NO,VÉRTICE,NO,NO,NO,NO,NO,NO,NO,NO,NO,NO,NO,NO,,,,,,,,,,,,,NO,,,,,,,,,,,,,,,,,,,,,,1,,,,,,,,,,,NO
24260,,,,,,,,,,,,,,,,,,NO,NO,NO,NO,NO,NINGUNO,NO,NO,NO,,,NO,NO,NO,NO,NO,NO,NO,NO,VÉRTICE,NO,NO,NO,NO,NO,NO,NO,NO,NO,NO,NO,NO,,,,,,,,,,,,,NO,,,,,,,,,,,,,,,,,,,,,,1,,,,,,,,,,,NO
24261,,,,,,,,,,,,,,,,,,NO,NO,NO,NO,NO,NINGUNO,NO,NO,NO,,,NO,NO,NO,NO,NO,NO,NO,NO,VÉRTICE,NO,NO,NO,NO,NO,NO,NO,NO,NO,NO,NO,NO,,,,,,,,,,,,,NO,,,,,,,,,,,,,,,,,,,,,,1,,,,,,,,,,,NO
24262,,,,,,,,,,,,,,,,,,NO,NO,NO,NO,NO,NINGUNO,NO,NO,NO,,,NO,NO,NO,NO,NO,NO,NO,NO,VÉRTICE,NO,NO,NO,NO,NO,NO,NO,NO,NO,NO,NO,NO,,,,,,,,,,,,,NO,,,,,,,,,,,,,,,,,,,,,,1,,,,,,,,,,,NO
24263,,,,,,,,,,,,,,,,,,NO,NO,NO,NO,NO,NINGUNO,NO,NO,NO,,,NO,NO,NO,NO,NO,NO,NO,NO,VÉRTICE,NO,NO,NO,NO,NO,NO,NO,NO,NO,NO,NO,NO,,,,,,,,,,,,,NO,,,,,,,,,,,,,,,,,,,,,,1,,,,,,,,,,,NO
24264,,,,,,,,,,,,,,,,,,NO,NO,NO,NO,NO,NINGUNO,NO,NO,NO,,,NO,NO,NO,NO,NO,NO,NO,NO,VÉRTICE,NO,NO,NO,NO,NO,NO,NO,NO,NO,NO,NO,NO,,,,,,,,,,,,,NO,,,,,,,,,,,,,,,,,,,,,,1,,,,,,,,,,,NO
24265,,,,,,,,,,,,,,,,,,NO,NO,NO,NO,NO,NINGUNO,NO,NO,NO,,,NO,NO,NO,NO,NO,NO,NO,NO,VÉRTICE,NO,NO,NO,NO,NO,NO,NO,NO,NO,NO,NO,NO,,,,,,,,,,,,,NO,,,,,,,,,,,,,,,,,,,,,,1,,,,,,,,,,,NO
24266,,,,,,,,,,,,,,,,,,NO,NO,NO,NO,NO,NINGUNO,NO,NO,NO,,,NO,NO,NO,NO,NO,NO,NO,NO,VÉRTICE,NO,NO,NO,NO,NO,NO,NO,NO,NO,NO,NO,NO,,,,,,,,,,,,,NO,,,,,,,,,,,,,,,,,,,,,,1,,,,,,,,,,,NO
24267,,,,,,,,,,,,,,,,,,NO,NO,NO,NO,NO,NINGUNO,NO,NO,NO,,,NO,NO,NO,NO,NO,NO,NO,NO,VÉRTICE,NO,NO,NO,NO,NO,NO,NO,NO,NO,NO,NO,NO,,,,,,,,,,,,,NO,,,,,,,,,,,,,,,,,,,,,,1,,,,,,,,,,,NO
24268,,,,,,,,,,,,,,,,,,NO,NO,NO,NO,NO,NINGUNO,NO,NO,NO,,,NO,NO,NO,NO,NO,NO,NO,NO,VÉRTICE,NO,NO,NO,NO,NO,NO,NO,NO,NO,NO,NO,NO,,,,,,,,,,,,,NO,,,,,,,,,,,,,,,,,,,,,,1,,,,,,,,,,,NO
24269,,,,,,,,,,,,,,,,,,NO,NO,NO,NO,NO,NINGUNO,NO,NO,NO,,,NO,NO,NO,NO,NO,NO,NO,NO,VÉRTICE,NO,NO,NO,NO,NO,NO,NO,NO,NO,NO,NO,NO,,,,,,,,,,,,,NO,,,,,,,,,,,,,,,,,,,,,,1,,,,,,,,,,,NO
24270,,,,,,,,,,,,,,,,,,NO,NO,NO,NO,NO,NINGUNO,NO,NO,NO,,,NO,NO,NO,NO,NO,NO,NO,NO,VÉRTICE,NO,NO,NO,NO,NO,NO,NO,NO,NO,NO,NO,NO,,,,,,,,,,,,,NO,,,,,,,,,,,,,,,,,,,,,,1,,,,,,,,,,,NO
24271,,,,,,,,,,,,,,,,,,NO,NO,NO,NO,NO,NINGUNO,NO,NO,NO,,,NO,NO,NO,NO,NO,NO,NO,NO,VÉRTICE,NO,NO,NO,NO,NO,NO,NO,NO,NO,NO,NO,NO,,,,,,,,,,,,,NO,,,,,,,,,,,,,,,,,,,,,,1,,,,,,,,,,,NO
24272,,,,,,,,,,,,,,,,,,NO,NO,NO,NO,NO,NINGUNO,NO,NO,NO,,,NO,NO,NO,NO,NO,NO,NO,NO,VÉRTICE,NO,NO,NO,NO,NO,NO,NO,NO,NO,NO,NO,NO,,,,,,,,,,,,,NO,,,,,,,,,,,,,,,,,,,,,,1,,,,,,,,,,,NO
24273,,,,,,,,,,,,,,,,,,NO,NO,NO,NO,NO,NINGUNO,NO,NO,NO,,,NO,NO,NO,NO,NO,NO,NO,NO,VÉRTICE,NO,NO,NO,NO,NO,NO,NO,NO,NO,NO,NO,NO,,,,,,,,,,,,,NO,,,,,,,,,,,,,,,,,,,,,,1,,,,,,,,,,,NO
24274,,,,,,,,,,,,,,,,,,NO,NO,NO,NO,NO,NINGUNO,NO,NO,NO,,,NO,NO,NO,NO,NO,NO,NO,NO,VÉRTICE,NO,NO,NO,NO,NO,NO,NO,NO,NO,NO,NO,NO,,,,,,,,,,,,,NO,,,,,,,,,,,,,,,,,,,,,,1,,,,,,,,,,,NO
24275,,,,,,,,,,,,,,,,,,NO,NO,NO,NO,NO,NINGUNO,NO,NO,NO,,,NO,NO,NO,NO,NO,NO,NO,NO,VÉRTICE,NO,NO,NO,NO,NO,NO,NO,NO,NO,NO,NO,NO,,,,,,,,,,,,,NO,,,,,,,,,,,,,,,,,,,,,,1,,,,,,,,,,,NO
24276,,,,,,,,,,,,,,,,,,NO,NO,NO,NO,NO,NINGUNO,NO,NO,NO,,,NO,NO,NO,NO,NO,NO,NO,NO,VÉRTICE,NO,NO,NO,NO,NO,NO,NO,NO,NO,NO,NO,NO,,,,,,,,,,,,,NO,,,,,,,,,,,,,,,,,,,,,,1,,,,,,,,,,,NO
24277,,,,,,,,,,,,,,,,,,NO,NO,NO,NO,NO,NINGUNO,NO,NO,NO,,,NO,NO,NO,NO,NO,NO,NO,NO,VÉRTICE,NO,NO,NO,NO,NO,NO,NO,NO,NO,NO,NO,NO,,,,,,,,,,,,,NO,,,,,,,,,,,,,,,,,,,,,,1,,,,,,,,,,,NO
24278,,,,,,,,,,,,,,,,,,NO,NO,NO,NO,NO,NINGUNO,NO,NO,NO,,,NO,NO,NO,NO,NO,NO,NO,NO,VÉRTICE,NO,NO,NO,NO,NO,NO,NO,NO,NO,NO,NO,NO,,,,,,,,,,,,,NO,,,,,,,,,,,,,,,,,,,,,,1,,,,,,,,,,,NO
24279,,,,,,,,,,,,,,,,,,NO,NO,NO,NO,NO,NINGUNO,NO,NO,NO,,,NO,NO,NO,NO,NO,NO,NO,NO,VÉRTICE,NO,NO,NO,NO,NO,NO,NO,NO,NO,NO,NO,NO,,,,,,,,,,,,,NO,,,,,,,,,,,,,,,,,,,,,,1,,,,,,,,,,,NO
24280,,,,,,,,,,,,,,,,,,NO,NO,NO,NO,NO,NINGUNO,NO,NO,NO,,,NO,NO,NO,NO,NO,NO,NO,NO,VÉRTICE,NO,NO,NO,NO,NO,NO,NO,NO,NO,NO,NO,NO,,,,,,,,,,,,,NO,,,,,,,,,,,,,,,,,,,,,,1,,,,,,,,,,,NO
24281,,,,,,,,,,,,,,,,,,NO,NO,NO,NO,NO,NINGUNO,NO,NO,NO,,,NO,NO,NO,NO,NO,NO,NO,NO,VÉRTICE,NO,NO,NO,NO,NO,NO,NO,NO,NO,NO,NO,NO,,,,,,,,,,,,,NO,,,,,,,,,,,,,,,,,,,,,,1,,,,,,,,,,,NO
24282,,,,,,,,,,,,,,,,,,NO,NO,NO,NO,NO,NINGUNO,NO,NO,NO,,,NO,NO,NO,NO,NO,NO,NO,NO,VÉRTICE,NO,NO,NO,NO,NO,NO,NO,NO,NO,NO,NO,NO,,,,,,,,,,,,,NO,,,,,,,,,,,,,,,,,,,,,,1,,,,,,,,,,,NO
24283,,,,,,,,,,,,,,,,,,NO,NO,NO,NO,NO,NINGUNO,NO,NO,NO,,,NO,NO,NO,NO,NO,NO,NO,NO,VÉRTICE,NO,NO,NO,NO,NO,NO,NO,NO,NO,NO,NO,NO,,,,,,,,,,,,,NO,,,,,,,,,,,,,,,,,,,,,,1,,,,,,,,,,,NO
24284,,,,,,,,,,,,,,,,,,NO,NO,NO,NO,NO,NINGUNO,NO,NO,NO,,,NO,NO,NO,NO,NO,NO,NO,NO,VÉRTICE,NO,NO,NO,NO,NO,NO,NO,NO,NO,NO,NO,NO,,,,,,,,,,,,,NO,,,,,,,,,,,,,,,,,,,,,,1,,,,,,,,,,,NO
24285,,,,,,,,,,,,,,,,,,NO,NO,NO,NO,NO,NINGUNO,NO,NO,NO,,,NO,NO,NO,NO,NO,NO,NO,NO,VÉRTICE,NO,NO,NO,NO,NO,NO,NO,NO,NO,NO,NO,NO,,,,,,,,,,,,,NO,,,,,,,,,,,,,,,,,,,,,,1,,,,,,,,,,,NO
24286,,,,,,,,,,,,,,,,,,NO,NO,NO,NO,NO,NINGUNO,NO,NO,NO,,,NO,NO,NO,NO,NO,NO,NO,NO,VÉRTICE,NO,NO,NO,NO,NO,NO,NO,NO,NO,NO,NO,NO,,,,,,,,,,,,,NO,,,,,,,,,,,,,,,,,,,,,,1,,,,,,,,,,,NO
24287,,,,,,,,,,,,,,,,,,NO,NO,NO,NO,NO,NINGUNO,NO,NO,NO,,,NO,NO,NO,NO,NO,NO,NO,NO,VÉRTICE,NO,NO,NO,NO,NO,NO,NO,NO,NO,NO,NO,NO,,,,,,,,,,,,,NO,,,,,,,,,,,,,,,,,,,,,,1,,,,,,,,,,,NO
24288,,,,,,,,,,,,,,,,,,NO,NO,NO,NO,NO,NINGUNO,NO,NO,NO,,,NO,NO,NO,NO,NO,NO,NO,NO,VÉRTICE,NO,NO,NO,NO,NO,NO,NO,NO,NO,NO,NO,NO,,,,,,,,,,,,,NO,,,,,,,,,,,,,,,,,,,,,,1,,,,,,,,,,,NO
24289,,,,,,,,,,,,,,,,,,NO,NO,NO,NO,NO,NINGUNO,NO,NO,NO,,,NO,NO,NO,NO,NO,NO,NO,NO,VÉRTICE,NO,NO,NO,NO,NO,NO,NO,NO,NO,NO,NO,NO,,,,,,,,,,,,,NO,,,,,,,,,,,,,,,,,,,,,,1,,,,,,,,,,,NO
24290,,,,,,,,,,,,,,,,,,NO,NO,NO,NO,NO,NINGUNO,NO,NO,NO,,,NO,NO,NO,NO,NO,NO,NO,NO,VÉRTICE,NO,NO,NO,NO,NO,NO,NO,NO,NO,NO,NO,NO,,,,,,,,,,,,,NO,,,,,,,,,,,,,,,,,,,,,,1,,,,,,,,,,,NO
24291,,,,,,,,,,,,,,,,,,NO,NO,NO,NO,NO,NINGUNO,NO,NO,NO,,,NO,NO,NO,NO,NO,NO,NO,NO,VÉRTICE,NO,NO,NO,NO,NO,NO,NO,NO,NO,NO,NO,NO,,,,,,,,,,,,,NO,,,,,,,,,,,,,,,,,,,,,,1,,,,,,,,,,,NO
24292,,,,,,,,,,,,,,,,,,NO,NO,NO,NO,NO,NINGUNO,NO,NO,NO,,,NO,NO,NO,NO,NO,NO,NO,NO,VÉRTICE,NO,NO,NO,NO,NO,NO,NO,NO,NO,NO,NO,NO,,,,,,,,,,,,,NO,,,,,,,,,,,,,,,,,,,,,,1,,,,,,,,,,,NO
24293,,,,,,,,,,,,,,,,,,NO,NO,NO,NO,NO,NINGUNO,NO,NO,NO,,,NO,NO,NO,NO,NO,NO,NO,NO,VÉRTICE,NO,NO,NO,NO,NO,NO,NO,NO,NO,NO,NO,NO,,,,,,,,,,,,,NO,,,,,,,,,,,,,,,,,,,,,,1,,,,,,,,,,,NO
24294,,,,,,,,,,,,,,,,,,NO,NO,NO,NO,NO,NINGUNO,NO,NO,NO,,,NO,NO,NO,NO,NO,NO,NO,NO,VÉRTICE,NO,NO,NO,NO,NO,NO,NO,NO,NO,NO,NO,NO,,,,,,,,,,,,,NO,,,,,,,,,,,,,,,,,,,,,,1,,,,,,,,,,,NO
24295,,,,,,,,,,,,,,,,,,NO,NO,NO,NO,NO,NINGUNO,NO,NO,NO,,,NO,NO,NO,NO,NO,NO,NO,NO,VÉRTICE,NO,NO,NO,NO,NO,NO,NO,NO,NO,NO,NO,NO,,,,,,,,,,,,,NO,,,,,,,,,,,,,,,,,,,,,,1,,,,,,,,,,,NO
24296,,,,,,,,,,,,,,,,,,NO,NO,NO,NO,NO,NINGUNO,NO,NO,NO,,,NO,NO,NO,NO,NO,NO,NO,NO,VÉRTICE,NO,NO,NO,NO,NO,NO,NO,NO,NO,NO,NO,NO,,,,,,,,,,,,,NO,,,,,,,,,,,,,,,,,,,,,,1,,,,,,,,,,,NO
24297,,,,,,,,,,,,,,,,,,NO,NO,NO,NO,NO,NINGUNO,NO,NO,NO,,,NO,NO,NO,NO,NO,NO,NO,NO,VÉRTICE,NO,NO,NO,NO,NO,NO,NO,NO,NO,NO,NO,NO,,,,,,,,,,,,,NO,,,,,,,,,,,,,,,,,,,,,,1,,,,,,,,,,,NO
24298,,,,,,,,,,,,,,,,,,NO,NO,NO,NO,NO,NINGUNO,NO,NO,NO,,,NO,NO,NO,NO,NO,NO,NO,NO,VÉRTICE,NO,NO,NO,NO,NO,NO,NO,NO,NO,NO,NO,NO,,,,,,,,,,,,,NO,,,,,,,,,,,,,,,,,,,,,,1,,,,,,,,,,,NO
24299,,,,,,,,,,,,,,,,,,NO,NO,NO,NO,NO,NINGUNO,NO,NO,NO,,,NO,NO,NO,NO,NO,NO,NO,NO,VÉRTICE,NO,NO,NO,NO,NO,NO,NO,NO,NO,NO,NO,NO,,,,,,,,,,,,,NO,,,,,,,,,,,,,,,,,,,,,,1,,,,,,,,,,,NO
24300,,,,,,,,,,,,,,,,,,NO,NO,NO,NO,NO,NINGUNO,NO,NO,NO,,,NO,NO,NO,NO,NO,NO,NO,NO,VÉRTICE,NO,NO,NO,NO,NO,NO,NO,NO,NO,NO,NO,NO,,,,,,,,,,,,,NO,,,,,,,,,,,,,,,,,,,,,,1,,,,,,,,,,,NO
24301,,,,,,,,,,,,,,,,,,NO,NO,NO,NO,NO,NINGUNO,NO,NO,NO,,,NO,NO,NO,NO,NO,NO,NO,NO,VÉRTICE,NO,NO,NO,NO,NO,NO,NO,NO,NO,NO,NO,NO,,,,,,,,,,,,,NO,,,,,,,,,,,,,,,,,,,,,,1,,,,,,,,,,,NO
24302,,,,,,,,,,,,,,,,,,NO,NO,NO,NO,NO,NINGUNO,NO,NO,NO,,,NO,NO,NO,NO,NO,NO,NO,NO,VÉRTICE,NO,NO,NO,NO,NO,NO,NO,NO,NO,NO,NO,NO,,,,,,,,,,,,,NO,,,,,,,,,,,,,,,,,,,,,,1,,,,,,,,,,,NO
24303,,,,,,,,,,,,,,,,,,NO,NO,NO,NO,NO,NINGUNO,NO,NO,NO,,,NO,NO,NO,NO,NO,NO,NO,NO,VÉRTICE,NO,NO,NO,NO,NO,NO,NO,NO,NO,NO,NO,NO,,,,,,,,,,,,,NO,,,,,,,,,,,,,,,,,,,,,,1,,,,,,,,,,,NO
24304,,,,,,,,,,,,,,,,,,NO,NO,NO,NO,NO,NINGUNO,NO,NO,NO,,,NO,NO,NO,NO,NO,NO,NO,NO,VÉRTICE,NO,NO,NO,NO,NO,NO,NO,NO,NO,NO,NO,NO,,,,,,,,,,,,,NO,,,,,,,,,,,,,,,,,,,,,,1,,,,,,,,,,,NO
24305,,,,,,,,,,,,,,,,,,NO,NO,NO,NO,NO,NINGUNO,NO,NO,NO,,,NO,NO,NO,NO,NO,NO,NO,NO,VÉRTICE,NO,NO,NO,NO,NO,NO,NO,NO,NO,NO,NO,NO,,,,,,,,,,,,,NO,,,,,,,,,,,,,,,,,,,,,,1,,,,,,,,,,,NO
24306,,,,,,,,,,,,,,,,,,NO,NO,NO,NO,NO,NINGUNO,NO,NO,NO,,,NO,NO,NO,NO,NO,NO,NO,NO,VÉRTICE,NO,NO,NO,NO,NO,NO,NO,NO,NO,NO,NO,NO,,,,,,,,,,,,,NO,,,,,,,,,,,,,,,,,,,,,,1,,,,,,,,,,,NO
24307,,,,,,,,,,,,,,,,,,NO,NO,NO,NO,NO,NINGUNO,NO,NO,NO,,,NO,NO,NO,NO,NO,NO,NO,NO,VÉRTICE,NO,NO,NO,NO,NO,NO,NO,NO,NO,NO,NO,NO,,,,,,,,,,,,,NO,,,,,,,,,,,,,,,,,,,,,,1,,,,,,,,,,,NO
24308,,,,,,,,,,,,,,,,,,NO,NO,NO,NO,NO,NINGUNO,NO,NO,NO,,,NO,NO,NO,NO,NO,NO,NO,NO,VÉRTICE,NO,NO,NO,NO,NO,NO,NO,NO,NO,NO,NO,NO,,,,,,,,,,,,,NO,,,,,,,,,,,,,,,,,,,,,,1,,,,,,,,,,,NO
24309,,,,,,,,,,,,,,,,,,NO,NO,NO,NO,NO,NINGUNO,NO,NO,NO,,,NO,NO,NO,NO,NO,NO,NO,NO,VÉRTICE,NO,NO,NO,NO,NO,NO,NO,NO,NO,NO,NO,NO,,,,,,,,,,,,,NO,,,,,,,,,,,,,,,,,,,,,,1,,,,,,,,,,,NO
24310,,,,,,,,,,,,,,,,,,NO,NO,NO,NO,NO,NINGUNO,NO,NO,NO,,,NO,NO,NO,NO,NO,NO,NO,NO,VÉRTICE,NO,NO,NO,NO,NO,NO,NO,NO,NO,NO,NO,NO,,,,,,,,,,,,,NO,,,,,,,,,,,,,,,,,,,,,,1,,,,,,,,,,,NO
24311,,,,,,,,,,,,,,,,,,NO,NO,NO,NO,NO,NINGUNO,NO,NO,NO,,,NO,NO,NO,NO,NO,NO,NO,NO,VÉRTICE,NO,NO,NO,NO,NO,NO,NO,NO,NO,NO,NO,NO,,,,,,,,,,,,,NO,,,,,,,,,,,,,,,,,,,,,,1,,,,,,,,,,,NO
24312,,,,,,,,,,,,,,,,,,NO,NO,NO,NO,NO,NINGUNO,NO,NO,NO,,,NO,NO,NO,NO,NO,NO,NO,NO,VÉRTICE,NO,NO,NO,NO,NO,NO,NO,NO,NO,NO,NO,NO,,,,,,,,,,,,,NO,,,,,,,,,,,,,,,,,,,,,,1,,,,,,,,,,,NO
24313,,,,,,,,,,,,,,,,,,NO,NO,NO,NO,NO,NINGUNO,NO,NO,NO,,,NO,NO,NO,NO,NO,NO,NO,NO,VÉRTICE,NO,NO,NO,NO,NO,NO,NO,NO,NO,NO,NO,NO,,,,,,,,,,,,,NO,,,,,,,,,,,,,,,,,,,,,,1,,,,,,,,,,,NO
24314,,,,,,,,,,,,,,,,,,NO,NO,NO,NO,NO,NINGUNO,NO,NO,NO,,,NO,NO,NO,NO,NO,NO,NO,NO,VÉRTICE,NO,NO,NO,NO,NO,NO,NO,NO,NO,NO,NO,NO,,,,,,,,,,,,,NO,,,,,,,,,,,,,,,,,,,,,,1,,,,,,,,,,,NO
24315,,,,,,,,,,,,,,,,,,NO,NO,NO,NO,NO,NINGUNO,NO,NO,NO,,,NO,NO,NO,NO,NO,NO,NO,NO,VÉRTICE,NO,NO,NO,NO,NO,NO,NO,NO,NO,NO,NO,NO,,,,,,,,,,,,,NO,,,,,,,,,,,,,,,,,,,,,,1,,,,,,,,,,,NO
24316,,,,,,,,,,,,,,,,,,NO,NO,NO,NO,NO,NINGUNO,NO,NO,NO,,,NO,NO,NO,NO,NO,NO,NO,NO,VÉRTICE,NO,NO,NO,NO,NO,NO,NO,NO,NO,NO,NO,NO,,,,,,,,,,,,,NO,,,,,,,,,,,,,,,,,,,,,,1,,,,,,,,,,,NO
24317,,,,,,,,,,,,,,,,,,NO,NO,NO,NO,NO,NINGUNO,NO,NO,NO,,,NO,NO,NO,NO,NO,NO,NO,NO,VÉRTICE,NO,NO,NO,NO,NO,NO,NO,NO,NO,NO,NO,NO,,,,,,,,,,,,,NO,,,,,,,,,,,,,,,,,,,,,,1,,,,,,,,,,,NO
24318,,,,,,,,,,,,,,,,,,NO,NO,NO,NO,NO,NINGUNO,NO,NO,NO,,,NO,NO,NO,NO,NO,NO,NO,NO,VÉRTICE,NO,NO,NO,NO,NO,NO,NO,NO,NO,NO,NO,NO,,,,,,,,,,,,,NO,,,,,,,,,,,,,,,,,,,,,,1,,,,,,,,,,,NO
24319,,,,,,,,,,,,,,,,,,NO,NO,NO,NO,NO,NINGUNO,NO,NO,NO,,,NO,NO,NO,NO,NO,NO,NO,NO,VÉRTICE,NO,NO,NO,NO,NO,NO,NO,NO,NO,NO,NO,NO,,,,,,,,,,,,,NO,,,,,,,,,,,,,,,,,,,,,,1,,,,,,,,,,,NO
24320,,,,,,,,,,,,,,,,,,NO,NO,NO,NO,NO,NINGUNO,NO,NO,NO,,,NO,NO,NO,NO,NO,NO,NO,NO,VÉRTICE,NO,NO,NO,NO,NO,NO,NO,NO,NO,NO,NO,NO,,,,,,,,,,,,,NO,,,,,,,,,,,,,,,,,,,,,,1,,,,,,,,,,,NO
24321,,,,,,,,,,,,,,,,,,NO,NO,NO,NO,NO,NINGUNO,NO,NO,NO,,,NO,NO,NO,NO,NO,NO,NO,NO,VÉRTICE,NO,NO,NO,NO,NO,NO,NO,NO,NO,NO,NO,NO,,,,,,,,,,,,,NO,,,,,,,,,,,,,,,,,,,,,,1,,,,,,,,,,,NO
24322,,,,,,,,,,,,,,,,,,NO,NO,NO,NO,NO,NINGUNO,NO,NO,NO,,,NO,NO,NO,NO,NO,NO,NO,NO,VÉRTICE,NO,NO,NO,NO,NO,NO,NO,NO,NO,NO,NO,NO,,,,,,,,,,,,,NO,,,,,,,,,,,,,,,,,,,,,,1,,,,,,,,,,,NO
24323,,,,,,,,,,,,,,,,,,NO,NO,NO,NO,NO,NINGUNO,NO,NO,NO,,,NO,NO,NO,NO,NO,NO,NO,NO,VÉRTICE,NO,NO,NO,NO,NO,NO,NO,NO,NO,NO,NO,NO,,,,,,,,,,,,,NO,,,,,,,,,,,,,,,,,,,,,,1,,,,,,,,,,,NO
24324,,,,,,,,,,,,,,,,,,NO,NO,NO,NO,NO,NINGUNO,NO,NO,NO,,,NO,NO,NO,NO,NO,NO,NO,NO,VÉRTICE,NO,NO,NO,NO,NO,NO,NO,NO,NO,NO,NO,NO,,,,,,,,,,,,,NO,,,,,,,,,,,,,,,,,,,,,,1,,,,,,,,,,,NO
24325,,,,,,,,,,,,,,,,,,NO,NO,NO,NO,NO,NINGUNO,NO,NO,NO,,,NO,NO,NO,NO,NO,NO,NO,NO,VÉRTICE,NO,NO,NO,NO,NO,NO,NO,NO,NO,NO,NO,NO,,,,,,,,,,,,,NO,,,,,,,,,,,,,,,,,,,,,,1,,,,,,,,,,,NO
24326,,,,,,,,,,,,,,,,,,NO,NO,NO,NO,NO,NINGUNO,NO,NO,NO,,,NO,NO,NO,NO,NO,NO,NO,NO,VÉRTICE,NO,NO,NO,NO,NO,NO,NO,NO,NO,NO,NO,NO,,,,,,,,,,,,,NO,,,,,,,,,,,,,,,,,,,,,,1,,,,,,,,,,,NO
24327,,,,,,,,,,,,,,,,,,NO,NO,NO,NO,NO,NINGUNO,NO,NO,NO,,,NO,NO,NO,NO,NO,NO,NO,NO,VÉRTICE,NO,NO,NO,NO,NO,NO,NO,NO,NO,NO,NO,NO,,,,,,,,,,,,,NO,,,,,,,,,,,,,,,,,,,,,,1,,,,,,,,,,,NO
24328,,,,,,,,,,,,,,,,,,NO,NO,NO,NO,NO,NINGUNO,NO,NO,NO,,,NO,NO,NO,NO,NO,NO,NO,NO,VÉRTICE,NO,NO,NO,NO,NO,NO,NO,NO,NO,NO,NO,NO,,,,,,,,,,,,,NO,,,,,,,,,,,,,,,,,,,,,,1,,,,,,,,,,,NO
24329,,,,,,,,,,,,,,,,,,NO,NO,NO,NO,NO,NINGUNO,NO,NO,NO,,,NO,NO,NO,NO,NO,NO,NO,NO,VÉRTICE,NO,NO,NO,NO,NO,NO,NO,NO,NO,NO,NO,NO,,,,,,,,,,,,,NO,,,,,,,,,,,,,,,,,,,,,,1,,,,,,,,,,,NO
24330,,,,,,,,,,,,,,,,,,NO,NO,NO,NO,NO,NINGUNO,NO,NO,NO,,,NO,NO,NO,NO,NO,NO,NO,NO,VÉRTICE,NO,NO,NO,NO,NO,NO,NO,NO,NO,NO,NO,NO,,,,,,,,,,,,,NO,,,,,,,,,,,,,,,,,,,,,,1,,,,,,,,,,,NO
24331,,,,,,,,,,,,,,,,,,NO,NO,NO,NO,NO,NINGUNO,NO,NO,NO,,,NO,NO,NO,NO,NO,NO,NO,NO,VÉRTICE,NO,NO,NO,NO,NO,NO,NO,NO,NO,NO,NO,NO,,,,,,,,,,,,,NO,,,,,,,,,,,,,,,,,,,,,,1,,,,,,,,,,,NO
24332,,,,,,,,,,,,,,,,,,NO,NO,NO,NO,NO,NINGUNO,NO,NO,NO,,,NO,NO,NO,NO,NO,NO,NO,NO,VÉRTICE,NO,NO,NO,NO,NO,NO,NO,NO,NO,NO,NO,NO,,,,,,,,,,,,,NO,,,,,,,,,,,,,,,,,,,,,,1,,,,,,,,,,,NO
24333,,,,,,,,,,,,,,,,,,NO,NO,NO,NO,NO,NINGUNO,NO,NO,NO,,,NO,NO,NO,NO,NO,NO,NO,NO,VÉRTICE,NO,NO,NO,NO,NO,NO,NO,NO,NO,NO,NO,NO,,,,,,,,,,,,,NO,,,,,,,,,,,,,,,,,,,,,,1,,,,,,,,,,,NO
24334,,,,,,,,,,,,,,,,,,NO,NO,NO,NO,NO,NINGUNO,NO,NO,NO,,,NO,NO,NO,NO,NO,NO,NO,NO,VÉRTICE,NO,NO,NO,NO,NO,NO,NO,NO,NO,NO,NO,NO,,,,,,,,,,,,,NO,,,,,,,,,,,,,,,,,,,,,,1,,,,,,,,,,,NO
24335,,,,,,,,,,,,,,,,,,NO,NO,NO,NO,NO,NINGUNO,NO,NO,NO,,,NO,NO,NO,NO,NO,NO,NO,NO,VÉRTICE,NO,NO,NO,NO,NO,NO,NO,NO,NO,NO,NO,NO,,,,,,,,,,,,,NO,,,,,,,,,,,,,,,,,,,,,,1,,,,,,,,,,,NO
24336,,,,,,,,,,,,,,,,,,NO,NO,NO,NO,NO,NINGUNO,NO,NO,NO,,,NO,NO,NO,NO,NO,NO,NO,NO,VÉRTICE,NO,NO,NO,NO,NO,NO,NO,NO,NO,NO,NO,NO,,,,,,,,,,,,,NO,,,,,,,,,,,,,,,,,,,,,,1,,,,,,,,,,,NO
24337,,,,,,,,,,,,,,,,,,NO,NO,NO,NO,NO,NINGUNO,NO,NO,NO,,,NO,NO,NO,NO,NO,NO,NO,NO,VÉRTICE,NO,NO,NO,NO,NO,NO,NO,NO,NO,NO,NO,NO,,,,,,,,,,,,,NO,,,,,,,,,,,,,,,,,,,,,,1,,,,,,,,,,,NO
24338,,,,,,,,,,,,,,,,,,NO,NO,NO,NO,NO,NINGUNO,NO,NO,NO,,,NO,NO,NO,NO,NO,NO,NO,NO,VÉRTICE,NO,NO,NO,NO,NO,NO,NO,NO,NO,NO,NO,NO,,,,,,,,,,,,,NO,,,,,,,,,,,,,,,,,,,,,,1,,,,,,,,,,,NO
24339,,,,,,,,,,,,,,,,,,NO,NO,NO,NO,NO,NINGUNO,NO,NO,NO,,,NO,NO,NO,NO,NO,NO,NO,NO,VÉRTICE,NO,NO,NO,NO,NO,NO,NO,NO,NO,NO,NO,NO,,,,,,,,,,,,,NO,,,,,,,,,,,,,,,,,,,,,,1,,,,,,,,,,,NO
24340,,,,,,,,,,,,,,,,,,NO,NO,NO,NO,NO,NINGUNO,NO,NO,NO,,,NO,NO,NO,NO,NO,NO,NO,NO,VÉRTICE,NO,NO,NO,NO,NO,NO,NO,NO,NO,NO,NO,NO,,,,,,,,,,,,,NO,,,,,,,,,,,,,,,,,,,,,,1,,,,,,,,,,,NO
24341,,,,,,,,,,,,,,,,,,NO,NO,NO,NO,NO,NINGUNO,NO,NO,NO,,,NO,NO,NO,NO,NO,NO,NO,NO,VÉRTICE,NO,NO,NO,NO,NO,NO,NO,NO,NO,NO,NO,NO,,,,,,,,,,,,,NO,,,,,,,,,,,,,,,,,,,,,,1,,,,,,,,,,,NO
24342,,,,,,,,,,,,,,,,,,NO,NO,NO,NO,NO,NINGUNO,NO,NO,NO,,,NO,NO,NO,NO,NO,NO,NO,NO,VÉRTICE,NO,NO,NO,NO,NO,NO,NO,NO,NO,NO,NO,NO,,,,,,,,,,,,,NO,,,,,,,,,,,,,,,,,,,,,,1,,,,,,,,,,,NO
24343,,,,,,,,,,,,,,,,,,NO,NO,NO,NO,NO,NINGUNO,NO,NO,NO,,,NO,NO,NO,NO,NO,NO,NO,NO,VÉRTICE,NO,NO,NO,NO,NO,NO,NO,NO,NO,NO,NO,NO,,,,,,,,,,,,,NO,,,,,,,,,,,,,,,,,,,,,,1,,,,,,,,,,,NO
24344,,,,,,,,,,,,,,,,,,NO,NO,NO,NO,NO,NINGUNO,NO,NO,NO,,,NO,NO,NO,NO,NO,NO,NO,NO,VÉRTICE,NO,NO,NO,NO,NO,NO,NO,NO,NO,NO,NO,NO,,,,,,,,,,,,,NO,,,,,,,,,,,,,,,,,,,,,,1,,,,,,,,,,,NO
24345,,,,,,,,,,,,,,,,,,NO,NO,NO,NO,NO,NINGUNO,NO,NO,NO,,,NO,NO,NO,NO,NO,NO,NO,NO,VÉRTICE,NO,NO,NO,NO,NO,NO,NO,NO,NO,NO,NO,NO,,,,,,,,,,,,,NO,,,,,,,,,,,,,,,,,,,,,,1,,,,,,,,,,,NO
24346,,,,,,,,,,,,,,,,,,NO,NO,NO,NO,NO,NINGUNO,NO,NO,NO,,,NO,NO,NO,NO,NO,NO,NO,NO,VÉRTICE,NO,NO,NO,NO,NO,NO,NO,NO,NO,NO,NO,NO,,,,,,,,,,,,,NO,,,,,,,,,,,,,,,,,,,,,,1,,,,,,,,,,,NO
24347,,,,,,,,,,,,,,,,,,NO,NO,NO,NO,NO,NINGUNO,NO,NO,NO,,,NO,NO,NO,NO,NO,NO,NO,NO,VÉRTICE,NO,NO,NO,NO,NO,NO,NO,NO,NO,NO,NO,NO,,,,,,,,,,,,,NO,,,,,,,,,,,,,,,,,,,,,,1,,,,,,,,,,,NO
24348,,,,,,,,,,,,,,,,,,NO,NO,NO,NO,NO,NINGUNO,NO,NO,NO,,,NO,NO,NO,NO,NO,NO,NO,NO,VÉRTICE,NO,NO,NO,NO,NO,NO,NO,NO,NO,NO,NO,NO,,,,,,,,,,,,,NO,,,,,,,,,,,,,,,,,,,,,,1,,,,,,,,,,,NO
24349,,,,,,,,,,,,,,,,,,NO,NO,NO,NO,NO,NINGUNO,NO,NO,NO,,,NO,NO,NO,NO,NO,NO,NO,NO,VÉRTICE,NO,NO,NO,NO,NO,NO,NO,NO,NO,NO,NO,NO,,,,,,,,,,,,,NO,,,,,,,,,,,,,,,,,,,,,,1,,,,,,,,,,,NO
24350,,,,,,,,,,,,,,,,,,NO,NO,NO,NO,NO,NINGUNO,NO,NO,NO,,,NO,NO,NO,NO,NO,NO,NO,NO,VÉRTICE,NO,NO,NO,NO,NO,NO,NO,NO,NO,NO,NO,NO,,,,,,,,,,,,,NO,,,,,,,,,,,,,,,,,,,,,,1,,,,,,,,,,,NO
24351,,,,,,,,,,,,,,,,,,NO,NO,NO,NO,NO,NINGUNO,NO,NO,NO,,,NO,NO,NO,NO,NO,NO,NO,NO,VÉRTICE,NO,NO,NO,NO,NO,NO,NO,NO,NO,NO,NO,NO,,,,,,,,,,,,,NO,,,,,,,,,,,,,,,,,,,,,,1,,,,,,,,,,,NO
24352,,,,,,,,,,,,,,,,,,NO,NO,NO,NO,NO,NINGUNO,NO,NO,NO,,,NO,NO,NO,NO,NO,NO,NO,NO,VÉRTICE,NO,NO,NO,NO,NO,NO,NO,NO,NO,NO,NO,NO,,,,,,,,,,,,,NO,,,,,,,,,,,,,,,,,,,,,,1,,,,,,,,,,,NO
24353,,,,,,,,,,,,,,,,,,NO,NO,NO,NO,NO,NINGUNO,NO,NO,NO,,,NO,NO,NO,NO,NO,NO,NO,NO,VÉRTICE,NO,NO,NO,NO,NO,NO,NO,NO,NO,NO,NO,NO,,,,,,,,,,,,,NO,,,,,,,,,,,,,,,,,,,,,,1,,,,,,,,,,,NO
24354,,,,,,,,,,,,,,,,,,NO,NO,NO,NO,NO,NINGUNO,NO,NO,NO,,,NO,NO,NO,NO,NO,NO,NO,NO,VÉRTICE,NO,NO,NO,NO,NO,NO,NO,NO,NO,NO,NO,NO,,,,,,,,,,,,,NO,,,,,,,,,,,,,,,,,,,,,,1,,,,,,,,,,,NO
24355,,,,,,,,,,,,,,,,,,NO,NO,NO,NO,NO,NINGUNO,NO,NO,NO,,,NO,NO,NO,NO,NO,NO,NO,NO,VÉRTICE,NO,NO,NO,NO,NO,NO,NO,NO,NO,NO,NO,NO,,,,,,,,,,,,,NO,,,,,,,,,,,,,,,,,,,,,,1,,,,,,,,,,,NO
24356,,,,,,,,,,,,,,,,,,NO,NO,NO,NO,NO,NINGUNO,NO,NO,NO,,,NO,NO,NO,NO,NO,NO,NO,NO,VÉRTICE,NO,NO,NO,NO,NO,NO,NO,NO,NO,NO,NO,NO,,,,,,,,,,,,,NO,,,,,,,,,,,,,,,,,,,,,,1,,,,,,,,,,,NO
24357,,,,,,,,,,,,,,,,,,NO,NO,NO,NO,NO,NINGUNO,NO,NO,NO,,,NO,NO,NO,NO,NO,NO,NO,NO,VÉRTICE,NO,NO,NO,NO,NO,NO,NO,NO,NO,NO,NO,NO,,,,,,,,,,,,,NO,,,,,,,,,,,,,,,,,,,,,,1,,,,,,,,,,,NO
24358,,,,,,,,,,,,,,,,,,NO,NO,NO,NO,NO,NINGUNO,NO,NO,NO,,,NO,NO,NO,NO,NO,NO,NO,NO,VÉRTICE,NO,NO,NO,NO,NO,NO,NO,NO,NO,NO,NO,NO,,,,,,,,,,,,,NO,,,,,,,,,,,,,,,,,,,,,,1,,,,,,,,,,,NO
24359,,,,,,,,,,,,,,,,,,NO,NO,NO,NO,NO,NINGUNO,NO,NO,NO,,,NO,NO,NO,NO,NO,NO,NO,NO,VÉRTICE,NO,NO,NO,NO,NO,NO,NO,NO,NO,NO,NO,NO,,,,,,,,,,,,,NO,,,,,,,,,,,,,,,,,,,,,,1,,,,,,,,,,,NO
24360,,,,,,,,,,,,,,,,,,NO,NO,NO,NO,NO,NINGUNO,NO,NO,NO,,,NO,NO,NO,NO,NO,NO,NO,NO,VÉRTICE,NO,NO,NO,NO,NO,NO,NO,NO,NO,NO,NO,NO,,,,,,,,,,,,,NO,,,,,,,,,,,,,,,,,,,,,,1,,,,,,,,,,,NO
24361,,,,,,,,,,,,,,,,,,NO,NO,NO,NO,NO,NINGUNO,NO,NO,NO,,,NO,NO,NO,NO,NO,NO,NO,NO,VÉRTICE,NO,NO,NO,NO,NO,NO,NO,NO,NO,NO,NO,NO,,,,,,,,,,,,,NO,,,,,,,,,,,,,,,,,,,,,,1,,,,,,,,,,,NO
24362,,,,,,,,,,,,,,,,,,NO,NO,NO,NO,NO,NINGUNO,NO,NO,NO,,,NO,NO,NO,NO,NO,NO,NO,NO,VÉRTICE,NO,NO,NO,NO,NO,NO,NO,NO,NO,NO,NO,NO,,,,,,,,,,,,,NO,,,,,,,,,,,,,,,,,,,,,,1,,,,,,,,,,,NO
24363,,,,,,,,,,,,,,,,,,NO,NO,NO,NO,NO,NINGUNO,NO,NO,NO,,,NO,NO,NO,NO,NO,NO,NO,NO,VÉRTICE,NO,NO,NO,NO,NO,NO,NO,NO,NO,NO,NO,NO,,,,,,,,,,,,,NO,,,,,,,,,,,,,,,,,,,,,,1,,,,,,,,,,,NO
24364,,,,,,,,,,,,,,,,,,NO,NO,NO,NO,NO,NINGUNO,NO,NO,NO,,,NO,NO,NO,NO,NO,NO,NO,NO,VÉRTICE,NO,NO,NO,NO,NO,NO,NO,NO,NO,NO,NO,NO,,,,,,,,,,,,,NO,,,,,,,,,,,,,,,,,,,,,,1,,,,,,,,,,,NO
24365,,,,,,,,,,,,,,,,,,NO,NO,NO,NO,NO,NINGUNO,NO,NO,NO,,,NO,NO,NO,NO,NO,NO,NO,NO,VÉRTICE,NO,NO,NO,NO,NO,NO,NO,NO,NO,NO,NO,NO,,,,,,,,,,,,,NO,,,,,,,,,,,,,,,,,,,,,,1,,,,,,,,,,,NO
24366,,,,,,,,,,,,,,,,,,NO,NO,NO,NO,NO,NINGUNO,NO,NO,NO,,,NO,NO,NO,NO,NO,NO,NO,NO,VÉRTICE,NO,NO,NO,NO,NO,NO,NO,NO,NO,NO,NO,NO,,,,,,,,,,,,,NO,,,,,,,,,,,,,,,,,,,,,,1,,,,,,,,,,,NO
24367,,,,,,,,,,,,,,,,,,NO,NO,NO,NO,NO,NINGUNO,NO,NO,NO,,,NO,NO,NO,NO,NO,NO,NO,NO,VÉRTICE,NO,NO,NO,NO,NO,NO,NO,NO,NO,NO,NO,NO,,,,,,,,,,,,,NO,,,,,,,,,,,,,,,,,,,,,,1,,,,,,,,,,,NO
24368,,,,,,,,,,,,,,,,,,NO,NO,NO,NO,NO,NINGUNO,NO,NO,NO,,,NO,NO,NO,NO,NO,NO,NO,NO,VÉRTICE,NO,NO,NO,NO,NO,NO,NO,NO,NO,NO,NO,NO,,,,,,,,,,,,,NO,,,,,,,,,,,,,,,,,,,,,,1,,,,,,,,,,,NO
24369,,,,,,,,,,,,,,,,,,NO,NO,NO,NO,NO,NINGUNO,NO,NO,NO,,,NO,NO,NO,NO,NO,NO,NO,NO,VÉRTICE,NO,NO,NO,NO,NO,NO,NO,NO,NO,NO,NO,NO,,,,,,,,,,,,,NO,,,,,,,,,,,,,,,,,,,,,,1,,,,,,,,,,,NO
24370,,,,,,,,,,,,,,,,,,NO,NO,NO,NO,NO,NINGUNO,NO,NO,NO,,,NO,NO,NO,NO,NO,NO,NO,NO,VÉRTICE,NO,NO,NO,NO,NO,NO,NO,NO,NO,NO,NO,NO,,,,,,,,,,,,,NO,,,,,,,,,,,,,,,,,,,,,,1,,,,,,,,,,,NO
24371,,,,,,,,,,,,,,,,,,NO,NO,NO,NO,NO,NINGUNO,NO,NO,NO,,,NO,NO,NO,NO,NO,NO,NO,NO,VÉRTICE,NO,NO,NO,NO,NO,NO,NO,NO,NO,NO,NO,NO,,,,,,,,,,,,,NO,,,,,,,,,,,,,,,,,,,,,,1,,,,,,,,,,,NO
24372,,,,,,,,,,,,,,,,,,NO,NO,NO,NO,NO,NINGUNO,NO,NO,NO,,,NO,NO,NO,NO,NO,NO,NO,NO,VÉRTICE,NO,NO,NO,NO,NO,NO,NO,NO,NO,NO,NO,NO,,,,,,,,,,,,,NO,,,,,,,,,,,,,,,,,,,,,,1,,,,,,,,,,,NO
24373,,,,,,,,,,,,,,,,,,NO,NO,NO,NO,NO,NINGUNO,NO,NO,NO,,,NO,NO,NO,NO,NO,NO,NO,NO,VÉRTICE,NO,NO,NO,NO,NO,NO,NO,NO,NO,NO,NO,NO,,,,,,,,,,,,,NO,,,,,,,,,,,,,,,,,,,,,,1,,,,,,,,,,,NO
24374,,,,,,,,,,,,,,,,,,NO,NO,NO,NO,NO,NINGUNO,NO,NO,NO,,,NO,NO,NO,NO,NO,NO,NO,NO,VÉRTICE,NO,NO,NO,NO,NO,NO,NO,NO,NO,NO,NO,NO,,,,,,,,,,,,,NO,,,,,,,,,,,,,,,,,,,,,,1,,,,,,,,,,,NO
24375,,,,,,,,,,,,,,,,,,NO,NO,NO,NO,NO,NINGUNO,NO,NO,NO,,,NO,NO,NO,NO,NO,NO,NO,NO,VÉRTICE,NO,NO,NO,NO,NO,NO,NO,NO,NO,NO,NO,NO,,,,,,,,,,,,,NO,,,,,,,,,,,,,,,,,,,,,,1,,,,,,,,,,,NO
24376,,,,,,,,,,,,,,,,,,NO,NO,NO,NO,NO,NINGUNO,NO,NO,NO,,,NO,NO,NO,NO,NO,NO,NO,NO,VÉRTICE,NO,NO,NO,NO,NO,NO,NO,NO,NO,NO,NO,NO,,,,,,,,,,,,,NO,,,,,,,,,,,,,,,,,,,,,,1,,,,,,,,,,,NO
24377,,,,,,,,,,,,,,,,,,NO,NO,NO,NO,NO,NINGUNO,NO,NO,NO,,,NO,NO,NO,NO,NO,NO,NO,NO,VÉRTICE,NO,NO,NO,NO,NO,NO,NO,NO,NO,NO,NO,NO,,,,,,,,,,,,,NO,,,,,,,,,,,,,,,,,,,,,,1,,,,,,,,,,,NO
24378,,,,,,,,,,,,,,,,,,NO,NO,NO,NO,NO,NINGUNO,NO,NO,NO,,,NO,NO,NO,NO,NO,NO,NO,NO,VÉRTICE,NO,NO,NO,NO,NO,NO,NO,NO,NO,NO,NO,NO,,,,,,,,,,,,,NO,,,,,,,,,,,,,,,,,,,,,,1,,,,,,,,,,,NO
24379,,,,,,,,,,,,,,,,,,NO,NO,NO,NO,NO,NINGUNO,NO,NO,NO,,,NO,NO,NO,NO,NO,NO,NO,NO,VÉRTICE,NO,NO,NO,NO,NO,NO,NO,NO,NO,NO,NO,NO,,,,,,,,,,,,,NO,,,,,,,,,,,,,,,,,,,,,,1,,,,,,,,,,,NO
24380,,,,,,,,,,,,,,,,,,NO,NO,NO,NO,NO,NINGUNO,NO,NO,NO,,,NO,NO,NO,NO,NO,NO,NO,NO,VÉRTICE,NO,NO,NO,NO,NO,NO,NO,NO,NO,NO,NO,NO,,,,,,,,,,,,,NO,,,,,,,,,,,,,,,,,,,,,,1,,,,,,,,,,,NO
24381,,,,,,,,,,,,,,,,,,NO,NO,NO,NO,NO,NINGUNO,NO,NO,NO,,,NO,NO,NO,NO,NO,NO,NO,NO,VÉRTICE,NO,NO,NO,NO,NO,NO,NO,NO,NO,NO,NO,NO,,,,,,,,,,,,,NO,,,,,,,,,,,,,,,,,,,,,,1,,,,,,,,,,,NO
24382,,,,,,,,,,,,,,,,,,NO,NO,NO,NO,NO,NINGUNO,NO,NO,NO,,,NO,NO,NO,NO,NO,NO,NO,NO,VÉRTICE,NO,NO,NO,NO,NO,NO,NO,NO,NO,NO,NO,NO,,,,,,,,,,,,,NO,,,,,,,,,,,,,,,,,,,,,,1,,,,,,,,,,,NO
24383,,,,,,,,,,,,,,,,,,NO,NO,NO,NO,NO,NINGUNO,NO,NO,NO,,,NO,NO,NO,NO,NO,NO,NO,NO,VÉRTICE,NO,NO,NO,NO,NO,NO,NO,NO,NO,NO,NO,NO,,,,,,,,,,,,,NO,,,,,,,,,,,,,,,,,,,,,,1,,,,,,,,,,,NO
24384,,,,,,,,,,,,,,,,,,NO,NO,NO,NO,NO,NINGUNO,NO,NO,NO,,,NO,NO,NO,NO,NO,NO,NO,NO,VÉRTICE,NO,NO,NO,NO,NO,NO,NO,NO,NO,NO,NO,NO,,,,,,,,,,,,,NO,,,,,,,,,,,,,,,,,,,,,,1,,,,,,,,,,,NO
24385,,,,,,,,,,,,,,,,,,NO,NO,NO,NO,NO,NINGUNO,NO,NO,NO,,,NO,NO,NO,NO,NO,NO,NO,NO,VÉRTICE,NO,NO,NO,NO,NO,NO,NO,NO,NO,NO,NO,NO,,,,,,,,,,,,,NO,,,,,,,,,,,,,,,,,,,,,,1,,,,,,,,,,,NO
24386,,,,,,,,,,,,,,,,,,NO,NO,NO,NO,NO,NINGUNO,NO,NO,NO,,,NO,NO,NO,NO,NO,NO,NO,NO,VÉRTICE,NO,NO,NO,NO,NO,NO,NO,NO,NO,NO,NO,NO,,,,,,,,,,,,,NO,,,,,,,,,,,,,,,,,,,,,,1,,,,,,,,,,,NO
24387,,,,,,,,,,,,,,,,,,NO,NO,NO,NO,NO,NINGUNO,NO,NO,NO,,,NO,NO,NO,NO,NO,NO,NO,NO,VÉRTICE,NO,NO,NO,NO,NO,NO,NO,NO,NO,NO,NO,NO,,,,,,,,,,,,,NO,,,,,,,,,,,,,,,,,,,,,,1,,,,,,,,,,,NO
24388,,,,,,,,,,,,,,,,,,NO,NO,NO,NO,NO,NINGUNO,NO,NO,NO,,,NO,NO,NO,NO,NO,NO,NO,NO,VÉRTICE,NO,NO,NO,NO,NO,NO,NO,NO,NO,NO,NO,NO,,,,,,,,,,,,,NO,,,,,,,,,,,,,,,,,,,,,,1,,,,,,,,,,,NO
24389,,,,,,,,,,,,,,,,,,NO,NO,NO,NO,NO,NINGUNO,NO,NO,NO,,,NO,NO,NO,NO,NO,NO,NO,NO,VÉRTICE,NO,NO,NO,NO,NO,NO,NO,NO,NO,NO,NO,NO,,,,,,,,,,,,,NO,,,,,,,,,,,,,,,,,,,,,,1,,,,,,,,,,,NO
24390,,,,,,,,,,,,,,,,,,NO,NO,NO,NO,NO,NINGUNO,NO,NO,NO,,,NO,NO,NO,NO,NO,NO,NO,NO,VÉRTICE,NO,NO,NO,NO,NO,NO,NO,NO,NO,NO,NO,NO,,,,,,,,,,,,,NO,,,,,,,,,,,,,,,,,,,,,,1,,,,,,,,,,,NO
24391,,,,,,,,,,,,,,,,,,NO,NO,NO,NO,NO,NINGUNO,NO,NO,NO,,,NO,NO,NO,NO,NO,NO,NO,NO,VÉRTICE,NO,NO,NO,NO,NO,NO,NO,NO,NO,NO,NO,NO,,,,,,,,,,,,,NO,,,,,,,,,,,,,,,,,,,,,,1,,,,,,,,,,,NO
24392,,,,,,,,,,,,,,,,,,NO,NO,NO,NO,NO,NINGUNO,NO,NO,NO,,,NO,NO,NO,NO,NO,NO,NO,NO,VÉRTICE,NO,NO,NO,NO,NO,NO,NO,NO,NO,NO,NO,NO,,,,,,,,,,,,,NO,,,,,,,,,,,,,,,,,,,,,,1,,,,,,,,,,,NO
